{
    "image":"game.png",
    "width":1024,
    "height":1024,
    "selectTab":{
        "id":"01"
    },
    "selectColor":{
        "id":"FCCFCA",
        "color":"#FCCFCA"
    },
    "list":[
        {
            "x":0,
            "y":0,
            "w":1024,
            "h":682,
            "index":0
        },
        {
            "x":771,
            "y":173,
            "w":16,
            "h":4,
            "index":1
        },
        {
            "x":594,
            "y":185,
            "w":137,
            "h":87,
            "index":2
        },
        {
            "x":678,
            "y":186,
            "w":156,
            "h":138,
            "index":3
        },
        {
            "x":815,
            "y":196,
            "w":98,
            "h":129,
            "index":4
        },
        {
            "x":46,
            "y":206,
            "w":421,
            "h":476,
            "index":5
        },
        {
            "x":524,
            "y":271,
            "w":471,
            "h":305,
            "index":6
        },
        {
            "x":524,
            "y":279,
            "w":292,
            "h":79,
            "index":7
        },
        {
            "x":515,
            "y":318,
            "w":44,
            "h":30,
            "index":8
        },
        {
            "x":534,
            "y":454,
            "w":196,
            "h":79,
            "index":9
        },
        {
            "x":286,
            "y":480,
            "w":19,
            "h":43,
            "index":10
        },
        {
            "x":364,
            "y":506,
            "w":24,
            "h":54,
            "index":11
        },
        {
            "x":331,
            "y":520,
            "w":22,
            "h":52,
            "index":12
        },
        {
            "x":83,
            "y":526,
            "w":14,
            "h":26,
            "index":13
        },
        {
            "x":391,
            "y":530,
            "w":27,
            "h":37,
            "index":14
        },
        {
            "x":531,
            "y":530,
            "w":203,
            "h":30,
            "index":15
        },
        {
            "x":416,
            "y":549,
            "w":24,
            "h":38,
            "index":16
        },
        {
            "x":949,
            "y":549,
            "w":16,
            "h":52,
            "index":17
        },
        {
            "x":303,
            "y":550,
            "w":24,
            "h":38,
            "index":18
        },
        {
            "x":542,
            "y":557,
            "w":179,
            "h":24,
            "index":19
        },
        {
            "x":697,
            "y":562,
            "w":202,
            "h":120,
            "index":20
        },
        {
            "x":36,
            "y":563,
            "w":106,
            "h":50,
            "index":21
        },
        {
            "x":306,
            "y":570,
            "w":109,
            "h":102,
            "index":22
        },
        {
            "x":534,
            "y":573,
            "w":157,
            "h":52,
            "index":23
        },
        {
            "x":405,
            "y":595,
            "w":63,
            "h":76,
            "index":24
        },
        {
            "x":531,
            "y":600,
            "w":164,
            "h":51,
            "index":25
        },
        {
            "x":903,
            "y":611,
            "w":89,
            "h":7,
            "index":26
        },
        {
            "x":27,
            "y":615,
            "w":123,
            "h":16,
            "index":27
        },
        {
            "x":893,
            "y":621,
            "w":105,
            "h":23,
            "index":28
        },
        {
            "x":37,
            "y":634,
            "w":104,
            "h":105,
            "index":29
        },
        {
            "x":899,
            "y":650,
            "w":95,
            "h":40,
            "index":30
        },
        {
            "x":567,
            "y":654,
            "w":184,
            "h":28,
            "index":31
        },
        {
            "x":71,
            "y":667,
            "w":37,
            "h":36,
            "index":32
        },
        {
            "x":398,
            "y":678,
            "w":32,
            "h":4,
            "index":33
        },
        {
            "x":0,
            "y":691,
            "w":1024,
            "h":333,
            "index":34
        },
        {
            "x":902,
            "y":693,
            "w":88,
            "h":57,
            "index":35
        },
        {
            "x":205,
            "y":716,
            "w":216,
            "h":81,
            "index":36
        },
        {
            "x":276,
            "y":737,
            "w":68,
            "h":28,
            "index":37
        }
    ]
}