{
    "image":"game.png",
    "width":1024,
    "height":1024,
    "selectTab":{
        "id":"01"
    },
    "selectColor":{
        "id":"FCCFCA",
        "color":"#FCCFCA"
    },
    "list":[
        {
            "x":0,
            "y":0,
            "w":1024,
            "h":1024,
            "index":0
        },
        {
            "x":336,
            "y":224,
            "w":358,
            "h":267,
            "index":1
        },
        {
            "x":355,
            "y":247,
            "w":318,
            "h":249,
            "index":2
        },
        {
            "x":491,
            "y":324,
            "w":101,
            "h":134,
            "index":3
        },
        {
            "x":423,
            "y":352,
            "w":46,
            "h":109,
            "index":4
        },
        {
            "x":334,
            "y":361,
            "w":60,
            "h":84,
            "index":5
        },
        {
            "x":627,
            "y":362,
            "w":66,
            "h":84,
            "index":6
        },
        {
            "x":737,
            "y":362,
            "w":32,
            "h":32,
            "index":7
        },
        {
            "x":470,
            "y":371,
            "w":86,
            "h":68,
            "index":8
        },
        {
            "x":485,
            "y":385,
            "w":56,
            "h":50,
            "index":9
        },
        {
            "x":279,
            "y":421,
            "w":25,
            "h":26,
            "index":10
        },
        {
            "x":536,
            "y":437,
            "w":357,
            "h":357,
            "index":11
        },
        {
            "x":231,
            "y":439,
            "w":359,
            "h":344,
            "index":12
        },
        {
            "x":551,
            "y":451,
            "w":327,
            "h":329,
            "index":13
        },
        {
            "x":480,
            "y":453,
            "w":54,
            "h":264,
            "index":14
        },
        {
            "x":514,
            "y":453,
            "w":26,
            "h":144,
            "index":15
        },
        {
            "x":533,
            "y":456,
            "w":30,
            "h":88,
            "index":16
        },
        {
            "x":464,
            "y":461,
            "w":42,
            "h":275,
            "index":17
        },
        {
            "x":434,
            "y":469,
            "w":54,
            "h":294,
            "index":18
        },
        {
            "x":568,
            "y":469,
            "w":293,
            "h":293,
            "index":19
        },
        {
            "x":563,
            "y":472,
            "w":13,
            "h":30,
            "index":20
        },
        {
            "x":322,
            "y":491,
            "w":31,
            "h":220,
            "index":21
        },
        {
            "x":339,
            "y":491,
            "w":44,
            "h":238,
            "index":22
        },
        {
            "x":290,
            "y":493,
            "w":45,
            "h":206,
            "index":23
        },
        {
            "x":367,
            "y":496,
            "w":34,
            "h":243,
            "index":24
        },
        {
            "x":419,
            "y":497,
            "w":40,
            "h":267,
            "index":25
        },
        {
            "x":384,
            "y":502,
            "w":54,
            "h":255,
            "index":26
        },
        {
            "x":653,
            "y":504,
            "w":30,
            "h":30,
            "index":27
        },
        {
            "x":275,
            "y":507,
            "w":29,
            "h":168,
            "index":28
        },
        {
            "x":741,
            "y":510,
            "w":38,
            "h":38,
            "index":29
        },
        {
            "x":255,
            "y":520,
            "w":29,
            "h":137,
            "index":30
        },
        {
            "x":247,
            "y":554,
            "w":11,
            "h":66,
            "index":31
        },
        {
            "x":688,
            "y":569,
            "w":25,
            "h":25,
            "index":32
        },
        {
            "x":805,
            "y":573,
            "w":30,
            "h":30,
            "index":33
        },
        {
            "x":597,
            "y":575,
            "w":28,
            "h":28,
            "index":34
        },
        {
            "x":162,
            "y":610,
            "w":31,
            "h":32,
            "index":35
        },
        {
            "x":737,
            "y":617,
            "w":25,
            "h":25,
            "index":36
        },
        {
            "x":631,
            "y":646,
            "w":38,
            "h":37,
            "index":37
        },
        {
            "x":781,
            "y":658,
            "w":35,
            "h":35,
            "index":38
        },
        {
            "x":537,
            "y":668,
            "w":4,
            "h":15,
            "index":39
        },
        {
            "x":702,
            "y":700,
            "w":35,
            "h":35,
            "index":40
        },
        {
            "x":228,
            "y":726,
            "w":32,
            "h":32,
            "index":41
        },
        {
            "x":534,
            "y":774,
            "w":25,
            "h":25,
            "index":42
        }
    ]
}