{
    "image":"game.png",
    "width":1024,
    "height":1024,
    "selectTab":{
        "id":"01"
    },
    "selectColor":{
        "id":"FCCFCA",
        "color":"#FCCFCA"
    },
    "list":[
        {
            "x":0,
            "y":0,
            "w":1024,
            "h":1024,
            "index":0
        },
        {
            "x":16,
            "y":0,
            "w":27,
            "h":267,
            "index":1
        },
        {
            "x":47,
            "y":0,
            "w":45,
            "h":35,
            "index":2
        },
        {
            "x":84,
            "y":0,
            "w":190,
            "h":530,
            "index":3
        },
        {
            "x":113,
            "y":0,
            "w":131,
            "h":188,
            "index":4
        },
        {
            "x":259,
            "y":0,
            "w":21,
            "h":10,
            "index":5
        },
        {
            "x":268,
            "y":0,
            "w":41,
            "h":57,
            "index":6
        },
        {
            "x":87,
            "y":0,
            "w":476,
            "h":728,
            "index":7
        },
        {
            "x":373,
            "y":0,
            "w":82,
            "h":231,
            "index":8
        },
        {
            "x":462,
            "y":0,
            "w":12,
            "h":162,
            "index":9
        },
        {
            "x":481,
            "y":0,
            "w":69,
            "h":155,
            "index":10
        },
        {
            "x":518,
            "y":0,
            "w":32,
            "h":3,
            "index":11
        },
        {
            "x":558,
            "y":0,
            "w":40,
            "h":44,
            "index":12
        },
        {
            "x":606,
            "y":0,
            "w":14,
            "h":117,
            "index":13
        },
        {
            "x":627,
            "y":0,
            "w":353,
            "h":144,
            "index":14
        },
        {
            "x":682,
            "y":0,
            "w":71,
            "h":21,
            "index":15
        },
        {
            "x":767,
            "y":0,
            "w":62,
            "h":16,
            "index":16
        },
        {
            "x":847,
            "y":0,
            "w":57,
            "h":12,
            "index":17
        },
        {
            "x":929,
            "y":0,
            "w":50,
            "h":8,
            "index":18
        },
        {
            "x":16,
            "y":0,
            "w":1008,
            "h":955,
            "index":19
        },
        {
            "x":1012,
            "y":0,
            "w":12,
            "h":2,
            "index":20
        },
        {
            "x":134,
            "y":5,
            "w":90,
            "h":69,
            "index":21
        },
        {
            "x":401,
            "y":11,
            "w":23,
            "h":22,
            "index":22
        },
        {
            "x":41,
            "y":36,
            "w":38,
            "h":51,
            "index":23
        },
        {
            "x":401,
            "y":40,
            "w":25,
            "h":22,
            "index":24
        },
        {
            "x":558,
            "y":49,
            "w":40,
            "h":88,
            "index":25
        },
        {
            "x":659,
            "y":55,
            "w":16,
            "h":42,
            "index":26
        },
        {
            "x":280,
            "y":59,
            "w":37,
            "h":56,
            "index":27
        },
        {
            "x":127,
            "y":78,
            "w":16,
            "h":29,
            "index":28
        },
        {
            "x":162,
            "y":86,
            "w":10,
            "h":15,
            "index":29
        },
        {
            "x":47,
            "y":89,
            "w":29,
            "h":304,
            "index":30
        },
        {
            "x":517,
            "y":89,
            "w":13,
            "h":29,
            "index":31
        },
        {
            "x":397,
            "y":99,
            "w":31,
            "h":48,
            "index":32
        },
        {
            "x":282,
            "y":118,
            "w":33,
            "h":60,
            "index":33
        },
        {
            "x":662,
            "y":121,
            "w":318,
            "h":46,
            "index":34
        },
        {
            "x":607,
            "y":122,
            "w":15,
            "h":17,
            "index":35
        },
        {
            "x":116,
            "y":141,
            "w":127,
            "h":349,
            "index":36
        },
        {
            "x":519,
            "y":144,
            "w":71,
            "h":24,
            "index":37
        },
        {
            "x":564,
            "y":145,
            "w":41,
            "h":29,
            "index":38
        },
        {
            "x":607,
            "y":146,
            "w":39,
            "h":35,
            "index":39
        },
        {
            "x":503,
            "y":151,
            "w":21,
            "h":9,
            "index":40
        },
        {
            "x":631,
            "y":151,
            "w":61,
            "h":34,
            "index":41
        },
        {
            "x":798,
            "y":160,
            "w":38,
            "h":18,
            "index":42
        },
        {
            "x":428,
            "y":162,
            "w":73,
            "h":38,
            "index":43
        },
        {
            "x":16,
            "y":165,
            "w":12,
            "h":35,
            "index":44
        },
        {
            "x":467,
            "y":166,
            "w":82,
            "h":44,
            "index":45
        },
        {
            "x":689,
            "y":172,
            "w":22,
            "h":14,
            "index":46
        },
        {
            "x":528,
            "y":175,
            "w":72,
            "h":47,
            "index":47
        },
        {
            "x":282,
            "y":180,
            "w":27,
            "h":184,
            "index":48
        },
        {
            "x":333,
            "y":182,
            "w":12,
            "h":34,
            "index":49
        },
        {
            "x":599,
            "y":182,
            "w":66,
            "h":50,
            "index":50
        },
        {
            "x":658,
            "y":188,
            "w":70,
            "h":49,
            "index":51
        },
        {
            "x":707,
            "y":192,
            "w":65,
            "h":48,
            "index":52
        },
        {
            "x":375,
            "y":199,
            "w":79,
            "h":54,
            "index":53
        },
        {
            "x":427,
            "y":207,
            "w":90,
            "h":59,
            "index":54
        },
        {
            "x":501,
            "y":217,
            "w":92,
            "h":64,
            "index":55
        },
        {
            "x":590,
            "y":229,
            "w":82,
            "h":64,
            "index":56
        },
        {
            "x":673,
            "y":239,
            "w":74,
            "h":62,
            "index":57
        },
        {
            "x":738,
            "y":244,
            "w":70,
            "h":59,
            "index":58
        },
        {
            "x":336,
            "y":248,
            "w":80,
            "h":53,
            "index":59
        },
        {
            "x":235,
            "y":259,
            "w":24,
            "h":30,
            "index":60
        },
        {
            "x":404,
            "y":259,
            "w":89,
            "h":72,
            "index":61
        },
        {
            "x":16,
            "y":268,
            "w":48,
            "h":51,
            "index":62
        },
        {
            "x":481,
            "y":273,
            "w":103,
            "h":59,
            "index":63
        },
        {
            "x":583,
            "y":288,
            "w":89,
            "h":79,
            "index":64
        },
        {
            "x":672,
            "y":300,
            "w":81,
            "h":69,
            "index":65
        },
        {
            "x":755,
            "y":307,
            "w":70,
            "h":72,
            "index":66
        },
        {
            "x":16,
            "y":317,
            "w":24,
            "h":65,
            "index":67
        },
        {
            "x":350,
            "y":324,
            "w":103,
            "h":144,
            "index":68
        },
        {
            "x":563,
            "y":340,
            "w":29,
            "h":114,
            "index":69
        },
        {
            "x":533,
            "y":343,
            "w":38,
            "h":102,
            "index":70
        },
        {
            "x":594,
            "y":344,
            "w":33,
            "h":120,
            "index":71
        },
        {
            "x":282,
            "y":365,
            "w":44,
            "h":50,
            "index":72
        },
        {
            "x":379,
            "y":365,
            "w":51,
            "h":93,
            "index":73
        },
        {
            "x":699,
            "y":366,
            "w":325,
            "h":297,
            "index":74
        },
        {
            "x":585,
            "y":375,
            "w":19,
            "h":81,
            "index":75
        },
        {
            "x":16,
            "y":384,
            "w":60,
            "h":74,
            "index":76
        },
        {
            "x":769,
            "y":407,
            "w":10,
            "h":27,
            "index":77
        },
        {
            "x":698,
            "y":409,
            "w":15,
            "h":37,
            "index":78
        },
        {
            "x":286,
            "y":412,
            "w":390,
            "h":465,
            "index":79
        },
        {
            "x":16,
            "y":446,
            "w":51,
            "h":59,
            "index":80
        },
        {
            "x":49,
            "y":467,
            "w":216,
            "h":82,
            "index":81
        },
        {
            "x":692,
            "y":477,
            "w":68,
            "h":94,
            "index":82
        },
        {
            "x":43,
            "y":487,
            "w":182,
            "h":104,
            "index":83
        },
        {
            "x":16,
            "y":507,
            "w":49,
            "h":43,
            "index":84
        },
        {
            "x":358,
            "y":515,
            "w":273,
            "h":208,
            "index":85
        },
        {
            "x":873,
            "y":539,
            "w":151,
            "h":142,
            "index":86
        },
        {
            "x":16,
            "y":541,
            "w":201,
            "h":106,
            "index":87
        },
        {
            "x":232,
            "y":543,
            "w":42,
            "h":50,
            "index":88
        },
        {
            "x":409,
            "y":579,
            "w":53,
            "h":75,
            "index":89
        },
        {
            "x":559,
            "y":579,
            "w":44,
            "h":75,
            "index":90
        },
        {
            "x":910,
            "y":586,
            "w":114,
            "h":100,
            "index":91
        },
        {
            "x":59,
            "y":589,
            "w":12,
            "h":33,
            "index":92
        },
        {
            "x":558,
            "y":597,
            "w":1,
            "h":2,
            "index":93
        },
        {
            "x":563,
            "y":603,
            "w":11,
            "h":14,
            "index":94
        },
        {
            "x":444,
            "y":606,
            "w":12,
            "h":15,
            "index":95
        },
        {
            "x":1023,
            "y":617,
            "w":1,
            "h":2,
            "index":96
        },
        {
            "x":694,
            "y":622,
            "w":99,
            "h":81,
            "index":97
        },
        {
            "x":501,
            "y":627,
            "w":29,
            "h":22,
            "index":98
        },
        {
            "x":799,
            "y":627,
            "w":67,
            "h":79,
            "index":99
        },
        {
            "x":16,
            "y":628,
            "w":48,
            "h":39,
            "index":100
        },
        {
            "x":222,
            "y":651,
            "w":12,
            "h":31,
            "index":101
        },
        {
            "x":450,
            "y":674,
            "w":17,
            "h":16,
            "index":102
        },
        {
            "x":552,
            "y":677,
            "w":12,
            "h":12,
            "index":103
        },
        {
            "x":810,
            "y":677,
            "w":214,
            "h":108,
            "index":104
        },
        {
            "x":492,
            "y":682,
            "w":34,
            "h":26,
            "index":105
        },
        {
            "x":464,
            "y":683,
            "w":25,
            "h":23,
            "index":106
        },
        {
            "x":483,
            "y":683,
            "w":18,
            "h":15,
            "index":107
        },
        {
            "x":521,
            "y":683,
            "w":14,
            "h":14,
            "index":108
        },
        {
            "x":531,
            "y":686,
            "w":22,
            "h":19,
            "index":109
        },
        {
            "x":591,
            "y":697,
            "w":18,
            "h":25,
            "index":110
        },
        {
            "x":265,
            "y":706,
            "w":73,
            "h":49,
            "index":111
        },
        {
            "x":877,
            "y":718,
            "w":14,
            "h":34,
            "index":112
        },
        {
            "x":987,
            "y":726,
            "w":10,
            "h":25,
            "index":113
        },
        {
            "x":573,
            "y":728,
            "w":60,
            "h":69,
            "index":114
        },
        {
            "x":691,
            "y":728,
            "w":14,
            "h":35,
            "index":115
        },
        {
            "x":185,
            "y":743,
            "w":10,
            "h":9,
            "index":116
        },
        {
            "x":224,
            "y":743,
            "w":8,
            "h":10,
            "index":117
        },
        {
            "x":76,
            "y":748,
            "w":100,
            "h":85,
            "index":118
        },
        {
            "x":665,
            "y":775,
            "w":279,
            "h":94,
            "index":119
        },
        {
            "x":64,
            "y":781,
            "w":164,
            "h":73,
            "index":120
        },
        {
            "x":1007,
            "y":781,
            "w":17,
            "h":16,
            "index":121
        },
        {
            "x":677,
            "y":793,
            "w":347,
            "h":162,
            "index":122
        },
        {
            "x":300,
            "y":799,
            "w":43,
            "h":33,
            "index":123
        },
        {
            "x":541,
            "y":802,
            "w":57,
            "h":35,
            "index":124
        },
        {
            "x":347,
            "y":851,
            "w":1,
            "h":1,
            "index":125
        },
        {
            "x":348,
            "y":852,
            "w":1,
            "h":1,
            "index":126
        },
        {
            "x":341,
            "y":856,
            "w":80,
            "h":70,
            "index":127
        },
        {
            "x":243,
            "y":857,
            "w":16,
            "h":41,
            "index":128
        },
        {
            "x":514,
            "y":857,
            "w":92,
            "h":65,
            "index":129
        },
        {
            "x":995,
            "y":870,
            "w":15,
            "h":36,
            "index":130
        },
        {
            "x":16,
            "y":876,
            "w":104,
            "h":77,
            "index":131
        },
        {
            "x":779,
            "y":910,
            "w":40,
            "h":13,
            "index":132
        },
        {
            "x":614,
            "y":931,
            "w":104,
            "h":24,
            "index":133
        },
        {
            "x":84,
            "y":938,
            "w":76,
            "h":17,
            "index":134
        }
    ]
}