{
    "image":"game.png",
    "width":1024,
    "height":1024,
    "selectTab":{
        "id":"01"
    },
    "selectColor":{
        "id":"FCCFCA",
        "color":"#FCCFCA"
    },
    "list":[
        {
            "x":0,
            "y":0,
            "w":1024,
            "h":1024,
            "index":0
        },
        {
            "x":444,
            "y":80,
            "w":34,
            "h":20,
            "index":1
        },
        {
            "x":743,
            "y":88,
            "w":13,
            "h":16,
            "index":2
        },
        {
            "x":466,
            "y":114,
            "w":16,
            "h":14,
            "index":3
        },
        {
            "x":723,
            "y":117,
            "w":16,
            "h":13,
            "index":4
        },
        {
            "x":431,
            "y":124,
            "w":16,
            "h":14,
            "index":5
        },
        {
            "x":584,
            "y":147,
            "w":64,
            "h":70,
            "index":6
        },
        {
            "x":604,
            "y":158,
            "w":36,
            "h":42,
            "index":7
        },
        {
            "x":374,
            "y":160,
            "w":208,
            "h":78,
            "index":8
        },
        {
            "x":248,
            "y":168,
            "w":126,
            "h":60,
            "index":9
        },
        {
            "x":650,
            "y":168,
            "w":26,
            "h":23,
            "index":10
        },
        {
            "x":674,
            "y":168,
            "w":14,
            "h":4,
            "index":11
        },
        {
            "x":363,
            "y":170,
            "w":304,
            "h":110,
            "index":12
        },
        {
            "x":644,
            "y":171,
            "w":98,
            "h":49,
            "index":13
        },
        {
            "x":387,
            "y":172,
            "w":38,
            "h":44,
            "index":14
        },
        {
            "x":207,
            "y":184,
            "w":158,
            "h":299,
            "index":15
        },
        {
            "x":382,
            "y":185,
            "w":271,
            "h":142,
            "index":16
        },
        {
            "x":647,
            "y":193,
            "w":135,
            "h":290,
            "index":17
        },
        {
            "x":415,
            "y":216,
            "w":229,
            "h":295,
            "index":18
        },
        {
            "x":554,
            "y":218,
            "w":109,
            "h":137,
            "index":19
        },
        {
            "x":354,
            "y":225,
            "w":24,
            "h":50,
            "index":20
        },
        {
            "x":868,
            "y":252,
            "w":13,
            "h":18,
            "index":21
        },
        {
            "x":286,
            "y":255,
            "w":67,
            "h":253,
            "index":22
        },
        {
            "x":490,
            "y":269,
            "w":55,
            "h":66,
            "index":23
        },
        {
            "x":358,
            "y":273,
            "w":19,
            "h":25,
            "index":24
        },
        {
            "x":374,
            "y":278,
            "w":12,
            "h":21,
            "index":25
        },
        {
            "x":339,
            "y":279,
            "w":17,
            "h":64,
            "index":26
        },
        {
            "x":659,
            "y":281,
            "w":14,
            "h":33,
            "index":27
        },
        {
            "x":845,
            "y":281,
            "w":17,
            "h":13,
            "index":28
        },
        {
            "x":358,
            "y":296,
            "w":15,
            "h":34,
            "index":29
        },
        {
            "x":455,
            "y":298,
            "w":61,
            "h":51,
            "index":30
        },
        {
            "x":353,
            "y":300,
            "w":3,
            "h":30,
            "index":31
        },
        {
            "x":374,
            "y":301,
            "w":7,
            "h":30,
            "index":32
        },
        {
            "x":665,
            "y":315,
            "w":27,
            "h":121,
            "index":33
        },
        {
            "x":383,
            "y":318,
            "w":52,
            "h":136,
            "index":34
        },
        {
            "x":647,
            "y":320,
            "w":25,
            "h":100,
            "index":35
        },
        {
            "x":336,
            "y":322,
            "w":6,
            "h":29,
            "index":36
        },
        {
            "x":138,
            "y":327,
            "w":17,
            "h":17,
            "index":37
        },
        {
            "x":352,
            "y":329,
            "w":57,
            "h":124,
            "index":38
        },
        {
            "x":683,
            "y":334,
            "w":18,
            "h":93,
            "index":39
        },
        {
            "x":343,
            "y":340,
            "w":43,
            "h":103,
            "index":40
        },
        {
            "x":202,
            "y":348,
            "w":33,
            "h":46,
            "index":41
        },
        {
            "x":759,
            "y":349,
            "w":9,
            "h":31,
            "index":42
        },
        {
            "x":341,
            "y":354,
            "w":32,
            "h":77,
            "index":43
        },
        {
            "x":762,
            "y":361,
            "w":24,
            "h":31,
            "index":44
        },
        {
            "x":230,
            "y":371,
            "w":41,
            "h":56,
            "index":45
        },
        {
            "x":643,
            "y":374,
            "w":82,
            "h":136,
            "index":46
        },
        {
            "x":224,
            "y":380,
            "w":12,
            "h":18,
            "index":47
        },
        {
            "x":758,
            "y":382,
            "w":11,
            "h":13,
            "index":48
        },
        {
            "x":735,
            "y":385,
            "w":40,
            "h":51,
            "index":49
        },
        {
            "x":767,
            "y":398,
            "w":25,
            "h":14,
            "index":50
        },
        {
            "x":205,
            "y":401,
            "w":25,
            "h":13,
            "index":51
        },
        {
            "x":645,
            "y":406,
            "w":16,
            "h":33,
            "index":52
        },
        {
            "x":219,
            "y":407,
            "w":24,
            "h":39,
            "index":53
        },
        {
            "x":416,
            "y":418,
            "w":32,
            "h":99,
            "index":54
        },
        {
            "x":630,
            "y":423,
            "w":27,
            "h":74,
            "index":55
        },
        {
            "x":659,
            "y":433,
            "w":7,
            "h":7,
            "index":56
        },
        {
            "x":315,
            "y":434,
            "w":40,
            "h":43,
            "index":57
        },
        {
            "x":432,
            "y":440,
            "w":5,
            "h":12,
            "index":58
        },
        {
            "x":664,
            "y":442,
            "w":7,
            "h":19,
            "index":59
        },
        {
            "x":425,
            "y":448,
            "w":11,
            "h":12,
            "index":60
        },
        {
            "x":529,
            "y":450,
            "w":51,
            "h":10,
            "index":61
        },
        {
            "x":528,
            "y":454,
            "w":43,
            "h":16,
            "index":62
        },
        {
            "x":173,
            "y":455,
            "w":37,
            "h":30,
            "index":63
        },
        {
            "x":568,
            "y":458,
            "w":12,
            "h":8,
            "index":64
        },
        {
            "x":146,
            "y":471,
            "w":204,
            "h":314,
            "index":65
        },
        {
            "x":162,
            "y":476,
            "w":29,
            "h":38,
            "index":66
        },
        {
            "x":154,
            "y":490,
            "w":32,
            "h":32,
            "index":67
        },
        {
            "x":459,
            "y":493,
            "w":114,
            "h":92,
            "index":68
        },
        {
            "x":799,
            "y":512,
            "w":52,
            "h":45,
            "index":69
        },
        {
            "x":332,
            "y":513,
            "w":16,
            "h":12,
            "index":70
        },
        {
            "x":662,
            "y":530,
            "w":202,
            "h":281,
            "index":71
        },
        {
            "x":322,
            "y":542,
            "w":16,
            "h":14,
            "index":72
        },
        {
            "x":438,
            "y":542,
            "w":150,
            "h":60,
            "index":73
        },
        {
            "x":296,
            "y":545,
            "w":420,
            "h":384,
            "index":74
        },
        {
            "x":838,
            "y":547,
            "w":30,
            "h":32,
            "index":75
        },
        {
            "x":677,
            "y":548,
            "w":16,
            "h":12,
            "index":76
        },
        {
            "x":852,
            "y":560,
            "w":22,
            "h":25,
            "index":77
        },
        {
            "x":285,
            "y":642,
            "w":87,
            "h":110,
            "index":78
        },
        {
            "x":584,
            "y":646,
            "w":49,
            "h":50,
            "index":79
        },
        {
            "x":468,
            "y":653,
            "w":166,
            "h":147,
            "index":80
        },
        {
            "x":591,
            "y":661,
            "w":29,
            "h":29,
            "index":81
        },
        {
            "x":444,
            "y":664,
            "w":49,
            "h":54,
            "index":82
        },
        {
            "x":662,
            "y":665,
            "w":63,
            "h":72,
            "index":83
        },
        {
            "x":460,
            "y":679,
            "w":27,
            "h":31,
            "index":84
        },
        {
            "x":567,
            "y":692,
            "w":50,
            "h":49,
            "index":85
        },
        {
            "x":486,
            "y":700,
            "w":50,
            "h":56,
            "index":86
        },
        {
            "x":546,
            "y":738,
            "w":24,
            "h":14,
            "index":87
        }
    ]
}