{
    "image":"game.png",
    "width":1024,
    "height":1024,
    "selectTab":{
        "id":"01"
    },
    "selectColor":{
        "id":"FCCFCA",
        "color":"#FCCFCA"
    },
    "list":[
        {
            "x":0,
            "y":0,
            "w":1024,
            "h":566,
            "index":0
        },
        {
            "x":605,
            "y":142,
            "w":140,
            "h":137,
            "index":1
        },
        {
            "x":626,
            "y":162,
            "w":398,
            "h":322,
            "index":2
        },
        {
            "x":363,
            "y":228,
            "w":72,
            "h":154,
            "index":3
        },
        {
            "x":972,
            "y":305,
            "w":52,
            "h":330,
            "index":4
        },
        {
            "x":0,
            "y":378,
            "w":1,
            "h":8,
            "index":5
        },
        {
            "x":477,
            "y":386,
            "w":29,
            "h":27,
            "index":6
        },
        {
            "x":500,
            "y":390,
            "w":43,
            "h":37,
            "index":7
        },
        {
            "x":0,
            "y":396,
            "w":85,
            "h":284,
            "index":8
        },
        {
            "x":452,
            "y":411,
            "w":33,
            "h":56,
            "index":9
        },
        {
            "x":502,
            "y":411,
            "w":22,
            "h":33,
            "index":10
        },
        {
            "x":489,
            "y":415,
            "w":17,
            "h":18,
            "index":11
        },
        {
            "x":475,
            "y":420,
            "w":19,
            "h":32,
            "index":12
        },
        {
            "x":260,
            "y":431,
            "w":19,
            "h":19,
            "index":13
        },
        {
            "x":525,
            "y":432,
            "w":27,
            "h":39,
            "index":14
        },
        {
            "x":491,
            "y":436,
            "w":38,
            "h":38,
            "index":15
        },
        {
            "x":81,
            "y":443,
            "w":48,
            "h":39,
            "index":16
        },
        {
            "x":650,
            "y":444,
            "w":145,
            "h":106,
            "index":17
        },
        {
            "x":63,
            "y":463,
            "w":48,
            "h":34,
            "index":18
        },
        {
            "x":817,
            "y":463,
            "w":189,
            "h":323,
            "index":19
        },
        {
            "x":596,
            "y":470,
            "w":59,
            "h":48,
            "index":20
        },
        {
            "x":696,
            "y":471,
            "w":60,
            "h":45,
            "index":21
        },
        {
            "x":184,
            "y":474,
            "w":174,
            "h":45,
            "index":22
        },
        {
            "x":36,
            "y":476,
            "w":142,
            "h":147,
            "index":23
        },
        {
            "x":437,
            "y":485,
            "w":54,
            "h":27,
            "index":24
        },
        {
            "x":774,
            "y":490,
            "w":89,
            "h":83,
            "index":25
        },
        {
            "x":508,
            "y":501,
            "w":41,
            "h":26,
            "index":26
        },
        {
            "x":337,
            "y":502,
            "w":26,
            "h":27,
            "index":27
        },
        {
            "x":619,
            "y":503,
            "w":28,
            "h":28,
            "index":28
        },
        {
            "x":165,
            "y":504,
            "w":168,
            "h":79,
            "index":29
        },
        {
            "x":355,
            "y":509,
            "w":39,
            "h":38,
            "index":30
        },
        {
            "x":183,
            "y":514,
            "w":44,
            "h":44,
            "index":31
        },
        {
            "x":237,
            "y":518,
            "w":57,
            "h":30,
            "index":32
        },
        {
            "x":402,
            "y":519,
            "w":32,
            "h":38,
            "index":33
        },
        {
            "x":592,
            "y":523,
            "w":33,
            "h":30,
            "index":34
        },
        {
            "x":575,
            "y":533,
            "w":17,
            "h":28,
            "index":35
        },
        {
            "x":628,
            "y":533,
            "w":35,
            "h":34,
            "index":36
        },
        {
            "x":170,
            "y":534,
            "w":48,
            "h":33,
            "index":37
        },
        {
            "x":384,
            "y":534,
            "w":32,
            "h":33,
            "index":38
        },
        {
            "x":464,
            "y":535,
            "w":77,
            "h":129,
            "index":39
        },
        {
            "x":263,
            "y":536,
            "w":98,
            "h":48,
            "index":40
        },
        {
            "x":702,
            "y":543,
            "w":117,
            "h":44,
            "index":41
        },
        {
            "x":662,
            "y":548,
            "w":53,
            "h":23,
            "index":42
        },
        {
            "x":363,
            "y":553,
            "w":29,
            "h":24,
            "index":43
        },
        {
            "x":158,
            "y":555,
            "w":278,
            "h":122,
            "index":44
        },
        {
            "x":598,
            "y":557,
            "w":40,
            "h":20,
            "index":45
        },
        {
            "x":574,
            "y":559,
            "w":300,
            "h":121,
            "index":46
        },
        {
            "x":649,
            "y":563,
            "w":48,
            "h":22,
            "index":47
        },
        {
            "x":119,
            "y":572,
            "w":782,
            "h":162,
            "index":48
        },
        {
            "x":44,
            "y":589,
            "w":113,
            "h":145,
            "index":49
        },
        {
            "x":1007,
            "y":639,
            "w":17,
            "h":26,
            "index":50
        },
        {
            "x":970,
            "y":665,
            "w":54,
            "h":75,
            "index":51
        },
        {
            "x":0,
            "y":673,
            "w":178,
            "h":105,
            "index":52
        },
        {
            "x":119,
            "y":676,
            "w":782,
            "h":103,
            "index":53
        },
        {
            "x":965,
            "y":730,
            "w":59,
            "h":39,
            "index":54
        },
        {
            "x":157,
            "y":753,
            "w":90,
            "h":91,
            "index":55
        },
        {
            "x":774,
            "y":753,
            "w":90,
            "h":91,
            "index":56
        },
        {
            "x":0,
            "y":756,
            "w":1024,
            "h":268,
            "index":57
        },
        {
            "x":247,
            "y":769,
            "w":47,
            "h":21,
            "index":58
        }
    ]
}