{
    "image":"game.png",
    "width":1024,
    "height":1024,
    "selectTab":{
        "id":"01"
    },
    "selectColor":{
        "id":"FCCFCA",
        "color":"#FCCFCA"
    },
    "list":[
        {
            "x":0,
            "y":0,
            "w":14,
            "h":887,
            "index":0
        },
        {
            "x":0,
            "y":0,
            "w":113,
            "h":962,
            "index":1
        },
        {
            "x":71,
            "y":0,
            "w":875,
            "h":417,
            "index":2
        },
        {
            "x":917,
            "y":0,
            "w":103,
            "h":946,
            "index":3
        },
        {
            "x":990,
            "y":0,
            "w":33,
            "h":887,
            "index":4
        },
        {
            "x":167,
            "y":4,
            "w":158,
            "h":158,
            "index":5
        },
        {
            "x":622,
            "y":19,
            "w":104,
            "h":114,
            "index":6
        },
        {
            "x":797,
            "y":20,
            "w":100,
            "h":100,
            "index":7
        },
        {
            "x":485,
            "y":22,
            "w":14,
            "h":9,
            "index":8
        },
        {
            "x":188,
            "y":24,
            "w":115,
            "h":116,
            "index":9
        },
        {
            "x":731,
            "y":25,
            "w":61,
            "h":22,
            "index":10
        },
        {
            "x":1010,
            "y":37,
            "w":12,
            "h":23,
            "index":11
        },
        {
            "x":433,
            "y":40,
            "w":118,
            "h":24,
            "index":12
        },
        {
            "x":679,
            "y":54,
            "w":80,
            "h":95,
            "index":13
        },
        {
            "x":766,
            "y":54,
            "w":72,
            "h":96,
            "index":14
        },
        {
            "x":406,
            "y":72,
            "w":16,
            "h":12,
            "index":15
        },
        {
            "x":429,
            "y":72,
            "w":126,
            "h":58,
            "index":16
        },
        {
            "x":562,
            "y":73,
            "w":15,
            "h":10,
            "index":17
        },
        {
            "x":841,
            "y":127,
            "w":56,
            "h":22,
            "index":18
        },
        {
            "x":389,
            "y":137,
            "w":195,
            "h":19,
            "index":19
        },
        {
            "x":624,
            "y":140,
            "w":48,
            "h":20,
            "index":20
        },
        {
            "x":831,
            "y":154,
            "w":70,
            "h":117,
            "index":21
        },
        {
            "x":1008,
            "y":154,
            "w":14,
            "h":24,
            "index":22
        },
        {
            "x":674,
            "y":158,
            "w":85,
            "h":81,
            "index":23
        },
        {
            "x":766,
            "y":158,
            "w":78,
            "h":81,
            "index":24
        },
        {
            "x":617,
            "y":165,
            "w":69,
            "h":107,
            "index":25
        },
        {
            "x":150,
            "y":181,
            "w":415,
            "h":195,
            "index":26
        },
        {
            "x":126,
            "y":182,
            "w":19,
            "h":25,
            "index":27
        },
        {
            "x":94,
            "y":215,
            "w":72,
            "h":201,
            "index":28
        },
        {
            "x":693,
            "y":246,
            "w":131,
            "h":17,
            "index":29
        },
        {
            "x":1008,
            "y":281,
            "w":13,
            "h":24,
            "index":30
        },
        {
            "x":582,
            "y":292,
            "w":56,
            "h":49,
            "index":31
        },
        {
            "x":733,
            "y":297,
            "w":60,
            "h":44,
            "index":32
        },
        {
            "x":123,
            "y":304,
            "w":500,
            "h":521,
            "index":33
        },
        {
            "x":94,
            "y":322,
            "w":35,
            "h":53,
            "index":34
        },
        {
            "x":597,
            "y":349,
            "w":91,
            "h":66,
            "index":35
        },
        {
            "x":747,
            "y":349,
            "w":131,
            "h":16,
            "index":36
        },
        {
            "x":455,
            "y":354,
            "w":50,
            "h":99,
            "index":37
        },
        {
            "x":243,
            "y":355,
            "w":58,
            "h":99,
            "index":38
        },
        {
            "x":325,
            "y":358,
            "w":106,
            "h":78,
            "index":39
        },
        {
            "x":749,
            "y":372,
            "w":127,
            "h":45,
            "index":40
        },
        {
            "x":172,
            "y":375,
            "w":29,
            "h":42,
            "index":41
        },
        {
            "x":1008,
            "y":411,
            "w":13,
            "h":24,
            "index":42
        },
        {
            "x":536,
            "y":423,
            "w":410,
            "h":28,
            "index":43
        },
        {
            "x":71,
            "y":424,
            "w":139,
            "h":27,
            "index":44
        },
        {
            "x":673,
            "y":436,
            "w":221,
            "h":98,
            "index":45
        },
        {
            "x":69,
            "y":459,
            "w":146,
            "h":421,
            "index":46
        },
        {
            "x":539,
            "y":459,
            "w":165,
            "h":301,
            "index":47
        },
        {
            "x":856,
            "y":459,
            "w":90,
            "h":387,
            "index":48
        },
        {
            "x":711,
            "y":525,
            "w":137,
            "h":50,
            "index":49
        },
        {
            "x":213,
            "y":538,
            "w":347,
            "h":245,
            "index":50
        },
        {
            "x":1007,
            "y":541,
            "w":13,
            "h":24,
            "index":51
        },
        {
            "x":649,
            "y":545,
            "w":264,
            "h":238,
            "index":52
        },
        {
            "x":447,
            "y":614,
            "w":65,
            "h":82,
            "index":53
        },
        {
            "x":271,
            "y":617,
            "w":71,
            "h":83,
            "index":54
        },
        {
            "x":1007,
            "y":671,
            "w":13,
            "h":25,
            "index":55
        },
        {
            "x":384,
            "y":675,
            "w":29,
            "h":23,
            "index":56
        },
        {
            "x":480,
            "y":722,
            "w":17,
            "h":16,
            "index":57
        },
        {
            "x":287,
            "y":725,
            "w":25,
            "h":20,
            "index":58
        },
        {
            "x":443,
            "y":731,
            "w":26,
            "h":22,
            "index":59
        },
        {
            "x":662,
            "y":733,
            "w":68,
            "h":40,
            "index":60
        },
        {
            "x":321,
            "y":734,
            "w":33,
            "h":24,
            "index":61
        },
        {
            "x":402,
            "y":738,
            "w":34,
            "h":24,
            "index":62
        },
        {
            "x":364,
            "y":742,
            "w":30,
            "h":20,
            "index":63
        },
        {
            "x":529,
            "y":767,
            "w":114,
            "h":81,
            "index":64
        },
        {
            "x":623,
            "y":768,
            "w":401,
            "h":256,
            "index":65
        },
        {
            "x":123,
            "y":771,
            "w":124,
            "h":89,
            "index":66
        },
        {
            "x":1006,
            "y":794,
            "w":14,
            "h":25,
            "index":67
        },
        {
            "x":16,
            "y":831,
            "w":995,
            "h":193,
            "index":68
        },
        {
            "x":0,
            "y":834,
            "w":134,
            "h":190,
            "index":69
        },
        {
            "x":104,
            "y":907,
            "w":819,
            "h":117,
            "index":70
        },
        {
            "x":406,
            "y":926,
            "w":184,
            "h":90,
            "index":71
        },
        {
            "x":177,
            "y":928,
            "w":184,
            "h":87,
            "index":72
        },
        {
            "x":641,
            "y":931,
            "w":184,
            "h":84,
            "index":73
        },
        {
            "x":494,
            "y":939,
            "w":14,
            "h":4,
            "index":74
        },
        {
            "x":279,
            "y":945,
            "w":10,
            "h":3,
            "index":75
        },
        {
            "x":226,
            "y":948,
            "w":15,
            "h":4,
            "index":76
        },
        {
            "x":438,
            "y":956,
            "w":13,
            "h":6,
            "index":77
        },
        {
            "x":537,
            "y":957,
            "w":17,
            "h":7,
            "index":78
        },
        {
            "x":316,
            "y":959,
            "w":13,
            "h":4,
            "index":79
        },
        {
            "x":252,
            "y":981,
            "w":12,
            "h":4,
            "index":80
        },
        {
            "x":480,
            "y":981,
            "w":17,
            "h":6,
            "index":81
        }
    ]
}