{
    "image":"game.png",
    "width":1024,
    "height":1024,
    "selectTab":{
        "id":"01"
    },
    "selectColor":{
        "id":"FCCFCA",
        "color":"#FCCFCA"
    },
    "list":[
        {
            "x":0,
            "y":0,
            "w":1024,
            "h":1024,
            "index":0
        },
        {
            "x":538,
            "y":61,
            "w":123,
            "h":148,
            "index":1
        },
        {
            "x":346,
            "y":63,
            "w":134,
            "h":159,
            "index":2
        },
        {
            "x":567,
            "y":101,
            "w":67,
            "h":97,
            "index":3
        },
        {
            "x":380,
            "y":103,
            "w":74,
            "h":102,
            "index":4
        },
        {
            "x":726,
            "y":146,
            "w":91,
            "h":75,
            "index":5
        },
        {
            "x":209,
            "y":156,
            "w":32,
            "h":72,
            "index":6
        },
        {
            "x":272,
            "y":183,
            "w":486,
            "h":178,
            "index":7
        },
        {
            "x":486,
            "y":205,
            "w":38,
            "h":43,
            "index":8
        },
        {
            "x":519,
            "y":205,
            "w":39,
            "h":44,
            "index":9
        },
        {
            "x":460,
            "y":207,
            "w":25,
            "h":42,
            "index":10
        },
        {
            "x":553,
            "y":208,
            "w":32,
            "h":36,
            "index":11
        },
        {
            "x":438,
            "y":210,
            "w":21,
            "h":42,
            "index":12
        },
        {
            "x":578,
            "y":211,
            "w":38,
            "h":41,
            "index":13
        },
        {
            "x":404,
            "y":214,
            "w":34,
            "h":47,
            "index":14
        },
        {
            "x":617,
            "y":219,
            "w":17,
            "h":38,
            "index":15
        },
        {
            "x":381,
            "y":223,
            "w":23,
            "h":48,
            "index":16
        },
        {
            "x":635,
            "y":225,
            "w":31,
            "h":40,
            "index":17
        },
        {
            "x":351,
            "y":233,
            "w":31,
            "h":46,
            "index":18
        },
        {
            "x":654,
            "y":236,
            "w":77,
            "h":100,
            "index":19
        },
        {
            "x":298,
            "y":243,
            "w":435,
            "h":164,
            "index":20
        },
        {
            "x":303,
            "y":251,
            "w":54,
            "h":78,
            "index":21
        },
        {
            "x":689,
            "y":342,
            "w":54,
            "h":180,
            "index":22
        },
        {
            "x":333,
            "y":343,
            "w":364,
            "h":257,
            "index":23
        },
        {
            "x":289,
            "y":346,
            "w":54,
            "h":181,
            "index":24
        },
        {
            "x":730,
            "y":350,
            "w":26,
            "h":163,
            "index":25
        },
        {
            "x":743,
            "y":353,
            "w":38,
            "h":155,
            "index":26
        },
        {
            "x":276,
            "y":355,
            "w":26,
            "h":163,
            "index":27
        },
        {
            "x":251,
            "y":358,
            "w":37,
            "h":155,
            "index":28
        },
        {
            "x":769,
            "y":371,
            "w":25,
            "h":113,
            "index":29
        },
        {
            "x":237,
            "y":376,
            "w":25,
            "h":114,
            "index":30
        },
        {
            "x":547,
            "y":442,
            "w":92,
            "h":115,
            "index":31
        },
        {
            "x":389,
            "y":444,
            "w":90,
            "h":113,
            "index":32
        },
        {
            "x":406,
            "y":457,
            "w":56,
            "h":85,
            "index":33
        },
        {
            "x":564,
            "y":457,
            "w":57,
            "h":84,
            "index":34
        },
        {
            "x":436,
            "y":471,
            "w":12,
            "h":17,
            "index":35
        },
        {
            "x":578,
            "y":471,
            "w":12,
            "h":17,
            "index":36
        },
        {
            "x":249,
            "y":495,
            "w":315,
            "h":170,
            "index":37
        },
        {
            "x":687,
            "y":495,
            "w":16,
            "h":24,
            "index":38
        },
        {
            "x":607,
            "y":498,
            "w":169,
            "h":148,
            "index":39
        },
        {
            "x":494,
            "y":513,
            "w":41,
            "h":31,
            "index":40
        },
        {
            "x":313,
            "y":514,
            "w":226,
            "h":118,
            "index":41
        },
        {
            "x":610,
            "y":518,
            "w":107,
            "h":101,
            "index":42
        },
        {
            "x":663,
            "y":523,
            "w":23,
            "h":30,
            "index":43
        },
        {
            "x":333,
            "y":530,
            "w":30,
            "h":25,
            "index":44
        },
        {
            "x":630,
            "y":553,
            "w":28,
            "h":24,
            "index":45
        },
        {
            "x":368,
            "y":557,
            "w":28,
            "h":28,
            "index":46
        },
        {
            "x":780,
            "y":574,
            "w":66,
            "h":68,
            "index":47
        },
        {
            "x":601,
            "y":576,
            "w":22,
            "h":26,
            "index":48
        },
        {
            "x":401,
            "y":577,
            "w":38,
            "h":29,
            "index":49
        },
        {
            "x":538,
            "y":577,
            "w":66,
            "h":43,
            "index":50
        },
        {
            "x":447,
            "y":593,
            "w":43,
            "h":25,
            "index":51
        },
        {
            "x":498,
            "y":601,
            "w":38,
            "h":20,
            "index":52
        },
        {
            "x":540,
            "y":601,
            "w":68,
            "h":29,
            "index":53
        },
        {
            "x":544,
            "y":611,
            "w":64,
            "h":33,
            "index":54
        },
        {
            "x":216,
            "y":619,
            "w":34,
            "h":75,
            "index":55
        },
        {
            "x":560,
            "y":631,
            "w":47,
            "h":25,
            "index":56
        },
        {
            "x":631,
            "y":641,
            "w":63,
            "h":107,
            "index":57
        },
        {
            "x":566,
            "y":643,
            "w":40,
            "h":41,
            "index":58
        },
        {
            "x":580,
            "y":645,
            "w":67,
            "h":81,
            "index":59
        },
        {
            "x":345,
            "y":648,
            "w":304,
            "h":181,
            "index":60
        },
        {
            "x":436,
            "y":658,
            "w":129,
            "h":27,
            "index":61
        },
        {
            "x":490,
            "y":666,
            "w":19,
            "h":2,
            "index":62
        },
        {
            "x":336,
            "y":690,
            "w":42,
            "h":51,
            "index":63
        },
        {
            "x":317,
            "y":706,
            "w":57,
            "h":66,
            "index":64
        },
        {
            "x":590,
            "y":712,
            "w":42,
            "h":39,
            "index":65
        },
        {
            "x":732,
            "y":739,
            "w":30,
            "h":65,
            "index":66
        },
        {
            "x":311,
            "y":744,
            "w":51,
            "h":49,
            "index":67
        },
        {
            "x":610,
            "y":745,
            "w":22,
            "h":10,
            "index":68
        },
        {
            "x":365,
            "y":797,
            "w":286,
            "h":48,
            "index":69
        },
        {
            "x":371,
            "y":817,
            "w":277,
            "h":112,
            "index":70
        },
        {
            "x":197,
            "y":818,
            "w":94,
            "h":93,
            "index":71
        },
        {
            "x":183,
            "y":842,
            "w":15,
            "h":9,
            "index":72
        },
        {
            "x":415,
            "y":914,
            "w":79,
            "h":42,
            "index":73
        },
        {
            "x":516,
            "y":919,
            "w":82,
            "h":37,
            "index":74
        }
    ]
}