{
    "image":"game.png",
    "width":1024,
    "height":1024,
    "selectTab":{
        "id":"01"
    },
    "selectColor":{
        "id":"FCCFCA",
        "color":"#FCCFCA"
    },
    "list":[
        {
            "x":0,
            "y":0,
            "w":299,
            "h":321,
            "index":0
        },
        {
            "x":221,
            "y":0,
            "w":736,
            "h":328,
            "index":1
        },
        {
            "x":942,
            "y":0,
            "w":82,
            "h":415,
            "index":2
        },
        {
            "x":276,
            "y":35,
            "w":219,
            "h":336,
            "index":3
        },
        {
            "x":0,
            "y":57,
            "w":4,
            "h":8,
            "index":4
        },
        {
            "x":720,
            "y":60,
            "w":149,
            "h":84,
            "index":5
        },
        {
            "x":521,
            "y":116,
            "w":115,
            "h":68,
            "index":6
        },
        {
            "x":997,
            "y":127,
            "w":27,
            "h":21,
            "index":7
        },
        {
            "x":584,
            "y":185,
            "w":1,
            "h":1,
            "index":8
        },
        {
            "x":501,
            "y":219,
            "w":511,
            "h":252,
            "index":9
        },
        {
            "x":264,
            "y":253,
            "w":50,
            "h":48,
            "index":10
        },
        {
            "x":0,
            "y":301,
            "w":87,
            "h":52,
            "index":11
        },
        {
            "x":167,
            "y":307,
            "w":117,
            "h":57,
            "index":12
        },
        {
            "x":91,
            "y":308,
            "w":70,
            "h":91,
            "index":13
        },
        {
            "x":311,
            "y":346,
            "w":41,
            "h":32,
            "index":14
        },
        {
            "x":0,
            "y":354,
            "w":307,
            "h":153,
            "index":15
        },
        {
            "x":224,
            "y":354,
            "w":305,
            "h":352,
            "index":16
        },
        {
            "x":572,
            "y":367,
            "w":44,
            "h":39,
            "index":17
        },
        {
            "x":739,
            "y":370,
            "w":56,
            "h":57,
            "index":18
        },
        {
            "x":682,
            "y":389,
            "w":63,
            "h":66,
            "index":19
        },
        {
            "x":485,
            "y":393,
            "w":346,
            "h":333,
            "index":20
        },
        {
            "x":817,
            "y":421,
            "w":207,
            "h":121,
            "index":21
        },
        {
            "x":522,
            "y":422,
            "w":22,
            "h":18,
            "index":22
        },
        {
            "x":762,
            "y":423,
            "w":63,
            "h":66,
            "index":23
        },
        {
            "x":735,
            "y":429,
            "w":31,
            "h":30,
            "index":24
        },
        {
            "x":211,
            "y":455,
            "w":119,
            "h":129,
            "index":25
        },
        {
            "x":0,
            "y":506,
            "w":205,
            "h":40,
            "index":26
        },
        {
            "x":531,
            "y":516,
            "w":94,
            "h":101,
            "index":27
        },
        {
            "x":829,
            "y":530,
            "w":70,
            "h":34,
            "index":28
        },
        {
            "x":901,
            "y":541,
            "w":123,
            "h":39,
            "index":29
        },
        {
            "x":0,
            "y":546,
            "w":1024,
            "h":478,
            "index":30
        },
        {
            "x":406,
            "y":552,
            "w":62,
            "h":61,
            "index":31
        },
        {
            "x":246,
            "y":584,
            "w":2,
            "h":1,
            "index":32
        },
        {
            "x":141,
            "y":598,
            "w":503,
            "h":250,
            "index":33
        },
        {
            "x":63,
            "y":599,
            "w":56,
            "h":9,
            "index":34
        },
        {
            "x":456,
            "y":603,
            "w":62,
            "h":52,
            "index":35
        },
        {
            "x":89,
            "y":626,
            "w":34,
            "h":7,
            "index":36
        },
        {
            "x":523,
            "y":628,
            "w":26,
            "h":33,
            "index":37
        },
        {
            "x":497,
            "y":651,
            "w":293,
            "h":263,
            "index":38
        },
        {
            "x":327,
            "y":653,
            "w":66,
            "h":46,
            "index":39
        },
        {
            "x":617,
            "y":656,
            "w":277,
            "h":189,
            "index":40
        },
        {
            "x":959,
            "y":659,
            "w":1,
            "h":1,
            "index":41
        },
        {
            "x":929,
            "y":660,
            "w":37,
            "h":9,
            "index":42
        },
        {
            "x":581,
            "y":678,
            "w":71,
            "h":58,
            "index":43
        },
        {
            "x":87,
            "y":762,
            "w":9,
            "h":15,
            "index":44
        },
        {
            "x":24,
            "y":780,
            "w":67,
            "h":99,
            "index":45
        },
        {
            "x":166,
            "y":812,
            "w":676,
            "h":132,
            "index":46
        },
        {
            "x":757,
            "y":828,
            "w":149,
            "h":38,
            "index":47
        },
        {
            "x":845,
            "y":859,
            "w":1,
            "h":1,
            "index":48
        },
        {
            "x":268,
            "y":864,
            "w":1,
            "h":1,
            "index":49
        },
        {
            "x":818,
            "y":864,
            "w":1,
            "h":1,
            "index":50
        },
        {
            "x":5,
            "y":878,
            "w":113,
            "h":146,
            "index":51
        },
        {
            "x":0,
            "y":883,
            "w":34,
            "h":139,
            "index":52
        },
        {
            "x":202,
            "y":885,
            "w":11,
            "h":9,
            "index":53
        },
        {
            "x":110,
            "y":890,
            "w":87,
            "h":73,
            "index":54
        },
        {
            "x":794,
            "y":892,
            "w":60,
            "h":10,
            "index":55
        },
        {
            "x":292,
            "y":894,
            "w":164,
            "h":67,
            "index":56
        },
        {
            "x":620,
            "y":901,
            "w":135,
            "h":53,
            "index":57
        },
        {
            "x":326,
            "y":903,
            "w":1,
            "h":1,
            "index":58
        },
        {
            "x":330,
            "y":904,
            "w":1,
            "h":1,
            "index":59
        },
        {
            "x":360,
            "y":908,
            "w":1,
            "h":1,
            "index":60
        },
        {
            "x":318,
            "y":913,
            "w":1,
            "h":1,
            "index":61
        },
        {
            "x":684,
            "y":938,
            "w":1,
            "h":1,
            "index":62
        },
        {
            "x":717,
            "y":944,
            "w":1,
            "h":1,
            "index":63
        },
        {
            "x":696,
            "y":953,
            "w":1,
            "h":1,
            "index":64
        },
        {
            "x":699,
            "y":954,
            "w":1,
            "h":1,
            "index":65
        },
        {
            "x":41,
            "y":959,
            "w":66,
            "h":65,
            "index":66
        },
        {
            "x":88,
            "y":998,
            "w":65,
            "h":26,
            "index":67
        },
        {
            "x":46,
            "y":1004,
            "w":1,
            "h":1,
            "index":68
        }
    ]
}