{
    "image":"game.png",
    "width":1024,
    "height":1024,
    "selectTab":{
        "id":"01"
    },
    "selectColor":{
        "id":"FCCFCA",
        "color":"#FCCFCA"
    },
    "list":[
        {
            "x":0,
            "y":0,
            "w":11,
            "h":15,
            "index":0
        },
        {
            "x":6,
            "y":0,
            "w":28,
            "h":27,
            "index":1
        },
        {
            "x":22,
            "y":0,
            "w":60,
            "h":48,
            "index":2
        },
        {
            "x":62,
            "y":0,
            "w":42,
            "h":46,
            "index":3
        },
        {
            "x":89,
            "y":0,
            "w":18,
            "h":23,
            "index":4
        },
        {
            "x":109,
            "y":0,
            "w":12,
            "h":82,
            "index":5
        },
        {
            "x":127,
            "y":0,
            "w":15,
            "h":21,
            "index":6
        },
        {
            "x":148,
            "y":0,
            "w":1,
            "h":1,
            "index":7
        },
        {
            "x":133,
            "y":0,
            "w":53,
            "h":25,
            "index":8
        },
        {
            "x":126,
            "y":0,
            "w":90,
            "h":40,
            "index":9
        },
        {
            "x":146,
            "y":0,
            "w":153,
            "h":147,
            "index":10
        },
        {
            "x":305,
            "y":0,
            "w":28,
            "h":57,
            "index":11
        },
        {
            "x":323,
            "y":0,
            "w":60,
            "h":153,
            "index":12
        },
        {
            "x":354,
            "y":0,
            "w":8,
            "h":15,
            "index":13
        },
        {
            "x":368,
            "y":0,
            "w":19,
            "h":73,
            "index":14
        },
        {
            "x":386,
            "y":0,
            "w":16,
            "h":95,
            "index":15
        },
        {
            "x":406,
            "y":0,
            "w":19,
            "h":36,
            "index":16
        },
        {
            "x":383,
            "y":0,
            "w":120,
            "h":153,
            "index":17
        },
        {
            "x":410,
            "y":0,
            "w":131,
            "h":170,
            "index":18
        },
        {
            "x":547,
            "y":0,
            "w":22,
            "h":123,
            "index":19
        },
        {
            "x":575,
            "y":0,
            "w":14,
            "h":57,
            "index":20
        },
        {
            "x":594,
            "y":0,
            "w":146,
            "h":94,
            "index":21
        },
        {
            "x":745,
            "y":0,
            "w":30,
            "h":201,
            "index":22
        },
        {
            "x":761,
            "y":0,
            "w":125,
            "h":78,
            "index":23
        },
        {
            "x":823,
            "y":0,
            "w":8,
            "h":7,
            "index":24
        },
        {
            "x":856,
            "y":0,
            "w":5,
            "h":1,
            "index":25
        },
        {
            "x":797,
            "y":0,
            "w":137,
            "h":193,
            "index":26
        },
        {
            "x":916,
            "y":0,
            "w":108,
            "h":27,
            "index":27
        },
        {
            "x":1013,
            "y":11,
            "w":11,
            "h":18,
            "index":28
        },
        {
            "x":1001,
            "y":26,
            "w":23,
            "h":40,
            "index":29
        },
        {
            "x":963,
            "y":29,
            "w":34,
            "h":107,
            "index":30
        },
        {
            "x":891,
            "y":31,
            "w":64,
            "h":102,
            "index":31
        },
        {
            "x":7,
            "y":32,
            "w":10,
            "h":18,
            "index":32
        },
        {
            "x":952,
            "y":33,
            "w":12,
            "h":48,
            "index":33
        },
        {
            "x":442,
            "y":35,
            "w":1,
            "h":1,
            "index":34
        },
        {
            "x":262,
            "y":38,
            "w":106,
            "h":114,
            "index":35
        },
        {
            "x":0,
            "y":41,
            "w":7,
            "h":56,
            "index":36
        },
        {
            "x":604,
            "y":41,
            "w":45,
            "h":92,
            "index":37
        },
        {
            "x":14,
            "y":43,
            "w":18,
            "h":51,
            "index":38
        },
        {
            "x":139,
            "y":44,
            "w":3,
            "h":2,
            "index":39
        },
        {
            "x":673,
            "y":47,
            "w":35,
            "h":54,
            "index":40
        },
        {
            "x":338,
            "y":49,
            "w":13,
            "h":27,
            "index":41
        },
        {
            "x":38,
            "y":52,
            "w":65,
            "h":13,
            "index":42
        },
        {
            "x":0,
            "y":52,
            "w":205,
            "h":102,
            "index":43
        },
        {
            "x":10,
            "y":56,
            "w":2,
            "h":4,
            "index":44
        },
        {
            "x":999,
            "y":58,
            "w":15,
            "h":23,
            "index":45
        },
        {
            "x":647,
            "y":62,
            "w":35,
            "h":62,
            "index":46
        },
        {
            "x":570,
            "y":63,
            "w":45,
            "h":53,
            "index":47
        },
        {
            "x":1019,
            "y":68,
            "w":5,
            "h":13,
            "index":48
        },
        {
            "x":13,
            "y":70,
            "w":166,
            "h":34,
            "index":49
        },
        {
            "x":780,
            "y":71,
            "w":11,
            "h":115,
            "index":50
        },
        {
            "x":305,
            "y":72,
            "w":12,
            "h":6,
            "index":51
        },
        {
            "x":354,
            "y":73,
            "w":11,
            "h":33,
            "index":52
        },
        {
            "x":325,
            "y":79,
            "w":2,
            "h":1,
            "index":53
        },
        {
            "x":405,
            "y":82,
            "w":73,
            "h":30,
            "index":54
        },
        {
            "x":694,
            "y":82,
            "w":33,
            "h":26,
            "index":55
        },
        {
            "x":260,
            "y":84,
            "w":79,
            "h":20,
            "index":56
        },
        {
            "x":633,
            "y":86,
            "w":17,
            "h":18,
            "index":57
        },
        {
            "x":940,
            "y":86,
            "w":22,
            "h":12,
            "index":58
        },
        {
            "x":998,
            "y":86,
            "w":26,
            "h":14,
            "index":59
        },
        {
            "x":828,
            "y":96,
            "w":196,
            "h":70,
            "index":60
        },
        {
            "x":531,
            "y":97,
            "w":52,
            "h":59,
            "index":61
        },
        {
            "x":707,
            "y":98,
            "w":45,
            "h":24,
            "index":62
        },
        {
            "x":338,
            "y":103,
            "w":6,
            "h":6,
            "index":63
        },
        {
            "x":852,
            "y":103,
            "w":172,
            "h":49,
            "index":64
        },
        {
            "x":305,
            "y":104,
            "w":29,
            "h":9,
            "index":65
        },
        {
            "x":657,
            "y":107,
            "w":81,
            "h":86,
            "index":66
        },
        {
            "x":589,
            "y":113,
            "w":6,
            "h":8,
            "index":67
        },
        {
            "x":268,
            "y":115,
            "w":213,
            "h":87,
            "index":68
        },
        {
            "x":585,
            "y":124,
            "w":32,
            "h":57,
            "index":69
        },
        {
            "x":611,
            "y":126,
            "w":149,
            "h":82,
            "index":70
        },
        {
            "x":291,
            "y":132,
            "w":168,
            "h":33,
            "index":71
        },
        {
            "x":732,
            "y":133,
            "w":30,
            "h":22,
            "index":72
        },
        {
            "x":568,
            "y":139,
            "w":15,
            "h":13,
            "index":73
        },
        {
            "x":0,
            "y":141,
            "w":188,
            "h":101,
            "index":74
        },
        {
            "x":189,
            "y":143,
            "w":81,
            "h":44,
            "index":75
        },
        {
            "x":829,
            "y":143,
            "w":195,
            "h":74,
            "index":76
        },
        {
            "x":688,
            "y":144,
            "w":16,
            "h":14,
            "index":77
        },
        {
            "x":634,
            "y":156,
            "w":36,
            "h":27,
            "index":78
        },
        {
            "x":518,
            "y":159,
            "w":108,
            "h":131,
            "index":79
        },
        {
            "x":534,
            "y":164,
            "w":16,
            "h":24,
            "index":80
        },
        {
            "x":472,
            "y":173,
            "w":60,
            "h":38,
            "index":81
        },
        {
            "x":24,
            "y":179,
            "w":55,
            "h":14,
            "index":82
        },
        {
            "x":182,
            "y":182,
            "w":95,
            "h":45,
            "index":83
        },
        {
            "x":0,
            "y":187,
            "w":37,
            "h":49,
            "index":84
        },
        {
            "x":50,
            "y":187,
            "w":51,
            "h":63,
            "index":85
        },
        {
            "x":93,
            "y":190,
            "w":54,
            "h":75,
            "index":86
        },
        {
            "x":281,
            "y":194,
            "w":186,
            "h":99,
            "index":87
        },
        {
            "x":699,
            "y":195,
            "w":114,
            "h":140,
            "index":88
        },
        {
            "x":812,
            "y":197,
            "w":31,
            "h":33,
            "index":89
        },
        {
            "x":623,
            "y":198,
            "w":128,
            "h":85,
            "index":90
        },
        {
            "x":845,
            "y":199,
            "w":179,
            "h":139,
            "index":91
        },
        {
            "x":10,
            "y":202,
            "w":58,
            "h":59,
            "index":92
        },
        {
            "x":545,
            "y":208,
            "w":45,
            "h":81,
            "index":93
        },
        {
            "x":464,
            "y":211,
            "w":60,
            "h":42,
            "index":94
        },
        {
            "x":171,
            "y":221,
            "w":82,
            "h":66,
            "index":95
        },
        {
            "x":0,
            "y":222,
            "w":515,
            "h":592,
            "index":96
        },
        {
            "x":107,
            "y":228,
            "w":62,
            "h":58,
            "index":97
        },
        {
            "x":820,
            "y":234,
            "w":29,
            "h":41,
            "index":98
        },
        {
            "x":731,
            "y":239,
            "w":56,
            "h":85,
            "index":99
        },
        {
            "x":1,
            "y":242,
            "w":45,
            "h":43,
            "index":100
        },
        {
            "x":179,
            "y":252,
            "w":684,
            "h":712,
            "index":101
        },
        {
            "x":46,
            "y":255,
            "w":57,
            "h":60,
            "index":102
        },
        {
            "x":895,
            "y":259,
            "w":36,
            "h":117,
            "index":103
        },
        {
            "x":805,
            "y":278,
            "w":46,
            "h":59,
            "index":104
        },
        {
            "x":934,
            "y":278,
            "w":59,
            "h":99,
            "index":105
        },
        {
            "x":104,
            "y":281,
            "w":66,
            "h":52,
            "index":106
        },
        {
            "x":2,
            "y":290,
            "w":41,
            "h":39,
            "index":107
        },
        {
            "x":810,
            "y":298,
            "w":214,
            "h":147,
            "index":108
        },
        {
            "x":89,
            "y":309,
            "w":68,
            "h":77,
            "index":109
        },
        {
            "x":13,
            "y":310,
            "w":50,
            "h":61,
            "index":110
        },
        {
            "x":0,
            "y":318,
            "w":6,
            "h":16,
            "index":111
        },
        {
            "x":46,
            "y":321,
            "w":51,
            "h":67,
            "index":112
        },
        {
            "x":863,
            "y":324,
            "w":57,
            "h":55,
            "index":113
        },
        {
            "x":937,
            "y":329,
            "w":1,
            "h":1,
            "index":114
        },
        {
            "x":281,
            "y":330,
            "w":17,
            "h":14,
            "index":115
        },
        {
            "x":905,
            "y":334,
            "w":1,
            "h":1,
            "index":116
        },
        {
            "x":939,
            "y":337,
            "w":68,
            "h":47,
            "index":117
        },
        {
            "x":0,
            "y":338,
            "w":33,
            "h":46,
            "index":118
        },
        {
            "x":416,
            "y":364,
            "w":59,
            "h":59,
            "index":119
        },
        {
            "x":857,
            "y":369,
            "w":64,
            "h":20,
            "index":120
        },
        {
            "x":422,
            "y":373,
            "w":84,
            "h":73,
            "index":121
        },
        {
            "x":29,
            "y":381,
            "w":50,
            "h":14,
            "index":122
        },
        {
            "x":945,
            "y":381,
            "w":55,
            "h":10,
            "index":123
        },
        {
            "x":0,
            "y":382,
            "w":11,
            "h":11,
            "index":124
        },
        {
            "x":0,
            "y":392,
            "w":25,
            "h":42,
            "index":125
        },
        {
            "x":27,
            "y":398,
            "w":30,
            "h":61,
            "index":126
        },
        {
            "x":610,
            "y":406,
            "w":59,
            "h":48,
            "index":127
        },
        {
            "x":613,
            "y":413,
            "w":86,
            "h":68,
            "index":128
        },
        {
            "x":856,
            "y":426,
            "w":3,
            "h":3,
            "index":129
        },
        {
            "x":854,
            "y":428,
            "w":35,
            "h":30,
            "index":130
        },
        {
            "x":873,
            "y":432,
            "w":49,
            "h":31,
            "index":131
        },
        {
            "x":0,
            "y":434,
            "w":108,
            "h":60,
            "index":132
        },
        {
            "x":906,
            "y":436,
            "w":48,
            "h":33,
            "index":133
        },
        {
            "x":937,
            "y":441,
            "w":47,
            "h":33,
            "index":134
        },
        {
            "x":967,
            "y":446,
            "w":47,
            "h":33,
            "index":135
        },
        {
            "x":997,
            "y":450,
            "w":27,
            "h":34,
            "index":136
        },
        {
            "x":548,
            "y":453,
            "w":29,
            "h":19,
            "index":137
        },
        {
            "x":857,
            "y":464,
            "w":167,
            "h":65,
            "index":138
        },
        {
            "x":0,
            "y":470,
            "w":116,
            "h":42,
            "index":139
        },
        {
            "x":180,
            "y":482,
            "w":51,
            "h":144,
            "index":140
        },
        {
            "x":219,
            "y":496,
            "w":128,
            "h":192,
            "index":141
        },
        {
            "x":850,
            "y":507,
            "w":154,
            "h":68,
            "index":142
        },
        {
            "x":511,
            "y":510,
            "w":12,
            "h":8,
            "index":143
        },
        {
            "x":654,
            "y":519,
            "w":370,
            "h":505,
            "index":144
        },
        {
            "x":590,
            "y":527,
            "w":11,
            "h":10,
            "index":145
        },
        {
            "x":9,
            "y":545,
            "w":95,
            "h":91,
            "index":146
        },
        {
            "x":218,
            "y":556,
            "w":164,
            "h":167,
            "index":147
        },
        {
            "x":847,
            "y":557,
            "w":121,
            "h":71,
            "index":148
        },
        {
            "x":22,
            "y":560,
            "w":82,
            "h":84,
            "index":149
        },
        {
            "x":104,
            "y":575,
            "w":1,
            "h":1,
            "index":150
        },
        {
            "x":112,
            "y":575,
            "w":74,
            "h":30,
            "index":151
        },
        {
            "x":206,
            "y":587,
            "w":13,
            "h":28,
            "index":152
        },
        {
            "x":948,
            "y":606,
            "w":76,
            "h":172,
            "index":153
        },
        {
            "x":104,
            "y":608,
            "w":73,
            "h":24,
            "index":154
        },
        {
            "x":787,
            "y":610,
            "w":144,
            "h":72,
            "index":155
        },
        {
            "x":57,
            "y":612,
            "w":163,
            "h":193,
            "index":156
        },
        {
            "x":27,
            "y":636,
            "w":1,
            "h":1,
            "index":157
        },
        {
            "x":193,
            "y":644,
            "w":10,
            "h":11,
            "index":158
        },
        {
            "x":750,
            "y":648,
            "w":8,
            "h":8,
            "index":159
        },
        {
            "x":765,
            "y":658,
            "w":127,
            "h":86,
            "index":160
        },
        {
            "x":972,
            "y":688,
            "w":36,
            "h":133,
            "index":161
        },
        {
            "x":100,
            "y":690,
            "w":17,
            "h":18,
            "index":162
        },
        {
            "x":211,
            "y":707,
            "w":86,
            "h":64,
            "index":163
        },
        {
            "x":925,
            "y":707,
            "w":49,
            "h":115,
            "index":164
        },
        {
            "x":663,
            "y":733,
            "w":185,
            "h":70,
            "index":165
        },
        {
            "x":906,
            "y":748,
            "w":35,
            "h":36,
            "index":166
        },
        {
            "x":987,
            "y":759,
            "w":37,
            "h":64,
            "index":167
        },
        {
            "x":0,
            "y":761,
            "w":90,
            "h":128,
            "index":168
        },
        {
            "x":160,
            "y":769,
            "w":78,
            "h":48,
            "index":169
        },
        {
            "x":638,
            "y":772,
            "w":167,
            "h":73,
            "index":170
        },
        {
            "x":867,
            "y":781,
            "w":97,
            "h":48,
            "index":171
        },
        {
            "x":1016,
            "y":795,
            "w":8,
            "h":11,
            "index":172
        },
        {
            "x":51,
            "y":805,
            "w":328,
            "h":142,
            "index":173
        },
        {
            "x":734,
            "y":811,
            "w":290,
            "h":213,
            "index":174
        },
        {
            "x":988,
            "y":811,
            "w":36,
            "h":22,
            "index":175
        },
        {
            "x":592,
            "y":815,
            "w":188,
            "h":90,
            "index":176
        },
        {
            "x":337,
            "y":850,
            "w":60,
            "h":30,
            "index":177
        },
        {
            "x":0,
            "y":854,
            "w":592,
            "h":170,
            "index":178
        },
        {
            "x":537,
            "y":869,
            "w":192,
            "h":96,
            "index":179
        },
        {
            "x":641,
            "y":877,
            "w":90,
            "h":27,
            "index":180
        },
        {
            "x":893,
            "y":887,
            "w":102,
            "h":74,
            "index":181
        },
        {
            "x":0,
            "y":905,
            "w":20,
            "h":29,
            "index":182
        },
        {
            "x":826,
            "y":906,
            "w":170,
            "h":118,
            "index":183
        },
        {
            "x":0,
            "y":914,
            "w":49,
            "h":43,
            "index":184
        },
        {
            "x":20,
            "y":923,
            "w":58,
            "h":43,
            "index":185
        },
        {
            "x":451,
            "y":926,
            "w":233,
            "h":98,
            "index":186
        },
        {
            "x":48,
            "y":932,
            "w":60,
            "h":44,
            "index":187
        },
        {
            "x":79,
            "y":942,
            "w":62,
            "h":44,
            "index":188
        },
        {
            "x":109,
            "y":951,
            "w":63,
            "h":45,
            "index":189
        },
        {
            "x":0,
            "y":960,
            "w":198,
            "h":64,
            "index":190
        },
        {
            "x":142,
            "y":961,
            "w":62,
            "h":45,
            "index":191
        },
        {
            "x":172,
            "y":971,
            "w":62,
            "h":46,
            "index":192
        },
        {
            "x":206,
            "y":980,
            "w":59,
            "h":44,
            "index":193
        },
        {
            "x":239,
            "y":990,
            "w":55,
            "h":34,
            "index":194
        },
        {
            "x":276,
            "y":998,
            "w":47,
            "h":26,
            "index":195
        },
        {
            "x":0,
            "y":1005,
            "w":26,
            "h":19,
            "index":196
        },
        {
            "x":314,
            "y":1007,
            "w":38,
            "h":17,
            "index":197
        },
        {
            "x":352,
            "y":1016,
            "w":33,
            "h":8,
            "index":198
        }
    ]
}