{
    "image":"game.png",
    "width":1024,
    "height":1024,
    "selectTab":{
        "id":"01"
    },
    "selectColor":{
        "id":"FCCFCA",
        "color":"#FCCFCA"
    },
    "list":[
        {
            "x":0,
            "y":0,
            "w":1024,
            "h":444,
            "index":0
        },
        {
            "x":429,
            "y":36,
            "w":148,
            "h":142,
            "index":1
        },
        {
            "x":451,
            "y":57,
            "w":104,
            "h":99,
            "index":2
        },
        {
            "x":61,
            "y":89,
            "w":365,
            "h":279,
            "index":3
        },
        {
            "x":581,
            "y":89,
            "w":383,
            "h":215,
            "index":4
        },
        {
            "x":82,
            "y":111,
            "w":860,
            "h":269,
            "index":5
        },
        {
            "x":719,
            "y":150,
            "w":194,
            "h":152,
            "index":6
        },
        {
            "x":98,
            "y":155,
            "w":197,
            "h":159,
            "index":7
        },
        {
            "x":345,
            "y":183,
            "w":143,
            "h":138,
            "index":8
        },
        {
            "x":360,
            "y":197,
            "w":4,
            "h":4,
            "index":9
        },
        {
            "x":533,
            "y":199,
            "w":128,
            "h":132,
            "index":10
        },
        {
            "x":403,
            "y":203,
            "w":24,
            "h":27,
            "index":11
        },
        {
            "x":813,
            "y":203,
            "w":17,
            "h":16,
            "index":12
        },
        {
            "x":551,
            "y":212,
            "w":6,
            "h":5,
            "index":13
        },
        {
            "x":646,
            "y":212,
            "w":4,
            "h":4,
            "index":14
        },
        {
            "x":190,
            "y":213,
            "w":18,
            "h":15,
            "index":15
        },
        {
            "x":424,
            "y":218,
            "w":32,
            "h":46,
            "index":16
        },
        {
            "x":379,
            "y":230,
            "w":43,
            "h":38,
            "index":17
        },
        {
            "x":412,
            "y":232,
            "w":15,
            "h":14,
            "index":18
        },
        {
            "x":773,
            "y":242,
            "w":16,
            "h":16,
            "index":19
        },
        {
            "x":853,
            "y":242,
            "w":17,
            "h":16,
            "index":20
        },
        {
            "x":149,
            "y":250,
            "w":17,
            "h":16,
            "index":21
        },
        {
            "x":227,
            "y":251,
            "w":18,
            "h":16,
            "index":22
        },
        {
            "x":428,
            "y":268,
            "w":38,
            "h":30,
            "index":23
        },
        {
            "x":384,
            "y":274,
            "w":32,
            "h":24,
            "index":24
        },
        {
            "x":546,
            "y":283,
            "w":51,
            "h":27,
            "index":25
        },
        {
            "x":127,
            "y":288,
            "w":47,
            "h":80,
            "index":26
        },
        {
            "x":210,
            "y":288,
            "w":41,
            "h":80,
            "index":27
        },
        {
            "x":200,
            "y":292,
            "w":21,
            "h":76,
            "index":28
        },
        {
            "x":429,
            "y":292,
            "w":1,
            "h":1,
            "index":29
        },
        {
            "x":799,
            "y":292,
            "w":40,
            "h":60,
            "index":30
        },
        {
            "x":870,
            "y":292,
            "w":110,
            "h":152,
            "index":31
        },
        {
            "x":852,
            "y":305,
            "w":98,
            "h":108,
            "index":32
        },
        {
            "x":164,
            "y":316,
            "w":43,
            "h":52,
            "index":33
        },
        {
            "x":183,
            "y":317,
            "w":21,
            "h":38,
            "index":34
        },
        {
            "x":861,
            "y":328,
            "w":35,
            "h":72,
            "index":35
        },
        {
            "x":923,
            "y":330,
            "w":39,
            "h":74,
            "index":36
        },
        {
            "x":35,
            "y":373,
            "w":295,
            "h":217,
            "index":37
        },
        {
            "x":334,
            "y":383,
            "w":534,
            "h":21,
            "index":38
        },
        {
            "x":72,
            "y":400,
            "w":230,
            "h":162,
            "index":39
        },
        {
            "x":392,
            "y":406,
            "w":34,
            "h":27,
            "index":40
        },
        {
            "x":425,
            "y":407,
            "w":462,
            "h":37,
            "index":41
        },
        {
            "x":335,
            "y":408,
            "w":57,
            "h":15,
            "index":42
        },
        {
            "x":122,
            "y":426,
            "w":102,
            "h":48,
            "index":43
        },
        {
            "x":179,
            "y":426,
            "w":319,
            "h":333,
            "index":44
        },
        {
            "x":0,
            "y":448,
            "w":60,
            "h":218,
            "index":45
        },
        {
            "x":453,
            "y":448,
            "w":571,
            "h":218,
            "index":46
        },
        {
            "x":513,
            "y":471,
            "w":47,
            "h":49,
            "index":47
        },
        {
            "x":137,
            "y":479,
            "w":72,
            "h":45,
            "index":48
        },
        {
            "x":796,
            "y":488,
            "w":87,
            "h":37,
            "index":49
        },
        {
            "x":755,
            "y":498,
            "w":100,
            "h":132,
            "index":50
        },
        {
            "x":573,
            "y":504,
            "w":25,
            "h":29,
            "index":51
        },
        {
            "x":614,
            "y":504,
            "w":23,
            "h":28,
            "index":52
        },
        {
            "x":647,
            "y":506,
            "w":50,
            "h":35,
            "index":53
        },
        {
            "x":696,
            "y":512,
            "w":15,
            "h":29,
            "index":54
        },
        {
            "x":835,
            "y":527,
            "w":143,
            "h":108,
            "index":55
        },
        {
            "x":613,
            "y":535,
            "w":25,
            "h":6,
            "index":56
        },
        {
            "x":572,
            "y":536,
            "w":26,
            "h":5,
            "index":57
        },
        {
            "x":82,
            "y":537,
            "w":76,
            "h":58,
            "index":58
        },
        {
            "x":696,
            "y":538,
            "w":12,
            "h":85,
            "index":59
        },
        {
            "x":570,
            "y":546,
            "w":122,
            "h":105,
            "index":60
        },
        {
            "x":153,
            "y":566,
            "w":46,
            "h":25,
            "index":61
        },
        {
            "x":620,
            "y":577,
            "w":4,
            "h":8,
            "index":62
        },
        {
            "x":648,
            "y":578,
            "w":8,
            "h":13,
            "index":63
        },
        {
            "x":603,
            "y":580,
            "w":6,
            "h":7,
            "index":64
        },
        {
            "x":349,
            "y":586,
            "w":22,
            "h":22,
            "index":65
        },
        {
            "x":110,
            "y":593,
            "w":40,
            "h":73,
            "index":66
        },
        {
            "x":58,
            "y":594,
            "w":58,
            "h":162,
            "index":67
        },
        {
            "x":41,
            "y":595,
            "w":40,
            "h":158,
            "index":68
        },
        {
            "x":154,
            "y":595,
            "w":33,
            "h":136,
            "index":69
        },
        {
            "x":358,
            "y":602,
            "w":36,
            "h":37,
            "index":70
        },
        {
            "x":615,
            "y":610,
            "w":29,
            "h":21,
            "index":71
        },
        {
            "x":720,
            "y":619,
            "w":17,
            "h":34,
            "index":72
        },
        {
            "x":687,
            "y":620,
            "w":35,
            "h":32,
            "index":73
        },
        {
            "x":734,
            "y":622,
            "w":43,
            "h":35,
            "index":74
        },
        {
            "x":309,
            "y":625,
            "w":520,
            "h":80,
            "index":75
        },
        {
            "x":775,
            "y":631,
            "w":22,
            "h":26,
            "index":76
        },
        {
            "x":378,
            "y":633,
            "w":27,
            "h":28,
            "index":77
        },
        {
            "x":801,
            "y":635,
            "w":49,
            "h":31,
            "index":78
        },
        {
            "x":853,
            "y":636,
            "w":31,
            "h":46,
            "index":79
        },
        {
            "x":887,
            "y":638,
            "w":34,
            "h":28,
            "index":80
        },
        {
            "x":922,
            "y":639,
            "w":32,
            "h":46,
            "index":81
        },
        {
            "x":361,
            "y":649,
            "w":169,
            "h":35,
            "index":82
        },
        {
            "x":0,
            "y":670,
            "w":1024,
            "h":354,
            "index":83
        },
        {
            "x":834,
            "y":670,
            "w":14,
            "h":11,
            "index":84
        },
        {
            "x":886,
            "y":670,
            "w":33,
            "h":13,
            "index":85
        },
        {
            "x":308,
            "y":672,
            "w":523,
            "h":69,
            "index":86
        },
        {
            "x":829,
            "y":685,
            "w":139,
            "h":28,
            "index":87
        },
        {
            "x":814,
            "y":697,
            "w":156,
            "h":41,
            "index":88
        },
        {
            "x":306,
            "y":707,
            "w":1,
            "h":1,
            "index":89
        },
        {
            "x":307,
            "y":708,
            "w":30,
            "h":26,
            "index":90
        },
        {
            "x":770,
            "y":719,
            "w":45,
            "h":156,
            "index":91
        },
        {
            "x":336,
            "y":723,
            "w":47,
            "h":152,
            "index":92
        },
        {
            "x":200,
            "y":726,
            "w":137,
            "h":44,
            "index":93
        },
        {
            "x":934,
            "y":728,
            "w":39,
            "h":97,
            "index":94
        },
        {
            "x":753,
            "y":729,
            "w":17,
            "h":52,
            "index":95
        },
        {
            "x":382,
            "y":731,
            "w":23,
            "h":30,
            "index":96
        },
        {
            "x":693,
            "y":732,
            "w":64,
            "h":25,
            "index":97
        },
        {
            "x":383,
            "y":736,
            "w":33,
            "h":53,
            "index":98
        },
        {
            "x":417,
            "y":737,
            "w":42,
            "h":93,
            "index":99
        },
        {
            "x":814,
            "y":738,
            "w":25,
            "h":33,
            "index":100
        },
        {
            "x":842,
            "y":741,
            "w":26,
            "h":71,
            "index":101
        },
        {
            "x":461,
            "y":742,
            "w":111,
            "h":40,
            "index":102
        },
        {
            "x":554,
            "y":742,
            "w":214,
            "h":153,
            "index":103
        },
        {
            "x":867,
            "y":742,
            "w":40,
            "h":109,
            "index":104
        },
        {
            "x":607,
            "y":745,
            "w":10,
            "h":4,
            "index":105
        },
        {
            "x":815,
            "y":761,
            "w":30,
            "h":90,
            "index":106
        },
        {
            "x":196,
            "y":764,
            "w":43,
            "h":88,
            "index":107
        },
        {
            "x":311,
            "y":768,
            "w":25,
            "h":29,
            "index":108
        },
        {
            "x":239,
            "y":771,
            "w":34,
            "h":39,
            "index":109
        },
        {
            "x":276,
            "y":773,
            "w":34,
            "h":66,
            "index":110
        },
        {
            "x":191,
            "y":783,
            "w":708,
            "h":143,
            "index":111
        },
        {
            "x":525,
            "y":819,
            "w":22,
            "h":24,
            "index":112
        },
        {
            "x":545,
            "y":820,
            "w":11,
            "h":6,
            "index":113
        },
        {
            "x":534,
            "y":833,
            "w":32,
            "h":36,
            "index":114
        },
        {
            "x":675,
            "y":838,
            "w":3,
            "h":1,
            "index":115
        },
        {
            "x":556,
            "y":857,
            "w":21,
            "h":24,
            "index":116
        },
        {
            "x":538,
            "y":863,
            "w":17,
            "h":14,
            "index":117
        },
        {
            "x":484,
            "y":865,
            "w":170,
            "h":48,
            "index":118
        },
        {
            "x":109,
            "y":871,
            "w":39,
            "h":31,
            "index":119
        },
        {
            "x":146,
            "y":871,
            "w":36,
            "h":30,
            "index":120
        },
        {
            "x":90,
            "y":873,
            "w":19,
            "h":29,
            "index":121
        }
    ]
}