{
    "image":"game.png",
    "width":1024,
    "height":1024,
    "selectTab":{
        "id":"01"
    },
    "selectColor":{
        "id":"FCCFCA",
        "color":"#FCCFCA"
    },
    "list":[
        {
            "x":0,
            "y":0,
            "w":58,
            "h":118,
            "index":0
        },
        {
            "x":31,
            "y":0,
            "w":180,
            "h":107,
            "index":1
        },
        {
            "x":112,
            "y":0,
            "w":49,
            "h":9,
            "index":2
        },
        {
            "x":125,
            "y":0,
            "w":78,
            "h":58,
            "index":3
        },
        {
            "x":186,
            "y":0,
            "w":39,
            "h":10,
            "index":4
        },
        {
            "x":230,
            "y":0,
            "w":1,
            "h":1,
            "index":5
        },
        {
            "x":239,
            "y":0,
            "w":48,
            "h":8,
            "index":6
        },
        {
            "x":292,
            "y":0,
            "w":68,
            "h":24,
            "index":7
        },
        {
            "x":0,
            "y":0,
            "w":1024,
            "h":1024,
            "index":8
        },
        {
            "x":442,
            "y":0,
            "w":191,
            "h":125,
            "index":9
        },
        {
            "x":491,
            "y":0,
            "w":70,
            "h":25,
            "index":10
        },
        {
            "x":660,
            "y":0,
            "w":159,
            "h":60,
            "index":11
        },
        {
            "x":989,
            "y":0,
            "w":5,
            "h":1,
            "index":12
        },
        {
            "x":199,
            "y":2,
            "w":103,
            "h":68,
            "index":13
        },
        {
            "x":805,
            "y":2,
            "w":210,
            "h":161,
            "index":14
        },
        {
            "x":115,
            "y":7,
            "w":20,
            "h":39,
            "index":15
        },
        {
            "x":324,
            "y":25,
            "w":45,
            "h":38,
            "index":16
        },
        {
            "x":527,
            "y":28,
            "w":14,
            "h":8,
            "index":17
        },
        {
            "x":80,
            "y":37,
            "w":1,
            "h":1,
            "index":18
        },
        {
            "x":131,
            "y":70,
            "w":150,
            "h":101,
            "index":19
        },
        {
            "x":908,
            "y":77,
            "w":13,
            "h":9,
            "index":20
        },
        {
            "x":644,
            "y":88,
            "w":91,
            "h":74,
            "index":21
        },
        {
            "x":207,
            "y":112,
            "w":11,
            "h":8,
            "index":22
        },
        {
            "x":296,
            "y":117,
            "w":28,
            "h":23,
            "index":23
        },
        {
            "x":682,
            "y":119,
            "w":5,
            "h":3,
            "index":24
        },
        {
            "x":18,
            "y":123,
            "w":87,
            "h":78,
            "index":25
        },
        {
            "x":427,
            "y":135,
            "w":86,
            "h":70,
            "index":26
        },
        {
            "x":55,
            "y":155,
            "w":9,
            "h":7,
            "index":27
        },
        {
            "x":570,
            "y":163,
            "w":57,
            "h":48,
            "index":28
        },
        {
            "x":814,
            "y":169,
            "w":14,
            "h":8,
            "index":29
        },
        {
            "x":896,
            "y":169,
            "w":128,
            "h":115,
            "index":30
        },
        {
            "x":335,
            "y":193,
            "w":15,
            "h":8,
            "index":31
        },
        {
            "x":223,
            "y":207,
            "w":192,
            "h":436,
            "index":32
        },
        {
            "x":658,
            "y":218,
            "w":75,
            "h":64,
            "index":33
        },
        {
            "x":540,
            "y":223,
            "w":20,
            "h":18,
            "index":34
        },
        {
            "x":960,
            "y":226,
            "w":10,
            "h":9,
            "index":35
        },
        {
            "x":241,
            "y":241,
            "w":334,
            "h":315,
            "index":36
        },
        {
            "x":0,
            "y":253,
            "w":36,
            "h":56,
            "index":37
        },
        {
            "x":202,
            "y":257,
            "w":69,
            "h":396,
            "index":38
        },
        {
            "x":439,
            "y":268,
            "w":45,
            "h":38,
            "index":39
        },
        {
            "x":29,
            "y":270,
            "w":178,
            "h":154,
            "index":40
        },
        {
            "x":298,
            "y":281,
            "w":109,
            "h":38,
            "index":41
        },
        {
            "x":838,
            "y":288,
            "w":10,
            "h":8,
            "index":42
        },
        {
            "x":574,
            "y":304,
            "w":194,
            "h":226,
            "index":43
        },
        {
            "x":889,
            "y":310,
            "w":135,
            "h":140,
            "index":44
        },
        {
            "x":264,
            "y":336,
            "w":36,
            "h":44,
            "index":45
        },
        {
            "x":115,
            "y":348,
            "w":12,
            "h":10,
            "index":46
        },
        {
            "x":790,
            "y":351,
            "w":7,
            "h":6,
            "index":47
        },
        {
            "x":622,
            "y":364,
            "w":15,
            "h":16,
            "index":48
        },
        {
            "x":0,
            "y":393,
            "w":131,
            "h":184,
            "index":49
        },
        {
            "x":576,
            "y":398,
            "w":48,
            "h":70,
            "index":50
        },
        {
            "x":847,
            "y":411,
            "w":11,
            "h":8,
            "index":51
        },
        {
            "x":107,
            "y":424,
            "w":1,
            "h":1,
            "index":52
        },
        {
            "x":966,
            "y":428,
            "w":30,
            "h":52,
            "index":53
        },
        {
            "x":110,
            "y":439,
            "w":110,
            "h":191,
            "index":54
        },
        {
            "x":572,
            "y":441,
            "w":35,
            "h":43,
            "index":55
        },
        {
            "x":984,
            "y":441,
            "w":40,
            "h":46,
            "index":56
        },
        {
            "x":927,
            "y":443,
            "w":48,
            "h":50,
            "index":57
        },
        {
            "x":898,
            "y":467,
            "w":52,
            "h":48,
            "index":58
        },
        {
            "x":255,
            "y":469,
            "w":476,
            "h":433,
            "index":59
        },
        {
            "x":295,
            "y":471,
            "w":284,
            "h":111,
            "index":60
        },
        {
            "x":1001,
            "y":481,
            "w":23,
            "h":39,
            "index":61
        },
        {
            "x":952,
            "y":482,
            "w":48,
            "h":41,
            "index":62
        },
        {
            "x":282,
            "y":483,
            "w":349,
            "h":287,
            "index":63
        },
        {
            "x":285,
            "y":491,
            "w":418,
            "h":383,
            "index":64
        },
        {
            "x":963,
            "y":494,
            "w":2,
            "h":3,
            "index":65
        },
        {
            "x":978,
            "y":496,
            "w":3,
            "h":2,
            "index":66
        },
        {
            "x":965,
            "y":510,
            "w":2,
            "h":2,
            "index":67
        },
        {
            "x":978,
            "y":510,
            "w":3,
            "h":2,
            "index":68
        },
        {
            "x":970,
            "y":514,
            "w":54,
            "h":72,
            "index":69
        },
        {
            "x":891,
            "y":516,
            "w":65,
            "h":41,
            "index":70
        },
        {
            "x":259,
            "y":519,
            "w":40,
            "h":78,
            "index":71
        },
        {
            "x":917,
            "y":525,
            "w":52,
            "h":56,
            "index":72
        },
        {
            "x":605,
            "y":559,
            "w":62,
            "h":77,
            "index":73
        },
        {
            "x":913,
            "y":565,
            "w":111,
            "h":110,
            "index":74
        },
        {
            "x":524,
            "y":567,
            "w":17,
            "h":20,
            "index":75
        },
        {
            "x":537,
            "y":568,
            "w":34,
            "h":87,
            "index":76
        },
        {
            "x":554,
            "y":570,
            "w":34,
            "h":93,
            "index":77
        },
        {
            "x":503,
            "y":576,
            "w":48,
            "h":81,
            "index":78
        },
        {
            "x":586,
            "y":584,
            "w":25,
            "h":34,
            "index":79
        },
        {
            "x":949,
            "y":601,
            "w":9,
            "h":4,
            "index":80
        },
        {
            "x":0,
            "y":602,
            "w":102,
            "h":101,
            "index":81
        },
        {
            "x":157,
            "y":603,
            "w":76,
            "h":64,
            "index":82
        },
        {
            "x":551,
            "y":604,
            "w":80,
            "h":84,
            "index":83
        },
        {
            "x":978,
            "y":620,
            "w":11,
            "h":6,
            "index":84
        },
        {
            "x":607,
            "y":624,
            "w":54,
            "h":65,
            "index":85
        },
        {
            "x":878,
            "y":632,
            "w":13,
            "h":11,
            "index":86
        },
        {
            "x":63,
            "y":636,
            "w":260,
            "h":97,
            "index":87
        },
        {
            "x":450,
            "y":641,
            "w":238,
            "h":205,
            "index":88
        },
        {
            "x":228,
            "y":645,
            "w":12,
            "h":13,
            "index":89
        },
        {
            "x":320,
            "y":653,
            "w":75,
            "h":84,
            "index":90
        },
        {
            "x":456,
            "y":655,
            "w":73,
            "h":67,
            "index":91
        },
        {
            "x":483,
            "y":662,
            "w":68,
            "h":150,
            "index":92
        },
        {
            "x":541,
            "y":672,
            "w":103,
            "h":42,
            "index":93
        },
        {
            "x":532,
            "y":699,
            "w":103,
            "h":64,
            "index":94
        },
        {
            "x":376,
            "y":700,
            "w":140,
            "h":100,
            "index":95
        },
        {
            "x":509,
            "y":713,
            "w":41,
            "h":105,
            "index":96
        },
        {
            "x":208,
            "y":715,
            "w":25,
            "h":14,
            "index":97
        },
        {
            "x":507,
            "y":744,
            "w":15,
            "h":27,
            "index":98
        },
        {
            "x":751,
            "y":749,
            "w":20,
            "h":16,
            "index":99
        },
        {
            "x":776,
            "y":777,
            "w":12,
            "h":8,
            "index":100
        },
        {
            "x":750,
            "y":791,
            "w":14,
            "h":13,
            "index":101
        },
        {
            "x":141,
            "y":815,
            "w":40,
            "h":65,
            "index":102
        },
        {
            "x":925,
            "y":824,
            "w":28,
            "h":27,
            "index":103
        },
        {
            "x":736,
            "y":826,
            "w":7,
            "h":4,
            "index":104
        },
        {
            "x":166,
            "y":830,
            "w":62,
            "h":73,
            "index":105
        },
        {
            "x":87,
            "y":831,
            "w":70,
            "h":73,
            "index":106
        },
        {
            "x":757,
            "y":838,
            "w":8,
            "h":10,
            "index":107
        },
        {
            "x":6,
            "y":851,
            "w":81,
            "h":114,
            "index":108
        },
        {
            "x":692,
            "y":852,
            "w":33,
            "h":23,
            "index":109
        },
        {
            "x":949,
            "y":856,
            "w":75,
            "h":123,
            "index":110
        },
        {
            "x":656,
            "y":871,
            "w":15,
            "h":8,
            "index":111
        },
        {
            "x":196,
            "y":873,
            "w":81,
            "h":51,
            "index":112
        },
        {
            "x":52,
            "y":877,
            "w":74,
            "h":49,
            "index":113
        },
        {
            "x":127,
            "y":885,
            "w":65,
            "h":60,
            "index":114
        },
        {
            "x":275,
            "y":898,
            "w":77,
            "h":65,
            "index":115
        },
        {
            "x":138,
            "y":902,
            "w":1,
            "h":1,
            "index":116
        },
        {
            "x":139,
            "y":903,
            "w":1,
            "h":1,
            "index":117
        },
        {
            "x":159,
            "y":908,
            "w":5,
            "h":3,
            "index":118
        },
        {
            "x":181,
            "y":914,
            "w":84,
            "h":65,
            "index":119
        },
        {
            "x":175,
            "y":915,
            "w":3,
            "h":3,
            "index":120
        },
        {
            "x":138,
            "y":917,
            "w":5,
            "h":4,
            "index":121
        },
        {
            "x":57,
            "y":920,
            "w":86,
            "h":70,
            "index":122
        },
        {
            "x":158,
            "y":931,
            "w":5,
            "h":3,
            "index":123
        },
        {
            "x":133,
            "y":941,
            "w":63,
            "h":78,
            "index":124
        },
        {
            "x":50,
            "y":968,
            "w":5,
            "h":2,
            "index":125
        },
        {
            "x":0,
            "y":972,
            "w":155,
            "h":52,
            "index":126
        },
        {
            "x":179,
            "y":973,
            "w":87,
            "h":51,
            "index":127
        },
        {
            "x":687,
            "y":976,
            "w":74,
            "h":48,
            "index":128
        },
        {
            "x":260,
            "y":991,
            "w":75,
            "h":33,
            "index":129
        },
        {
            "x":362,
            "y":1007,
            "w":7,
            "h":5,
            "index":130
        },
        {
            "x":158,
            "y":1019,
            "w":16,
            "h":5,
            "index":131
        }
    ]
}