{
    "image":"game.png",
    "width":1024,
    "height":1024,
    "selectTab":{
        "id":"01"
    },
    "selectColor":{
        "id":"FCCFCA",
        "color":"#FCCFCA"
    },
    "list":[
        {
            "x":0,
            "y":0,
            "w":1024,
            "h":1024,
            "index":0
        },
        {
            "x":206,
            "y":80,
            "w":76,
            "h":39,
            "index":1
        },
        {
            "x":702,
            "y":80,
            "w":107,
            "h":50,
            "index":2
        },
        {
            "x":232,
            "y":86,
            "w":533,
            "h":534,
            "index":3
        },
        {
            "x":109,
            "y":93,
            "w":64,
            "h":492,
            "index":4
        },
        {
            "x":848,
            "y":107,
            "w":72,
            "h":377,
            "index":5
        },
        {
            "x":219,
            "y":170,
            "w":86,
            "h":40,
            "index":6
        },
        {
            "x":784,
            "y":182,
            "w":50,
            "h":227,
            "index":7
        },
        {
            "x":46,
            "y":206,
            "w":72,
            "h":482,
            "index":8
        },
        {
            "x":900,
            "y":209,
            "w":82,
            "h":484,
            "index":9
        },
        {
            "x":715,
            "y":225,
            "w":34,
            "h":110,
            "index":10
        },
        {
            "x":207,
            "y":261,
            "w":27,
            "h":74,
            "index":11
        },
        {
            "x":165,
            "y":313,
            "w":203,
            "h":195,
            "index":12
        },
        {
            "x":631,
            "y":339,
            "w":179,
            "h":151,
            "index":13
        },
        {
            "x":251,
            "y":364,
            "w":53,
            "h":27,
            "index":14
        },
        {
            "x":232,
            "y":376,
            "w":20,
            "h":46,
            "index":15
        },
        {
            "x":723,
            "y":390,
            "w":29,
            "h":9,
            "index":16
        },
        {
            "x":741,
            "y":404,
            "w":20,
            "h":27,
            "index":17
        },
        {
            "x":343,
            "y":407,
            "w":47,
            "h":19,
            "index":18
        },
        {
            "x":462,
            "y":409,
            "w":54,
            "h":27,
            "index":19
        },
        {
            "x":800,
            "y":410,
            "w":83,
            "h":204,
            "index":20
        },
        {
            "x":574,
            "y":413,
            "w":88,
            "h":34,
            "index":21
        },
        {
            "x":280,
            "y":419,
            "w":60,
            "h":44,
            "index":22
        },
        {
            "x":317,
            "y":430,
            "w":59,
            "h":38,
            "index":23
        },
        {
            "x":640,
            "y":435,
            "w":53,
            "h":54,
            "index":24
        },
        {
            "x":440,
            "y":439,
            "w":93,
            "h":40,
            "index":25
        },
        {
            "x":797,
            "y":444,
            "w":58,
            "h":78,
            "index":26
        },
        {
            "x":586,
            "y":448,
            "w":63,
            "h":39,
            "index":27
        },
        {
            "x":677,
            "y":449,
            "w":35,
            "h":54,
            "index":28
        },
        {
            "x":279,
            "y":468,
            "w":101,
            "h":31,
            "index":29
        },
        {
            "x":761,
            "y":477,
            "w":90,
            "h":88,
            "index":30
        },
        {
            "x":440,
            "y":479,
            "w":126,
            "h":35,
            "index":31
        },
        {
            "x":700,
            "y":479,
            "w":15,
            "h":34,
            "index":32
        },
        {
            "x":614,
            "y":492,
            "w":55,
            "h":30,
            "index":33
        },
        {
            "x":213,
            "y":495,
            "w":37,
            "h":99,
            "index":34
        },
        {
            "x":669,
            "y":498,
            "w":39,
            "h":52,
            "index":35
        },
        {
            "x":289,
            "y":499,
            "w":87,
            "h":69,
            "index":36
        },
        {
            "x":321,
            "y":501,
            "w":72,
            "h":54,
            "index":37
        },
        {
            "x":170,
            "y":508,
            "w":45,
            "h":51,
            "index":38
        },
        {
            "x":431,
            "y":510,
            "w":144,
            "h":61,
            "index":39
        },
        {
            "x":750,
            "y":516,
            "w":86,
            "h":82,
            "index":40
        },
        {
            "x":236,
            "y":520,
            "w":121,
            "h":92,
            "index":41
        },
        {
            "x":615,
            "y":524,
            "w":112,
            "h":73,
            "index":42
        },
        {
            "x":104,
            "y":546,
            "w":166,
            "h":159,
            "index":43
        },
        {
            "x":748,
            "y":550,
            "w":95,
            "h":87,
            "index":44
        },
        {
            "x":315,
            "y":551,
            "w":439,
            "h":119,
            "index":45
        },
        {
            "x":844,
            "y":553,
            "w":42,
            "h":136,
            "index":46
        },
        {
            "x":463,
            "y":585,
            "w":61,
            "h":25,
            "index":47
        },
        {
            "x":249,
            "y":592,
            "w":99,
            "h":40,
            "index":48
        },
        {
            "x":622,
            "y":598,
            "w":60,
            "h":32,
            "index":49
        },
        {
            "x":463,
            "y":599,
            "w":67,
            "h":29,
            "index":50
        },
        {
            "x":751,
            "y":603,
            "w":42,
            "h":19,
            "index":51
        },
        {
            "x":556,
            "y":622,
            "w":30,
            "h":29,
            "index":52
        },
        {
            "x":760,
            "y":625,
            "w":26,
            "h":10,
            "index":53
        },
        {
            "x":109,
            "y":626,
            "w":22,
            "h":55,
            "index":54
        },
        {
            "x":293,
            "y":628,
            "w":18,
            "h":8,
            "index":55
        },
        {
            "x":645,
            "y":631,
            "w":178,
            "h":73,
            "index":56
        },
        {
            "x":238,
            "y":635,
            "w":294,
            "h":108,
            "index":57
        },
        {
            "x":826,
            "y":639,
            "w":17,
            "h":47,
            "index":58
        },
        {
            "x":932,
            "y":641,
            "w":40,
            "h":52,
            "index":59
        },
        {
            "x":582,
            "y":643,
            "w":27,
            "h":23,
            "index":60
        },
        {
            "x":802,
            "y":647,
            "w":165,
            "h":169,
            "index":61
        },
        {
            "x":536,
            "y":648,
            "w":30,
            "h":29,
            "index":62
        },
        {
            "x":790,
            "y":655,
            "w":31,
            "h":147,
            "index":63
        },
        {
            "x":571,
            "y":657,
            "w":7,
            "h":7,
            "index":64
        },
        {
            "x":674,
            "y":664,
            "w":120,
            "h":79,
            "index":65
        },
        {
            "x":239,
            "y":665,
            "w":39,
            "h":129,
            "index":66
        },
        {
            "x":555,
            "y":669,
            "w":84,
            "h":36,
            "index":67
        },
        {
            "x":275,
            "y":670,
            "w":120,
            "h":58,
            "index":68
        },
        {
            "x":523,
            "y":680,
            "w":28,
            "h":28,
            "index":69
        },
        {
            "x":462,
            "y":692,
            "w":61,
            "h":51,
            "index":70
        },
        {
            "x":824,
            "y":692,
            "w":32,
            "h":16,
            "index":71
        },
        {
            "x":543,
            "y":701,
            "w":64,
            "h":53,
            "index":72
        },
        {
            "x":642,
            "y":703,
            "w":27,
            "h":155,
            "index":73
        },
        {
            "x":610,
            "y":708,
            "w":29,
            "h":151,
            "index":74
        },
        {
            "x":672,
            "y":712,
            "w":118,
            "h":85,
            "index":75
        },
        {
            "x":519,
            "y":714,
            "w":27,
            "h":26,
            "index":76
        },
        {
            "x":279,
            "y":718,
            "w":238,
            "h":77,
            "index":77
        },
        {
            "x":183,
            "y":729,
            "w":24,
            "h":10,
            "index":78
        },
        {
            "x":103,
            "y":732,
            "w":42,
            "h":21,
            "index":79
        },
        {
            "x":75,
            "y":747,
            "w":30,
            "h":16,
            "index":80
        },
        {
            "x":515,
            "y":747,
            "w":29,
            "h":27,
            "index":81
        },
        {
            "x":540,
            "y":752,
            "w":66,
            "h":56,
            "index":82
        },
        {
            "x":738,
            "y":758,
            "w":28,
            "h":143,
            "index":83
        },
        {
            "x":763,
            "y":765,
            "w":23,
            "h":45,
            "index":84
        },
        {
            "x":282,
            "y":772,
            "w":228,
            "h":58,
            "index":85
        },
        {
            "x":513,
            "y":781,
            "w":30,
            "h":28,
            "index":86
        },
        {
            "x":671,
            "y":783,
            "w":65,
            "h":63,
            "index":87
        },
        {
            "x":140,
            "y":784,
            "w":75,
            "h":23,
            "index":88
        },
        {
            "x":766,
            "y":799,
            "w":42,
            "h":102,
            "index":89
        },
        {
            "x":139,
            "y":801,
            "w":77,
            "h":24,
            "index":90
        },
        {
            "x":527,
            "y":806,
            "w":78,
            "h":49,
            "index":91
        },
        {
            "x":768,
            "y":809,
            "w":18,
            "h":44,
            "index":92
        },
        {
            "x":503,
            "y":812,
            "w":29,
            "h":27,
            "index":93
        },
        {
            "x":698,
            "y":818,
            "w":49,
            "h":86,
            "index":94
        },
        {
            "x":426,
            "y":826,
            "w":24,
            "h":25,
            "index":95
        },
        {
            "x":456,
            "y":826,
            "w":23,
            "h":25,
            "index":96
        },
        {
            "x":725,
            "y":827,
            "w":21,
            "h":41,
            "index":97
        },
        {
            "x":481,
            "y":832,
            "w":27,
            "h":28,
            "index":98
        },
        {
            "x":398,
            "y":837,
            "w":28,
            "h":25,
            "index":99
        },
        {
            "x":878,
            "y":841,
            "w":49,
            "h":23,
            "index":100
        },
        {
            "x":84,
            "y":843,
            "w":24,
            "h":11,
            "index":101
        },
        {
            "x":328,
            "y":843,
            "w":27,
            "h":17,
            "index":102
        },
        {
            "x":202,
            "y":845,
            "w":73,
            "h":23,
            "index":103
        },
        {
            "x":780,
            "y":860,
            "w":55,
            "h":44,
            "index":104
        },
        {
            "x":384,
            "y":861,
            "w":28,
            "h":26,
            "index":105
        },
        {
            "x":199,
            "y":865,
            "w":77,
            "h":23,
            "index":106
        },
        {
            "x":440,
            "y":876,
            "w":27,
            "h":24,
            "index":107
        },
        {
            "x":408,
            "y":880,
            "w":26,
            "h":26,
            "index":108
        },
        {
            "x":538,
            "y":884,
            "w":72,
            "h":36,
            "index":109
        },
        {
            "x":129,
            "y":888,
            "w":49,
            "h":23,
            "index":110
        },
        {
            "x":667,
            "y":898,
            "w":20,
            "h":10,
            "index":111
        },
        {
            "x":857,
            "y":898,
            "w":22,
            "h":11,
            "index":112
        },
        {
            "x":296,
            "y":901,
            "w":20,
            "h":9,
            "index":113
        },
        {
            "x":494,
            "y":912,
            "w":71,
            "h":24,
            "index":114
        }
    ]
}