{
    "image":"game.png",
    "width":1024,
    "height":1024,
    "selectTab":{
        "id":"01"
    },
    "selectColor":{
        "id":"FCCFCA",
        "color":"#FCCFCA"
    },
    "list":[
        {
            "x":0,
            "y":0,
            "w":1024,
            "h":1024,
            "index":0
        },
        {
            "x":368,
            "y":89,
            "w":116,
            "h":219,
            "index":1
        },
        {
            "x":548,
            "y":89,
            "w":118,
            "h":220,
            "index":2
        },
        {
            "x":389,
            "y":134,
            "w":70,
            "h":169,
            "index":3
        },
        {
            "x":573,
            "y":134,
            "w":70,
            "h":167,
            "index":4
        },
        {
            "x":407,
            "y":224,
            "w":35,
            "h":70,
            "index":5
        },
        {
            "x":590,
            "y":225,
            "w":35,
            "h":75,
            "index":6
        },
        {
            "x":265,
            "y":290,
            "w":504,
            "h":397,
            "index":7
        },
        {
            "x":321,
            "y":378,
            "w":391,
            "h":282,
            "index":8
        },
        {
            "x":400,
            "y":470,
            "w":85,
            "h":109,
            "index":9
        },
        {
            "x":550,
            "y":470,
            "w":86,
            "h":109,
            "index":10
        },
        {
            "x":448,
            "y":495,
            "w":14,
            "h":22,
            "index":11
        },
        {
            "x":572,
            "y":495,
            "w":15,
            "h":22,
            "index":12
        },
        {
            "x":685,
            "y":527,
            "w":11,
            "h":32,
            "index":13
        },
        {
            "x":338,
            "y":528,
            "w":10,
            "h":30,
            "index":14
        },
        {
            "x":499,
            "y":539,
            "w":38,
            "h":28,
            "index":15
        },
        {
            "x":345,
            "y":543,
            "w":15,
            "h":19,
            "index":16
        },
        {
            "x":673,
            "y":544,
            "w":15,
            "h":20,
            "index":17
        },
        {
            "x":346,
            "y":559,
            "w":18,
            "h":31,
            "index":18
        },
        {
            "x":670,
            "y":561,
            "w":17,
            "h":29,
            "index":19
        },
        {
            "x":366,
            "y":563,
            "w":22,
            "h":29,
            "index":20
        },
        {
            "x":646,
            "y":565,
            "w":22,
            "h":28,
            "index":21
        },
        {
            "x":369,
            "y":585,
            "w":28,
            "h":31,
            "index":22
        },
        {
            "x":394,
            "y":585,
            "w":28,
            "h":31,
            "index":23
        },
        {
            "x":613,
            "y":586,
            "w":28,
            "h":30,
            "index":24
        },
        {
            "x":638,
            "y":586,
            "w":28,
            "h":30,
            "index":25
        },
        {
            "x":753,
            "y":595,
            "w":33,
            "h":47,
            "index":26
        },
        {
            "x":427,
            "y":603,
            "w":28,
            "h":29,
            "index":27
        },
        {
            "x":582,
            "y":603,
            "w":26,
            "h":29,
            "index":28
        },
        {
            "x":402,
            "y":604,
            "w":32,
            "h":30,
            "index":29
        },
        {
            "x":604,
            "y":604,
            "w":30,
            "h":29,
            "index":30
        },
        {
            "x":460,
            "y":615,
            "w":27,
            "h":26,
            "index":31
        },
        {
            "x":552,
            "y":615,
            "w":25,
            "h":26,
            "index":32
        },
        {
            "x":439,
            "y":616,
            "w":28,
            "h":27,
            "index":33
        },
        {
            "x":572,
            "y":616,
            "w":27,
            "h":26,
            "index":34
        },
        {
            "x":758,
            "y":616,
            "w":17,
            "h":24,
            "index":35
        },
        {
            "x":491,
            "y":621,
            "w":25,
            "h":24,
            "index":36
        },
        {
            "x":521,
            "y":621,
            "w":26,
            "h":24,
            "index":37
        },
        {
            "x":472,
            "y":623,
            "w":28,
            "h":25,
            "index":38
        },
        {
            "x":539,
            "y":623,
            "w":27,
            "h":24,
            "index":39
        },
        {
            "x":505,
            "y":625,
            "w":29,
            "h":23,
            "index":40
        },
        {
            "x":741,
            "y":640,
            "w":20,
            "h":28,
            "index":41
        },
        {
            "x":363,
            "y":662,
            "w":347,
            "h":266,
            "index":42
        },
        {
            "x":737,
            "y":665,
            "w":12,
            "h":10,
            "index":43
        },
        {
            "x":246,
            "y":669,
            "w":200,
            "h":123,
            "index":44
        },
        {
            "x":723,
            "y":671,
            "w":23,
            "h":33,
            "index":45
        },
        {
            "x":264,
            "y":686,
            "w":30,
            "h":20,
            "index":46
        },
        {
            "x":690,
            "y":693,
            "w":34,
            "h":48,
            "index":47
        },
        {
            "x":702,
            "y":706,
            "w":38,
            "h":54,
            "index":48
        },
        {
            "x":681,
            "y":713,
            "w":38,
            "h":69,
            "index":49
        },
        {
            "x":268,
            "y":716,
            "w":27,
            "h":19,
            "index":50
        },
        {
            "x":393,
            "y":717,
            "w":27,
            "h":22,
            "index":51
        },
        {
            "x":245,
            "y":722,
            "w":186,
            "h":78,
            "index":52
        },
        {
            "x":420,
            "y":738,
            "w":26,
            "h":18,
            "index":53
        },
        {
            "x":292,
            "y":743,
            "w":33,
            "h":21,
            "index":54
        },
        {
            "x":333,
            "y":764,
            "w":26,
            "h":15,
            "index":55
        },
        {
            "x":376,
            "y":764,
            "w":28,
            "h":17,
            "index":56
        },
        {
            "x":427,
            "y":920,
            "w":80,
            "h":31,
            "index":57
        },
        {
            "x":525,
            "y":921,
            "w":81,
            "h":30,
            "index":58
        }
    ]
}