{
    "image":"game.png",
    "width":1024,
    "height":1024,
    "selectTab":{
        "id":"01"
    },
    "selectColor":{
        "id":"FCCFCA",
        "color":"#FCCFCA"
    },
    "list":[
        {
            "x":1,
            "y":0,
            "w":1022,
            "h":685,
            "index":0
        },
        {
            "x":520,
            "y":33,
            "w":144,
            "h":240,
            "index":1
        },
        {
            "x":675,
            "y":46,
            "w":348,
            "h":402,
            "index":2
        },
        {
            "x":345,
            "y":52,
            "w":142,
            "h":242,
            "index":3
        },
        {
            "x":731,
            "y":55,
            "w":148,
            "h":138,
            "index":4
        },
        {
            "x":550,
            "y":75,
            "w":84,
            "h":188,
            "index":5
        },
        {
            "x":116,
            "y":89,
            "w":164,
            "h":112,
            "index":6
        },
        {
            "x":380,
            "y":91,
            "w":85,
            "h":186,
            "index":7
        },
        {
            "x":731,
            "y":91,
            "w":56,
            "h":47,
            "index":8
        },
        {
            "x":847,
            "y":161,
            "w":11,
            "h":9,
            "index":9
        },
        {
            "x":573,
            "y":168,
            "w":39,
            "h":86,
            "index":10
        },
        {
            "x":401,
            "y":179,
            "w":43,
            "h":88,
            "index":11
        },
        {
            "x":1,
            "y":197,
            "w":288,
            "h":296,
            "index":12
        },
        {
            "x":318,
            "y":241,
            "w":384,
            "h":129,
            "index":13
        },
        {
            "x":215,
            "y":252,
            "w":21,
            "h":21,
            "index":14
        },
        {
            "x":518,
            "y":262,
            "w":107,
            "h":80,
            "index":15
        },
        {
            "x":851,
            "y":262,
            "w":80,
            "h":94,
            "index":16
        },
        {
            "x":378,
            "y":273,
            "w":103,
            "h":83,
            "index":17
        },
        {
            "x":532,
            "y":276,
            "w":76,
            "h":50,
            "index":18
        },
        {
            "x":810,
            "y":279,
            "w":51,
            "h":77,
            "index":19
        },
        {
            "x":838,
            "y":279,
            "w":47,
            "h":73,
            "index":20
        },
        {
            "x":479,
            "y":286,
            "w":38,
            "h":25,
            "index":21
        },
        {
            "x":394,
            "y":287,
            "w":72,
            "h":54,
            "index":22
        },
        {
            "x":622,
            "y":304,
            "w":100,
            "h":82,
            "index":23
        },
        {
            "x":292,
            "y":311,
            "w":461,
            "h":347,
            "index":24
        },
        {
            "x":301,
            "y":328,
            "w":84,
            "h":97,
            "index":25
        },
        {
            "x":262,
            "y":343,
            "w":14,
            "h":15,
            "index":26
        },
        {
            "x":323,
            "y":353,
            "w":394,
            "h":282,
            "index":27
        },
        {
            "x":484,
            "y":354,
            "w":15,
            "h":17,
            "index":28
        },
        {
            "x":653,
            "y":356,
            "w":370,
            "h":372,
            "index":29
        },
        {
            "x":441,
            "y":361,
            "w":19,
            "h":8,
            "index":30
        },
        {
            "x":785,
            "y":369,
            "w":29,
            "h":30,
            "index":31
        },
        {
            "x":113,
            "y":371,
            "w":47,
            "h":48,
            "index":32
        },
        {
            "x":552,
            "y":443,
            "w":83,
            "h":112,
            "index":33
        },
        {
            "x":651,
            "y":451,
            "w":372,
            "h":381,
            "index":34
        },
        {
            "x":331,
            "y":455,
            "w":3,
            "h":11,
            "index":35
        },
        {
            "x":401,
            "y":456,
            "w":84,
            "h":109,
            "index":36
        },
        {
            "x":801,
            "y":467,
            "w":136,
            "h":82,
            "index":37
        },
        {
            "x":678,
            "y":469,
            "w":23,
            "h":47,
            "index":38
        },
        {
            "x":152,
            "y":470,
            "w":138,
            "h":88,
            "index":39
        },
        {
            "x":580,
            "y":474,
            "w":14,
            "h":22,
            "index":40
        },
        {
            "x":438,
            "y":484,
            "w":13,
            "h":22,
            "index":41
        },
        {
            "x":125,
            "y":508,
            "w":172,
            "h":200,
            "index":42
        },
        {
            "x":78,
            "y":516,
            "w":132,
            "h":91,
            "index":43
        },
        {
            "x":655,
            "y":518,
            "w":23,
            "h":30,
            "index":44
        },
        {
            "x":503,
            "y":519,
            "w":35,
            "h":25,
            "index":45
        },
        {
            "x":157,
            "y":544,
            "w":155,
            "h":183,
            "index":46
        },
        {
            "x":356,
            "y":549,
            "w":26,
            "h":27,
            "index":47
        },
        {
            "x":622,
            "y":552,
            "w":28,
            "h":27,
            "index":48
        },
        {
            "x":387,
            "y":573,
            "w":31,
            "h":28,
            "index":49
        },
        {
            "x":191,
            "y":576,
            "w":202,
            "h":235,
            "index":50
        },
        {
            "x":579,
            "y":579,
            "w":37,
            "h":25,
            "index":51
        },
        {
            "x":742,
            "y":583,
            "w":80,
            "h":50,
            "index":52
        },
        {
            "x":265,
            "y":592,
            "w":63,
            "h":38,
            "index":53
        },
        {
            "x":426,
            "y":595,
            "w":40,
            "h":24,
            "index":54
        },
        {
            "x":530,
            "y":598,
            "w":41,
            "h":22,
            "index":55
        },
        {
            "x":83,
            "y":603,
            "w":66,
            "h":96,
            "index":56
        },
        {
            "x":351,
            "y":606,
            "w":64,
            "h":46,
            "index":57
        },
        {
            "x":476,
            "y":607,
            "w":42,
            "h":17,
            "index":58
        },
        {
            "x":345,
            "y":625,
            "w":374,
            "h":303,
            "index":59
        },
        {
            "x":1,
            "y":642,
            "w":343,
            "h":359,
            "index":60
        },
        {
            "x":347,
            "y":643,
            "w":57,
            "h":43,
            "index":61
        },
        {
            "x":362,
            "y":650,
            "w":6,
            "h":14,
            "index":62
        },
        {
            "x":380,
            "y":652,
            "w":9,
            "h":22,
            "index":63
        },
        {
            "x":249,
            "y":663,
            "w":25,
            "h":24,
            "index":64
        },
        {
            "x":352,
            "y":681,
            "w":14,
            "h":30,
            "index":65
        },
        {
            "x":321,
            "y":700,
            "w":36,
            "h":53,
            "index":66
        },
        {
            "x":718,
            "y":710,
            "w":305,
            "h":314,
            "index":67
        },
        {
            "x":351,
            "y":713,
            "w":10,
            "h":21,
            "index":68
        },
        {
            "x":781,
            "y":729,
            "w":155,
            "h":108,
            "index":69
        },
        {
            "x":893,
            "y":735,
            "w":14,
            "h":11,
            "index":70
        },
        {
            "x":906,
            "y":743,
            "w":11,
            "h":12,
            "index":71
        },
        {
            "x":832,
            "y":752,
            "w":21,
            "h":11,
            "index":72
        },
        {
            "x":326,
            "y":753,
            "w":17,
            "h":20,
            "index":73
        },
        {
            "x":916,
            "y":753,
            "w":30,
            "h":66,
            "index":74
        },
        {
            "x":667,
            "y":754,
            "w":60,
            "h":52,
            "index":75
        },
        {
            "x":47,
            "y":758,
            "w":135,
            "h":126,
            "index":76
        },
        {
            "x":877,
            "y":759,
            "w":18,
            "h":13,
            "index":77
        },
        {
            "x":806,
            "y":781,
            "w":17,
            "h":17,
            "index":78
        },
        {
            "x":901,
            "y":783,
            "w":14,
            "h":19,
            "index":79
        },
        {
            "x":847,
            "y":788,
            "w":17,
            "h":8,
            "index":80
        },
        {
            "x":840,
            "y":789,
            "w":49,
            "h":53,
            "index":81
        },
        {
            "x":836,
            "y":795,
            "w":14,
            "h":10,
            "index":82
        },
        {
            "x":832,
            "y":807,
            "w":12,
            "h":9,
            "index":83
        },
        {
            "x":262,
            "y":808,
            "w":488,
            "h":216,
            "index":84
        },
        {
            "x":828,
            "y":816,
            "w":12,
            "h":12,
            "index":85
        },
        {
            "x":326,
            "y":826,
            "w":56,
            "h":78,
            "index":86
        },
        {
            "x":79,
            "y":827,
            "w":10,
            "h":12,
            "index":87
        },
        {
            "x":811,
            "y":875,
            "w":153,
            "h":140,
            "index":88
        },
        {
            "x":109,
            "y":880,
            "w":28,
            "h":14,
            "index":89
        },
        {
            "x":166,
            "y":884,
            "w":63,
            "h":47,
            "index":90
        },
        {
            "x":109,
            "y":889,
            "w":50,
            "h":81,
            "index":91
        },
        {
            "x":450,
            "y":915,
            "w":80,
            "h":44,
            "index":92
        },
        {
            "x":744,
            "y":918,
            "w":116,
            "h":106,
            "index":93
        },
        {
            "x":918,
            "y":926,
            "w":19,
            "h":23,
            "index":94
        },
        {
            "x":179,
            "y":931,
            "w":24,
            "h":37,
            "index":95
        },
        {
            "x":1,
            "y":954,
            "w":269,
            "h":70,
            "index":96
        },
        {
            "x":857,
            "y":1006,
            "w":32,
            "h":18,
            "index":97
        },
        {
            "x":778,
            "y":1018,
            "w":36,
            "h":6,
            "index":98
        }
    ]
}