{
    "image":"game.png",
    "width":1024,
    "height":1024,
    "selectTab":{
        "id":"01"
    },
    "selectColor":{
        "id":"FCCFCA",
        "color":"#FCCFCA"
    },
    "list":[
        {
            "x":0,
            "y":0,
            "w":1024,
            "h":1024,
            "index":0
        },
        {
            "x":148,
            "y":223,
            "w":727,
            "h":499,
            "index":1
        },
        {
            "x":459,
            "y":239,
            "w":33,
            "h":33,
            "index":2
        },
        {
            "x":572,
            "y":257,
            "w":43,
            "h":23,
            "index":3
        },
        {
            "x":294,
            "y":266,
            "w":31,
            "h":41,
            "index":4
        },
        {
            "x":398,
            "y":271,
            "w":51,
            "h":50,
            "index":5
        },
        {
            "x":668,
            "y":293,
            "w":36,
            "h":35,
            "index":6
        },
        {
            "x":485,
            "y":312,
            "w":38,
            "h":34,
            "index":7
        },
        {
            "x":631,
            "y":328,
            "w":33,
            "h":33,
            "index":8
        },
        {
            "x":237,
            "y":333,
            "w":51,
            "h":51,
            "index":9
        },
        {
            "x":603,
            "y":342,
            "w":16,
            "h":44,
            "index":10
        },
        {
            "x":748,
            "y":342,
            "w":43,
            "h":24,
            "index":11
        },
        {
            "x":384,
            "y":343,
            "w":29,
            "h":42,
            "index":12
        },
        {
            "x":683,
            "y":386,
            "w":39,
            "h":32,
            "index":13
        },
        {
            "x":296,
            "y":390,
            "w":50,
            "h":51,
            "index":14
        },
        {
            "x":401,
            "y":404,
            "w":219,
            "h":82,
            "index":15
        },
        {
            "x":750,
            "y":410,
            "w":50,
            "h":51,
            "index":16
        },
        {
            "x":248,
            "y":417,
            "w":29,
            "h":41,
            "index":17
        },
        {
            "x":178,
            "y":433,
            "w":44,
            "h":16,
            "index":18
        },
        {
            "x":410,
            "y":451,
            "w":202,
            "h":82,
            "index":19
        },
        {
            "x":676,
            "y":466,
            "w":24,
            "h":44,
            "index":20
        },
        {
            "x":816,
            "y":475,
            "w":36,
            "h":38,
            "index":21
        },
        {
            "x":232,
            "y":490,
            "w":33,
            "h":32,
            "index":22
        },
        {
            "x":748,
            "y":500,
            "w":36,
            "h":35,
            "index":23
        },
        {
            "x":337,
            "y":504,
            "w":45,
            "h":16,
            "index":24
        },
        {
            "x":584,
            "y":544,
            "w":32,
            "h":40,
            "index":25
        },
        {
            "x":313,
            "y":552,
            "w":21,
            "h":44,
            "index":26
        },
        {
            "x":167,
            "y":570,
            "w":694,
            "h":231,
            "index":27
        },
        {
            "x":661,
            "y":579,
            "w":37,
            "h":35,
            "index":28
        },
        {
            "x":459,
            "y":588,
            "w":44,
            "h":21,
            "index":29
        },
        {
            "x":397,
            "y":603,
            "w":35,
            "h":35,
            "index":30
        },
        {
            "x":536,
            "y":610,
            "w":35,
            "h":37,
            "index":31
        }
    ]
}