{
    "image":"game.png",
    "width":1024,
    "height":1024,
    "selectTab":{
        "id":"01"
    },
    "selectColor":{
        "id":"FCCFCA",
        "color":"#FCCFCA"
    },
    "list":[
        {
            "x":0,
            "y":0,
            "w":1024,
            "h":1024,
            "index":0
        },
        {
            "x":189,
            "y":0,
            "w":125,
            "h":43,
            "index":1
        },
        {
            "x":317,
            "y":0,
            "w":79,
            "h":42,
            "index":2
        },
        {
            "x":398,
            "y":0,
            "w":72,
            "h":41,
            "index":3
        },
        {
            "x":473,
            "y":0,
            "w":79,
            "h":44,
            "index":4
        },
        {
            "x":555,
            "y":0,
            "w":160,
            "h":45,
            "index":5
        },
        {
            "x":473,
            "y":2,
            "w":431,
            "h":233,
            "index":6
        },
        {
            "x":80,
            "y":16,
            "w":314,
            "h":225,
            "index":7
        },
        {
            "x":367,
            "y":31,
            "w":54,
            "h":134,
            "index":8
        },
        {
            "x":446,
            "y":34,
            "w":33,
            "h":84,
            "index":9
        },
        {
            "x":195,
            "y":40,
            "w":7,
            "h":8,
            "index":10
        },
        {
            "x":364,
            "y":44,
            "w":183,
            "h":250,
            "index":11
        },
        {
            "x":670,
            "y":47,
            "w":7,
            "h":8,
            "index":12
        },
        {
            "x":550,
            "y":48,
            "w":7,
            "h":7,
            "index":13
        },
        {
            "x":221,
            "y":51,
            "w":7,
            "h":7,
            "index":14
        },
        {
            "x":311,
            "y":51,
            "w":7,
            "h":8,
            "index":15
        },
        {
            "x":373,
            "y":54,
            "w":7,
            "h":8,
            "index":16
        },
        {
            "x":339,
            "y":55,
            "w":7,
            "h":8,
            "index":17
        },
        {
            "x":254,
            "y":56,
            "w":7,
            "h":8,
            "index":18
        },
        {
            "x":282,
            "y":56,
            "w":7,
            "h":8,
            "index":19
        },
        {
            "x":577,
            "y":56,
            "w":7,
            "h":8,
            "index":20
        },
        {
            "x":491,
            "y":57,
            "w":7,
            "h":8,
            "index":21
        },
        {
            "x":608,
            "y":57,
            "w":7,
            "h":8,
            "index":22
        },
        {
            "x":638,
            "y":57,
            "w":7,
            "h":8,
            "index":23
        },
        {
            "x":519,
            "y":58,
            "w":7,
            "h":7,
            "index":24
        },
        {
            "x":596,
            "y":90,
            "w":76,
            "h":139,
            "index":25
        },
        {
            "x":567,
            "y":96,
            "w":261,
            "h":331,
            "index":26
        },
        {
            "x":446,
            "y":97,
            "w":73,
            "h":174,
            "index":27
        },
        {
            "x":743,
            "y":135,
            "w":72,
            "h":132,
            "index":28
        },
        {
            "x":233,
            "y":136,
            "w":193,
            "h":345,
            "index":29
        },
        {
            "x":334,
            "y":142,
            "w":54,
            "h":160,
            "index":30
        },
        {
            "x":474,
            "y":142,
            "w":111,
            "h":113,
            "index":31
        },
        {
            "x":375,
            "y":144,
            "w":46,
            "h":127,
            "index":32
        },
        {
            "x":331,
            "y":164,
            "w":21,
            "h":31,
            "index":33
        },
        {
            "x":255,
            "y":179,
            "w":42,
            "h":124,
            "index":34
        },
        {
            "x":299,
            "y":188,
            "w":42,
            "h":83,
            "index":35
        },
        {
            "x":587,
            "y":197,
            "w":6,
            "h":14,
            "index":36
        },
        {
            "x":359,
            "y":212,
            "w":293,
            "h":290,
            "index":37
        },
        {
            "x":466,
            "y":214,
            "w":112,
            "h":61,
            "index":38
        },
        {
            "x":509,
            "y":216,
            "w":42,
            "h":29,
            "index":39
        },
        {
            "x":850,
            "y":216,
            "w":60,
            "h":46,
            "index":40
        },
        {
            "x":72,
            "y":219,
            "w":72,
            "h":43,
            "index":41
        },
        {
            "x":209,
            "y":224,
            "w":47,
            "h":47,
            "index":42
        },
        {
            "x":755,
            "y":227,
            "w":102,
            "h":252,
            "index":43
        },
        {
            "x":188,
            "y":237,
            "w":81,
            "h":57,
            "index":44
        },
        {
            "x":137,
            "y":242,
            "w":147,
            "h":99,
            "index":45
        },
        {
            "x":823,
            "y":247,
            "w":94,
            "h":342,
            "index":46
        },
        {
            "x":57,
            "y":253,
            "w":90,
            "h":438,
            "index":47
        },
        {
            "x":312,
            "y":274,
            "w":20,
            "h":20,
            "index":48
        },
        {
            "x":313,
            "y":297,
            "w":19,
            "h":8,
            "index":49
        },
        {
            "x":429,
            "y":311,
            "w":31,
            "h":30,
            "index":50
        },
        {
            "x":409,
            "y":314,
            "w":77,
            "h":176,
            "index":51
        },
        {
            "x":105,
            "y":323,
            "w":72,
            "h":113,
            "index":52
        },
        {
            "x":127,
            "y":326,
            "w":140,
            "h":104,
            "index":53
        },
        {
            "x":213,
            "y":330,
            "w":58,
            "h":22,
            "index":54
        },
        {
            "x":406,
            "y":331,
            "w":14,
            "h":4,
            "index":55
        },
        {
            "x":152,
            "y":355,
            "w":44,
            "h":73,
            "index":56
        },
        {
            "x":701,
            "y":363,
            "w":60,
            "h":71,
            "index":57
        },
        {
            "x":366,
            "y":365,
            "w":114,
            "h":175,
            "index":58
        },
        {
            "x":683,
            "y":385,
            "w":142,
            "h":165,
            "index":59
        },
        {
            "x":650,
            "y":388,
            "w":28,
            "h":40,
            "index":60
        },
        {
            "x":73,
            "y":391,
            "w":224,
            "h":264,
            "index":61
        },
        {
            "x":603,
            "y":399,
            "w":79,
            "h":117,
            "index":62
        },
        {
            "x":171,
            "y":413,
            "w":1,
            "h":1,
            "index":63
        },
        {
            "x":693,
            "y":449,
            "w":4,
            "h":6,
            "index":64
        },
        {
            "x":431,
            "y":460,
            "w":14,
            "h":15,
            "index":65
        },
        {
            "x":295,
            "y":463,
            "w":18,
            "h":27,
            "index":66
        },
        {
            "x":449,
            "y":463,
            "w":12,
            "h":21,
            "index":67
        },
        {
            "x":345,
            "y":469,
            "w":23,
            "h":31,
            "index":68
        },
        {
            "x":152,
            "y":472,
            "w":98,
            "h":147,
            "index":69
        },
        {
            "x":309,
            "y":477,
            "w":36,
            "h":24,
            "index":70
        },
        {
            "x":251,
            "y":482,
            "w":212,
            "h":147,
            "index":71
        },
        {
            "x":501,
            "y":484,
            "w":132,
            "h":66,
            "index":72
        },
        {
            "x":453,
            "y":492,
            "w":72,
            "h":60,
            "index":73
        },
        {
            "x":692,
            "y":492,
            "w":4,
            "h":5,
            "index":74
        },
        {
            "x":432,
            "y":493,
            "w":12,
            "h":19,
            "index":75
        },
        {
            "x":85,
            "y":495,
            "w":22,
            "h":164,
            "index":76
        },
        {
            "x":610,
            "y":515,
            "w":92,
            "h":84,
            "index":77
        },
        {
            "x":753,
            "y":522,
            "w":69,
            "h":73,
            "index":78
        },
        {
            "x":636,
            "y":527,
            "w":27,
            "h":1,
            "index":79
        },
        {
            "x":443,
            "y":530,
            "w":32,
            "h":36,
            "index":80
        },
        {
            "x":498,
            "y":531,
            "w":29,
            "h":11,
            "index":81
        },
        {
            "x":680,
            "y":531,
            "w":115,
            "h":62,
            "index":82
        },
        {
            "x":441,
            "y":533,
            "w":1,
            "h":1,
            "index":83
        },
        {
            "x":490,
            "y":537,
            "w":125,
            "h":48,
            "index":84
        },
        {
            "x":476,
            "y":545,
            "w":12,
            "h":19,
            "index":85
        },
        {
            "x":223,
            "y":549,
            "w":13,
            "h":16,
            "index":86
        },
        {
            "x":591,
            "y":552,
            "w":19,
            "h":14,
            "index":87
        },
        {
            "x":803,
            "y":552,
            "w":177,
            "h":305,
            "index":88
        },
        {
            "x":196,
            "y":553,
            "w":23,
            "h":20,
            "index":89
        },
        {
            "x":303,
            "y":555,
            "w":120,
            "h":76,
            "index":90
        },
        {
            "x":424,
            "y":566,
            "w":66,
            "h":42,
            "index":91
        },
        {
            "x":371,
            "y":567,
            "w":35,
            "h":3,
            "index":92
        },
        {
            "x":259,
            "y":569,
            "w":476,
            "h":164,
            "index":93
        },
        {
            "x":471,
            "y":575,
            "w":34,
            "h":20,
            "index":94
        },
        {
            "x":550,
            "y":575,
            "w":70,
            "h":19,
            "index":95
        },
        {
            "x":109,
            "y":579,
            "w":15,
            "h":60,
            "index":96
        },
        {
            "x":802,
            "y":579,
            "w":18,
            "h":36,
            "index":97
        },
        {
            "x":437,
            "y":582,
            "w":101,
            "h":45,
            "index":98
        },
        {
            "x":659,
            "y":587,
            "w":142,
            "h":76,
            "index":99
        },
        {
            "x":851,
            "y":588,
            "w":11,
            "h":20,
            "index":100
        },
        {
            "x":837,
            "y":589,
            "w":41,
            "h":48,
            "index":101
        },
        {
            "x":193,
            "y":590,
            "w":28,
            "h":37,
            "index":102
        },
        {
            "x":288,
            "y":591,
            "w":17,
            "h":29,
            "index":103
        },
        {
            "x":539,
            "y":602,
            "w":30,
            "h":20,
            "index":104
        },
        {
            "x":543,
            "y":604,
            "w":107,
            "h":54,
            "index":105
        },
        {
            "x":113,
            "y":608,
            "w":320,
            "h":310,
            "index":106
        },
        {
            "x":413,
            "y":609,
            "w":63,
            "h":48,
            "index":107
        },
        {
            "x":127,
            "y":614,
            "w":10,
            "h":18,
            "index":108
        },
        {
            "x":439,
            "y":618,
            "w":98,
            "h":25,
            "index":109
        },
        {
            "x":774,
            "y":626,
            "w":79,
            "h":61,
            "index":110
        },
        {
            "x":391,
            "y":629,
            "w":30,
            "h":29,
            "index":111
        },
        {
            "x":71,
            "y":632,
            "w":122,
            "h":118,
            "index":112
        },
        {
            "x":541,
            "y":634,
            "w":117,
            "h":34,
            "index":113
        },
        {
            "x":877,
            "y":635,
            "w":45,
            "h":43,
            "index":114
        },
        {
            "x":903,
            "y":635,
            "w":8,
            "h":12,
            "index":115
        },
        {
            "x":418,
            "y":638,
            "w":1,
            "h":1,
            "index":116
        },
        {
            "x":856,
            "y":639,
            "w":8,
            "h":82,
            "index":117
        },
        {
            "x":663,
            "y":644,
            "w":123,
            "h":60,
            "index":118
        },
        {
            "x":477,
            "y":646,
            "w":6,
            "h":6,
            "index":119
        },
        {
            "x":427,
            "y":648,
            "w":22,
            "h":22,
            "index":120
        },
        {
            "x":450,
            "y":652,
            "w":5,
            "h":6,
            "index":121
        },
        {
            "x":784,
            "y":654,
            "w":68,
            "h":40,
            "index":122
        },
        {
            "x":466,
            "y":655,
            "w":26,
            "h":26,
            "index":123
        },
        {
            "x":840,
            "y":656,
            "w":1,
            "h":1,
            "index":124
        },
        {
            "x":766,
            "y":672,
            "w":88,
            "h":41,
            "index":125
        },
        {
            "x":865,
            "y":679,
            "w":19,
            "h":42,
            "index":126
        },
        {
            "x":608,
            "y":684,
            "w":121,
            "h":48,
            "index":127
        },
        {
            "x":826,
            "y":684,
            "w":118,
            "h":96,
            "index":128
        },
        {
            "x":845,
            "y":692,
            "w":1,
            "h":1,
            "index":129
        },
        {
            "x":644,
            "y":696,
            "w":184,
            "h":275,
            "index":130
        },
        {
            "x":521,
            "y":697,
            "w":213,
            "h":74,
            "index":131
        },
        {
            "x":876,
            "y":698,
            "w":1,
            "h":1,
            "index":132
        },
        {
            "x":838,
            "y":699,
            "w":8,
            "h":5,
            "index":133
        },
        {
            "x":866,
            "y":703,
            "w":2,
            "h":4,
            "index":134
        },
        {
            "x":828,
            "y":705,
            "w":1,
            "h":1,
            "index":135
        },
        {
            "x":875,
            "y":706,
            "w":1,
            "h":1,
            "index":136
        },
        {
            "x":408,
            "y":707,
            "w":52,
            "h":32,
            "index":137
        },
        {
            "x":838,
            "y":716,
            "w":14,
            "h":4,
            "index":138
        },
        {
            "x":872,
            "y":717,
            "w":11,
            "h":4,
            "index":139
        },
        {
            "x":382,
            "y":725,
            "w":271,
            "h":240,
            "index":140
        },
        {
            "x":271,
            "y":726,
            "w":17,
            "h":23,
            "index":141
        },
        {
            "x":256,
            "y":728,
            "w":13,
            "h":22,
            "index":142
        },
        {
            "x":757,
            "y":731,
            "w":68,
            "h":94,
            "index":143
        },
        {
            "x":516,
            "y":732,
            "w":143,
            "h":48,
            "index":144
        },
        {
            "x":365,
            "y":734,
            "w":10,
            "h":23,
            "index":145
        },
        {
            "x":88,
            "y":737,
            "w":45,
            "h":89,
            "index":146
        },
        {
            "x":367,
            "y":745,
            "w":22,
            "h":15,
            "index":147
        },
        {
            "x":708,
            "y":751,
            "w":105,
            "h":202,
            "index":148
        },
        {
            "x":153,
            "y":754,
            "w":25,
            "h":18,
            "index":149
        },
        {
            "x":815,
            "y":763,
            "w":102,
            "h":34,
            "index":150
        },
        {
            "x":341,
            "y":776,
            "w":15,
            "h":23,
            "index":151
        },
        {
            "x":360,
            "y":778,
            "w":16,
            "h":17,
            "index":152
        },
        {
            "x":809,
            "y":781,
            "w":111,
            "h":38,
            "index":153
        },
        {
            "x":781,
            "y":783,
            "w":18,
            "h":47,
            "index":154
        },
        {
            "x":58,
            "y":785,
            "w":48,
            "h":104,
            "index":155
        },
        {
            "x":560,
            "y":787,
            "w":10,
            "h":23,
            "index":156
        },
        {
            "x":463,
            "y":791,
            "w":29,
            "h":30,
            "index":157
        },
        {
            "x":217,
            "y":793,
            "w":51,
            "h":38,
            "index":158
        },
        {
            "x":126,
            "y":798,
            "w":30,
            "h":37,
            "index":159
        },
        {
            "x":152,
            "y":808,
            "w":377,
            "h":141,
            "index":160
        },
        {
            "x":332,
            "y":813,
            "w":27,
            "h":18,
            "index":161
        },
        {
            "x":791,
            "y":813,
            "w":25,
            "h":57,
            "index":162
        },
        {
            "x":885,
            "y":815,
            "w":39,
            "h":109,
            "index":163
        },
        {
            "x":804,
            "y":818,
            "w":43,
            "h":130,
            "index":164
        },
        {
            "x":872,
            "y":820,
            "w":15,
            "h":44,
            "index":165
        },
        {
            "x":570,
            "y":821,
            "w":12,
            "h":21,
            "index":166
        },
        {
            "x":846,
            "y":821,
            "w":31,
            "h":59,
            "index":167
        },
        {
            "x":92,
            "y":824,
            "w":81,
            "h":94,
            "index":168
        },
        {
            "x":536,
            "y":824,
            "w":22,
            "h":13,
            "index":169
        },
        {
            "x":435,
            "y":828,
            "w":23,
            "h":23,
            "index":170
        },
        {
            "x":780,
            "y":830,
            "w":1,
            "h":1,
            "index":171
        },
        {
            "x":124,
            "y":840,
            "w":50,
            "h":36,
            "index":172
        },
        {
            "x":282,
            "y":842,
            "w":9,
            "h":28,
            "index":173
        },
        {
            "x":468,
            "y":843,
            "w":18,
            "h":25,
            "index":174
        },
        {
            "x":858,
            "y":844,
            "w":14,
            "h":15,
            "index":175
        },
        {
            "x":918,
            "y":851,
            "w":26,
            "h":53,
            "index":176
        },
        {
            "x":251,
            "y":860,
            "w":22,
            "h":7,
            "index":177
        },
        {
            "x":844,
            "y":865,
            "w":58,
            "h":40,
            "index":178
        },
        {
            "x":527,
            "y":872,
            "w":13,
            "h":24,
            "index":179
        },
        {
            "x":542,
            "y":872,
            "w":14,
            "h":24,
            "index":180
        },
        {
            "x":786,
            "y":872,
            "w":21,
            "h":55,
            "index":181
        },
        {
            "x":282,
            "y":873,
            "w":1,
            "h":2,
            "index":182
        },
        {
            "x":382,
            "y":876,
            "w":40,
            "h":35,
            "index":183
        },
        {
            "x":176,
            "y":880,
            "w":41,
            "h":28,
            "index":184
        },
        {
            "x":67,
            "y":884,
            "w":73,
            "h":51,
            "index":185
        },
        {
            "x":880,
            "y":888,
            "w":10,
            "h":10,
            "index":186
        },
        {
            "x":842,
            "y":894,
            "w":36,
            "h":30,
            "index":187
        },
        {
            "x":810,
            "y":899,
            "w":91,
            "h":75,
            "index":188
        },
        {
            "x":704,
            "y":900,
            "w":28,
            "h":23,
            "index":189
        },
        {
            "x":205,
            "y":905,
            "w":449,
            "h":81,
            "index":190
        },
        {
            "x":135,
            "y":906,
            "w":76,
            "h":52,
            "index":191
        },
        {
            "x":226,
            "y":907,
            "w":75,
            "h":38,
            "index":192
        },
        {
            "x":698,
            "y":907,
            "w":28,
            "h":51,
            "index":193
        },
        {
            "x":630,
            "y":908,
            "w":12,
            "h":22,
            "index":194
        },
        {
            "x":734,
            "y":909,
            "w":33,
            "h":15,
            "index":195
        },
        {
            "x":739,
            "y":914,
            "w":27,
            "h":44,
            "index":196
        },
        {
            "x":114,
            "y":918,
            "w":24,
            "h":26,
            "index":197
        },
        {
            "x":693,
            "y":919,
            "w":16,
            "h":22,
            "index":198
        },
        {
            "x":728,
            "y":927,
            "w":8,
            "h":35,
            "index":199
        },
        {
            "x":306,
            "y":931,
            "w":85,
            "h":37,
            "index":200
        },
        {
            "x":799,
            "y":939,
            "w":3,
            "h":4,
            "index":201
        },
        {
            "x":168,
            "y":945,
            "w":542,
            "h":70,
            "index":202
        },
        {
            "x":789,
            "y":945,
            "w":21,
            "h":35,
            "index":203
        },
        {
            "x":407,
            "y":949,
            "w":79,
            "h":29,
            "index":204
        },
        {
            "x":499,
            "y":949,
            "w":60,
            "h":27,
            "index":205
        },
        {
            "x":696,
            "y":951,
            "w":41,
            "h":41,
            "index":206
        },
        {
            "x":732,
            "y":952,
            "w":60,
            "h":46,
            "index":207
        }
    ]
}