{
    "image":"game.png",
    "width":1024,
    "height":1024,
    "selectTab":{
        "id":"01"
    },
    "selectColor":{
        "id":"FCCFCA",
        "color":"#FCCFCA"
    },
    "list":[
        {
            "x":0,
            "y":0,
            "w":1024,
            "h":1024,
            "index":0
        },
        {
            "x":346,
            "y":83,
            "w":127,
            "h":201,
            "index":1
        },
        {
            "x":528,
            "y":91,
            "w":126,
            "h":201,
            "index":2
        },
        {
            "x":380,
            "y":124,
            "w":64,
            "h":144,
            "index":3
        },
        {
            "x":557,
            "y":130,
            "w":70,
            "h":148,
            "index":4
        },
        {
            "x":396,
            "y":197,
            "w":33,
            "h":64,
            "index":5
        },
        {
            "x":573,
            "y":206,
            "w":35,
            "h":65,
            "index":6
        },
        {
            "x":489,
            "y":236,
            "w":26,
            "h":10,
            "index":7
        },
        {
            "x":337,
            "y":248,
            "w":326,
            "h":90,
            "index":8
        },
        {
            "x":264,
            "y":303,
            "w":461,
            "h":95,
            "index":9
        },
        {
            "x":255,
            "y":343,
            "w":472,
            "h":299,
            "index":10
        },
        {
            "x":314,
            "y":352,
            "w":365,
            "h":264,
            "index":11
        },
        {
            "x":258,
            "y":371,
            "w":31,
            "h":35,
            "index":12
        },
        {
            "x":710,
            "y":392,
            "w":20,
            "h":27,
            "index":13
        },
        {
            "x":374,
            "y":412,
            "w":88,
            "h":126,
            "index":14
        },
        {
            "x":816,
            "y":412,
            "w":6,
            "h":4,
            "index":15
        },
        {
            "x":727,
            "y":415,
            "w":86,
            "h":46,
            "index":16
        },
        {
            "x":531,
            "y":416,
            "w":87,
            "h":126,
            "index":17
        },
        {
            "x":815,
            "y":419,
            "w":4,
            "h":9,
            "index":18
        },
        {
            "x":732,
            "y":422,
            "w":81,
            "h":48,
            "index":19
        },
        {
            "x":424,
            "y":449,
            "w":15,
            "h":23,
            "index":20
        },
        {
            "x":553,
            "y":452,
            "w":15,
            "h":24,
            "index":21
        },
        {
            "x":634,
            "y":459,
            "w":93,
            "h":72,
            "index":22
        },
        {
            "x":727,
            "y":466,
            "w":5,
            "h":7,
            "index":23
        },
        {
            "x":677,
            "y":470,
            "w":50,
            "h":58,
            "index":24
        },
        {
            "x":578,
            "y":477,
            "w":154,
            "h":156,
            "index":25
        },
        {
            "x":326,
            "y":501,
            "w":19,
            "h":23,
            "index":26
        },
        {
            "x":479,
            "y":504,
            "w":38,
            "h":23,
            "index":27
        },
        {
            "x":641,
            "y":504,
            "w":37,
            "h":39,
            "index":28
        },
        {
            "x":647,
            "y":517,
            "w":16,
            "h":14,
            "index":29
        },
        {
            "x":347,
            "y":527,
            "w":23,
            "h":26,
            "index":30
        },
        {
            "x":543,
            "y":528,
            "w":93,
            "h":102,
            "index":31
        },
        {
            "x":614,
            "y":536,
            "w":56,
            "h":56,
            "index":32
        },
        {
            "x":635,
            "y":537,
            "w":7,
            "h":8,
            "index":33
        },
        {
            "x":814,
            "y":540,
            "w":13,
            "h":11,
            "index":34
        },
        {
            "x":618,
            "y":543,
            "w":18,
            "h":19,
            "index":35
        },
        {
            "x":376,
            "y":548,
            "w":27,
            "h":30,
            "index":36
        },
        {
            "x":631,
            "y":551,
            "w":7,
            "h":14,
            "index":37
        },
        {
            "x":811,
            "y":553,
            "w":10,
            "h":29,
            "index":38
        },
        {
            "x":574,
            "y":560,
            "w":52,
            "h":48,
            "index":39
        },
        {
            "x":409,
            "y":564,
            "w":30,
            "h":30,
            "index":40
        },
        {
            "x":556,
            "y":568,
            "w":27,
            "h":19,
            "index":41
        },
        {
            "x":595,
            "y":570,
            "w":11,
            "h":18,
            "index":42
        },
        {
            "x":824,
            "y":572,
            "w":10,
            "h":11,
            "index":43
        },
        {
            "x":445,
            "y":573,
            "w":31,
            "h":30,
            "index":44
        },
        {
            "x":521,
            "y":575,
            "w":30,
            "h":28,
            "index":45
        },
        {
            "x":482,
            "y":578,
            "w":33,
            "h":29,
            "index":46
        },
        {
            "x":790,
            "y":584,
            "w":66,
            "h":158,
            "index":47
        },
        {
            "x":554,
            "y":603,
            "w":47,
            "h":33,
            "index":48
        },
        {
            "x":821,
            "y":609,
            "w":12,
            "h":12,
            "index":49
        },
        {
            "x":350,
            "y":624,
            "w":172,
            "h":130,
            "index":50
        },
        {
            "x":538,
            "y":626,
            "w":11,
            "h":11,
            "index":51
        },
        {
            "x":536,
            "y":630,
            "w":113,
            "h":113,
            "index":52
        },
        {
            "x":516,
            "y":633,
            "w":28,
            "h":25,
            "index":53
        },
        {
            "x":549,
            "y":637,
            "w":13,
            "h":13,
            "index":54
        },
        {
            "x":558,
            "y":638,
            "w":6,
            "h":7,
            "index":55
        },
        {
            "x":777,
            "y":640,
            "w":12,
            "h":29,
            "index":56
        },
        {
            "x":540,
            "y":643,
            "w":12,
            "h":9,
            "index":57
        },
        {
            "x":509,
            "y":654,
            "w":37,
            "h":69,
            "index":58
        },
        {
            "x":501,
            "y":658,
            "w":15,
            "h":26,
            "index":59
        },
        {
            "x":852,
            "y":658,
            "w":12,
            "h":27,
            "index":60
        },
        {
            "x":480,
            "y":681,
            "w":33,
            "h":66,
            "index":61
        },
        {
            "x":355,
            "y":716,
            "w":266,
            "h":161,
            "index":62
        },
        {
            "x":446,
            "y":750,
            "w":34,
            "h":33,
            "index":63
        },
        {
            "x":644,
            "y":797,
            "w":35,
            "h":21,
            "index":64
        },
        {
            "x":313,
            "y":803,
            "w":30,
            "h":23,
            "index":65
        },
        {
            "x":388,
            "y":873,
            "w":84,
            "h":26,
            "index":66
        },
        {
            "x":506,
            "y":874,
            "w":84,
            "h":25,
            "index":67
        },
        {
            "x":676,
            "y":885,
            "w":21,
            "h":9,
            "index":68
        },
        {
            "x":282,
            "y":889,
            "w":22,
            "h":9,
            "index":69
        }
    ]
}