{
    "image":"game.png",
    "width":1024,
    "height":1024,
    "selectTab":{
        "id":"01"
    },
    "selectColor":{
        "id":"FCCFCA",
        "color":"#FCCFCA"
    },
    "list":[
        {
            "x":0,
            "y":0,
            "w":262,
            "h":266,
            "index":0
        },
        {
            "x":231,
            "y":0,
            "w":268,
            "h":187,
            "index":1
        },
        {
            "x":488,
            "y":0,
            "w":258,
            "h":79,
            "index":2
        },
        {
            "x":748,
            "y":0,
            "w":276,
            "h":111,
            "index":3
        },
        {
            "x":839,
            "y":0,
            "w":57,
            "h":76,
            "index":4
        },
        {
            "x":276,
            "y":12,
            "w":112,
            "h":104,
            "index":5
        },
        {
            "x":34,
            "y":33,
            "w":45,
            "h":36,
            "index":6
        },
        {
            "x":409,
            "y":39,
            "w":553,
            "h":517,
            "index":7
        },
        {
            "x":89,
            "y":46,
            "w":37,
            "h":59,
            "index":8
        },
        {
            "x":329,
            "y":69,
            "w":8,
            "h":8,
            "index":9
        },
        {
            "x":80,
            "y":91,
            "w":141,
            "h":147,
            "index":10
        },
        {
            "x":807,
            "y":117,
            "w":217,
            "h":28,
            "index":11
        },
        {
            "x":33,
            "y":120,
            "w":61,
            "h":36,
            "index":12
        },
        {
            "x":77,
            "y":121,
            "w":845,
            "h":440,
            "index":13
        },
        {
            "x":883,
            "y":143,
            "w":141,
            "h":359,
            "index":14
        },
        {
            "x":851,
            "y":152,
            "w":72,
            "h":29,
            "index":15
        },
        {
            "x":140,
            "y":154,
            "w":11,
            "h":12,
            "index":16
        },
        {
            "x":283,
            "y":195,
            "w":439,
            "h":233,
            "index":17
        },
        {
            "x":277,
            "y":196,
            "w":129,
            "h":65,
            "index":18
        },
        {
            "x":974,
            "y":227,
            "w":50,
            "h":184,
            "index":19
        },
        {
            "x":420,
            "y":241,
            "w":288,
            "h":213,
            "index":20
        },
        {
            "x":83,
            "y":244,
            "w":107,
            "h":116,
            "index":21
        },
        {
            "x":0,
            "y":246,
            "w":72,
            "h":109,
            "index":22
        },
        {
            "x":131,
            "y":246,
            "w":189,
            "h":261,
            "index":23
        },
        {
            "x":602,
            "y":263,
            "w":220,
            "h":132,
            "index":24
        },
        {
            "x":69,
            "y":264,
            "w":55,
            "h":80,
            "index":25
        },
        {
            "x":300,
            "y":342,
            "w":112,
            "h":146,
            "index":26
        },
        {
            "x":0,
            "y":362,
            "w":71,
            "h":29,
            "index":27
        },
        {
            "x":47,
            "y":362,
            "w":66,
            "h":245,
            "index":28
        },
        {
            "x":591,
            "y":364,
            "w":55,
            "h":10,
            "index":29
        },
        {
            "x":715,
            "y":364,
            "w":142,
            "h":121,
            "index":30
        },
        {
            "x":452,
            "y":369,
            "w":55,
            "h":10,
            "index":31
        },
        {
            "x":596,
            "y":379,
            "w":46,
            "h":44,
            "index":32
        },
        {
            "x":457,
            "y":386,
            "w":46,
            "h":41,
            "index":33
        },
        {
            "x":0,
            "y":398,
            "w":153,
            "h":524,
            "index":34
        },
        {
            "x":419,
            "y":458,
            "w":253,
            "h":85,
            "index":35
        },
        {
            "x":488,
            "y":464,
            "w":471,
            "h":415,
            "index":36
        },
        {
            "x":43,
            "y":470,
            "w":471,
            "h":399,
            "index":37
        },
        {
            "x":515,
            "y":491,
            "w":20,
            "h":26,
            "index":38
        },
        {
            "x":970,
            "y":510,
            "w":54,
            "h":22,
            "index":39
        },
        {
            "x":928,
            "y":540,
            "w":65,
            "h":195,
            "index":40
        },
        {
            "x":847,
            "y":540,
            "w":177,
            "h":346,
            "index":41
        },
        {
            "x":888,
            "y":604,
            "w":136,
            "h":308,
            "index":42
        },
        {
            "x":910,
            "y":633,
            "w":29,
            "h":51,
            "index":43
        },
        {
            "x":466,
            "y":667,
            "w":69,
            "h":114,
            "index":44
        },
        {
            "x":661,
            "y":672,
            "w":39,
            "h":49,
            "index":45
        },
        {
            "x":62,
            "y":686,
            "w":107,
            "h":156,
            "index":46
        },
        {
            "x":87,
            "y":699,
            "w":10,
            "h":19,
            "index":47
        },
        {
            "x":937,
            "y":713,
            "w":87,
            "h":225,
            "index":48
        },
        {
            "x":447,
            "y":788,
            "w":79,
            "h":106,
            "index":49
        },
        {
            "x":162,
            "y":815,
            "w":2,
            "h":1,
            "index":50
        },
        {
            "x":164,
            "y":816,
            "w":16,
            "h":8,
            "index":51
        },
        {
            "x":504,
            "y":854,
            "w":472,
            "h":170,
            "index":52
        },
        {
            "x":0,
            "y":858,
            "w":463,
            "h":166,
            "index":53
        },
        {
            "x":466,
            "y":901,
            "w":58,
            "h":51,
            "index":54
        },
        {
            "x":961,
            "y":946,
            "w":63,
            "h":78,
            "index":55
        },
        {
            "x":462,
            "y":953,
            "w":59,
            "h":71,
            "index":56
        }
    ]
}