{
    "image":"game.png",
    "width":1024,
    "height":1024,
    "selectTab":{
        "id":"01"
    },
    "selectColor":{
        "id":"FCCFCA",
        "color":"#FCCFCA"
    },
    "list":[
        {
            "x":0,
            "y":0,
            "w":1024,
            "h":1024,
            "index":0
        },
        {
            "x":283,
            "y":71,
            "w":493,
            "h":593,
            "index":1
        },
        {
            "x":370,
            "y":75,
            "w":128,
            "h":221,
            "index":2
        },
        {
            "x":557,
            "y":105,
            "w":76,
            "h":176,
            "index":3
        },
        {
            "x":389,
            "y":110,
            "w":81,
            "h":174,
            "index":4
        },
        {
            "x":573,
            "y":185,
            "w":41,
            "h":89,
            "index":5
        },
        {
            "x":409,
            "y":192,
            "w":44,
            "h":87,
            "index":6
        },
        {
            "x":333,
            "y":356,
            "w":360,
            "h":294,
            "index":7
        },
        {
            "x":538,
            "y":457,
            "w":87,
            "h":108,
            "index":8
        },
        {
            "x":374,
            "y":460,
            "w":79,
            "h":105,
            "index":9
        },
        {
            "x":560,
            "y":483,
            "w":13,
            "h":14,
            "index":10
        },
        {
            "x":400,
            "y":486,
            "w":13,
            "h":13,
            "index":11
        },
        {
            "x":656,
            "y":526,
            "w":18,
            "h":25,
            "index":12
        },
        {
            "x":474,
            "y":533,
            "w":35,
            "h":23,
            "index":13
        },
        {
            "x":359,
            "y":553,
            "w":16,
            "h":20,
            "index":14
        },
        {
            "x":627,
            "y":557,
            "w":24,
            "h":28,
            "index":15
        },
        {
            "x":384,
            "y":579,
            "w":23,
            "h":22,
            "index":16
        },
        {
            "x":591,
            "y":583,
            "w":29,
            "h":26,
            "index":17
        },
        {
            "x":417,
            "y":599,
            "w":30,
            "h":23,
            "index":18
        },
        {
            "x":548,
            "y":602,
            "w":33,
            "h":25,
            "index":19
        },
        {
            "x":456,
            "y":611,
            "w":34,
            "h":22,
            "index":20
        },
        {
            "x":500,
            "y":613,
            "w":37,
            "h":23,
            "index":21
        },
        {
            "x":382,
            "y":614,
            "w":350,
            "h":115,
            "index":22
        },
        {
            "x":485,
            "y":662,
            "w":36,
            "h":15,
            "index":23
        },
        {
            "x":320,
            "y":667,
            "w":110,
            "h":66,
            "index":24
        },
        {
            "x":305,
            "y":670,
            "w":287,
            "h":71,
            "index":25
        },
        {
            "x":304,
            "y":676,
            "w":132,
            "h":194,
            "index":26
        },
        {
            "x":466,
            "y":678,
            "w":12,
            "h":26,
            "index":27
        },
        {
            "x":434,
            "y":678,
            "w":143,
            "h":55,
            "index":28
        },
        {
            "x":596,
            "y":679,
            "w":128,
            "h":148,
            "index":29
        },
        {
            "x":413,
            "y":690,
            "w":207,
            "h":200,
            "index":30
        },
        {
            "x":302,
            "y":736,
            "w":41,
            "h":71,
            "index":31
        },
        {
            "x":614,
            "y":740,
            "w":23,
            "h":10,
            "index":32
        },
        {
            "x":628,
            "y":746,
            "w":27,
            "h":17,
            "index":33
        },
        {
            "x":585,
            "y":749,
            "w":55,
            "h":74,
            "index":34
        },
        {
            "x":639,
            "y":760,
            "w":25,
            "h":22,
            "index":35
        },
        {
            "x":644,
            "y":780,
            "w":21,
            "h":21,
            "index":36
        },
        {
            "x":639,
            "y":800,
            "w":24,
            "h":17,
            "index":37
        },
        {
            "x":622,
            "y":805,
            "w":100,
            "h":77,
            "index":38
        },
        {
            "x":630,
            "y":817,
            "w":22,
            "h":9,
            "index":39
        },
        {
            "x":309,
            "y":839,
            "w":105,
            "h":126,
            "index":40
        },
        {
            "x":615,
            "y":847,
            "w":21,
            "h":16,
            "index":41
        },
        {
            "x":599,
            "y":850,
            "w":15,
            "h":7,
            "index":42
        },
        {
            "x":635,
            "y":851,
            "w":22,
            "h":20,
            "index":43
        },
        {
            "x":655,
            "y":857,
            "w":22,
            "h":24,
            "index":44
        },
        {
            "x":531,
            "y":858,
            "w":167,
            "h":118,
            "index":45
        },
        {
            "x":674,
            "y":866,
            "w":21,
            "h":25,
            "index":46
        },
        {
            "x":411,
            "y":873,
            "w":26,
            "h":7,
            "index":47
        },
        {
            "x":504,
            "y":877,
            "w":27,
            "h":6,
            "index":48
        },
        {
            "x":691,
            "y":877,
            "w":15,
            "h":22,
            "index":49
        },
        {
            "x":403,
            "y":878,
            "w":62,
            "h":97,
            "index":50
        },
        {
            "x":390,
            "y":880,
            "w":33,
            "h":14,
            "index":51
        },
        {
            "x":474,
            "y":881,
            "w":66,
            "h":102,
            "index":52
        },
        {
            "x":516,
            "y":883,
            "w":36,
            "h":15,
            "index":53
        },
        {
            "x":702,
            "y":885,
            "w":9,
            "h":19,
            "index":54
        },
        {
            "x":467,
            "y":892,
            "w":6,
            "h":12,
            "index":55
        },
        {
            "x":378,
            "y":894,
            "w":33,
            "h":22,
            "index":56
        },
        {
            "x":530,
            "y":897,
            "w":33,
            "h":22,
            "index":57
        },
        {
            "x":374,
            "y":914,
            "w":27,
            "h":33,
            "index":58
        },
        {
            "x":539,
            "y":917,
            "w":30,
            "h":24,
            "index":59
        },
        {
            "x":464,
            "y":920,
            "w":11,
            "h":26,
            "index":60
        },
        {
            "x":543,
            "y":938,
            "w":26,
            "h":27,
            "index":61
        },
        {
            "x":376,
            "y":943,
            "w":29,
            "h":23,
            "index":62
        },
        {
            "x":533,
            "y":961,
            "w":33,
            "h":22,
            "index":63
        },
        {
            "x":387,
            "y":963,
            "w":23,
            "h":11,
            "index":64
        }
    ]
}