{
    "image":"game.png",
    "width":1024,
    "height":1024,
    "selectTab":{
        "id":"01"
    },
    "selectColor":{
        "id":"FCCFCA",
        "color":"#FCCFCA"
    },
    "list":[
        {
            "x":0,
            "y":0,
            "w":1024,
            "h":1024,
            "index":0
        },
        {
            "x":359,
            "y":16,
            "w":265,
            "h":258,
            "index":1
        },
        {
            "x":693,
            "y":49,
            "w":89,
            "h":86,
            "index":2
        },
        {
            "x":330,
            "y":71,
            "w":66,
            "h":63,
            "index":3
        },
        {
            "x":192,
            "y":142,
            "w":120,
            "h":120,
            "index":4
        },
        {
            "x":424,
            "y":146,
            "w":350,
            "h":486,
            "index":5
        },
        {
            "x":513,
            "y":193,
            "w":59,
            "h":24,
            "index":6
        },
        {
            "x":608,
            "y":215,
            "w":57,
            "h":45,
            "index":7
        },
        {
            "x":771,
            "y":225,
            "w":65,
            "h":67,
            "index":8
        },
        {
            "x":499,
            "y":231,
            "w":60,
            "h":72,
            "index":9
        },
        {
            "x":536,
            "y":255,
            "w":12,
            "h":14,
            "index":10
        },
        {
            "x":583,
            "y":255,
            "w":67,
            "h":75,
            "index":11
        },
        {
            "x":329,
            "y":263,
            "w":29,
            "h":19,
            "index":12
        },
        {
            "x":313,
            "y":275,
            "w":37,
            "h":41,
            "index":13
        },
        {
            "x":322,
            "y":275,
            "w":135,
            "h":172,
            "index":14
        },
        {
            "x":624,
            "y":280,
            "w":14,
            "h":15,
            "index":15
        },
        {
            "x":303,
            "y":289,
            "w":33,
            "h":34,
            "index":16
        },
        {
            "x":249,
            "y":309,
            "w":73,
            "h":75,
            "index":17
        },
        {
            "x":505,
            "y":353,
            "w":93,
            "h":32,
            "index":18
        },
        {
            "x":512,
            "y":377,
            "w":76,
            "h":31,
            "index":19
        },
        {
            "x":215,
            "y":471,
            "w":93,
            "h":94,
            "index":20
        },
        {
            "x":752,
            "y":499,
            "w":81,
            "h":83,
            "index":21
        },
        {
            "x":346,
            "y":610,
            "w":137,
            "h":311,
            "index":22
        },
        {
            "x":683,
            "y":627,
            "w":122,
            "h":124,
            "index":23
        },
        {
            "x":533,
            "y":632,
            "w":145,
            "h":365,
            "index":24
        },
        {
            "x":223,
            "y":697,
            "w":75,
            "h":74,
            "index":25
        },
        {
            "x":721,
            "y":823,
            "w":64,
            "h":64,
            "index":26
        },
        {
            "x":243,
            "y":825,
            "w":96,
            "h":98,
            "index":27
        }
    ]
}