{
    "image":"game.png",
    "width":1024,
    "height":1024,
    "selectTab":{
        "id":"01"
    },
    "selectColor":{
        "id":"FCCFCA",
        "color":"#FCCFCA"
    },
    "list":[
        {
            "x":0,
            "y":0,
            "w":1024,
            "h":763,
            "index":0
        },
        {
            "x":778,
            "y":29,
            "w":22,
            "h":23,
            "index":1
        },
        {
            "x":377,
            "y":36,
            "w":55,
            "h":56,
            "index":2
        },
        {
            "x":308,
            "y":46,
            "w":62,
            "h":59,
            "index":3
        },
        {
            "x":736,
            "y":51,
            "w":108,
            "h":32,
            "index":4
        },
        {
            "x":158,
            "y":61,
            "w":95,
            "h":22,
            "index":5
        },
        {
            "x":587,
            "y":70,
            "w":43,
            "h":70,
            "index":6
        },
        {
            "x":724,
            "y":79,
            "w":133,
            "h":24,
            "index":7
        },
        {
            "x":378,
            "y":86,
            "w":70,
            "h":47,
            "index":8
        },
        {
            "x":495,
            "y":86,
            "w":118,
            "h":125,
            "index":9
        },
        {
            "x":151,
            "y":90,
            "w":111,
            "h":122,
            "index":10
        },
        {
            "x":599,
            "y":93,
            "w":10,
            "h":26,
            "index":11
        },
        {
            "x":487,
            "y":94,
            "w":77,
            "h":79,
            "index":12
        },
        {
            "x":304,
            "y":99,
            "w":64,
            "h":42,
            "index":13
        },
        {
            "x":870,
            "y":100,
            "w":55,
            "h":83,
            "index":14
        },
        {
            "x":702,
            "y":101,
            "w":173,
            "h":112,
            "index":15
        },
        {
            "x":662,
            "y":104,
            "w":46,
            "h":87,
            "index":16
        },
        {
            "x":377,
            "y":118,
            "w":20,
            "h":32,
            "index":17
        },
        {
            "x":880,
            "y":122,
            "w":24,
            "h":40,
            "index":18
        },
        {
            "x":175,
            "y":123,
            "w":62,
            "h":60,
            "index":19
        },
        {
            "x":200,
            "y":150,
            "w":12,
            "h":12,
            "index":20
        },
        {
            "x":326,
            "y":157,
            "w":102,
            "h":20,
            "index":21
        },
        {
            "x":791,
            "y":177,
            "w":59,
            "h":47,
            "index":22
        },
        {
            "x":338,
            "y":183,
            "w":78,
            "h":29,
            "index":23
        },
        {
            "x":853,
            "y":190,
            "w":26,
            "h":24,
            "index":24
        },
        {
            "x":880,
            "y":199,
            "w":47,
            "h":52,
            "index":25
        },
        {
            "x":827,
            "y":208,
            "w":28,
            "h":26,
            "index":26
        },
        {
            "x":56,
            "y":219,
            "w":769,
            "h":43,
            "index":27
        },
        {
            "x":874,
            "y":219,
            "w":95,
            "h":43,
            "index":28
        },
        {
            "x":858,
            "y":220,
            "w":28,
            "h":27,
            "index":29
        },
        {
            "x":822,
            "y":239,
            "w":46,
            "h":42,
            "index":30
        },
        {
            "x":395,
            "y":284,
            "w":43,
            "h":38,
            "index":31
        },
        {
            "x":718,
            "y":307,
            "w":41,
            "h":36,
            "index":32
        },
        {
            "x":766,
            "y":308,
            "w":68,
            "h":69,
            "index":33
        },
        {
            "x":53,
            "y":316,
            "w":518,
            "h":506,
            "index":34
        },
        {
            "x":750,
            "y":335,
            "w":25,
            "h":24,
            "index":35
        },
        {
            "x":688,
            "y":341,
            "w":36,
            "h":31,
            "index":36
        },
        {
            "x":727,
            "y":345,
            "w":17,
            "h":17,
            "index":37
        },
        {
            "x":713,
            "y":363,
            "w":54,
            "h":51,
            "index":38
        },
        {
            "x":314,
            "y":442,
            "w":1,
            "h":1,
            "index":39
        },
        {
            "x":695,
            "y":469,
            "w":75,
            "h":83,
            "index":40
        },
        {
            "x":582,
            "y":529,
            "w":119,
            "h":88,
            "index":41
        },
        {
            "x":271,
            "y":576,
            "w":124,
            "h":140,
            "index":42
        },
        {
            "x":523,
            "y":593,
            "w":63,
            "h":22,
            "index":43
        },
        {
            "x":510,
            "y":611,
            "w":77,
            "h":78,
            "index":44
        },
        {
            "x":570,
            "y":612,
            "w":28,
            "h":26,
            "index":45
        },
        {
            "x":599,
            "y":615,
            "w":74,
            "h":77,
            "index":46
        },
        {
            "x":589,
            "y":648,
            "w":9,
            "h":12,
            "index":47
        },
        {
            "x":436,
            "y":657,
            "w":304,
            "h":111,
            "index":48
        },
        {
            "x":191,
            "y":686,
            "w":66,
            "h":45,
            "index":49
        },
        {
            "x":771,
            "y":690,
            "w":195,
            "h":34,
            "index":50
        },
        {
            "x":140,
            "y":711,
            "w":79,
            "h":69,
            "index":51
        },
        {
            "x":771,
            "y":717,
            "w":195,
            "h":114,
            "index":52
        },
        {
            "x":815,
            "y":719,
            "w":121,
            "h":13,
            "index":53
        },
        {
            "x":218,
            "y":724,
            "w":76,
            "h":56,
            "index":54
        },
        {
            "x":448,
            "y":741,
            "w":278,
            "h":99,
            "index":55
        },
        {
            "x":113,
            "y":764,
            "w":211,
            "h":56,
            "index":56
        },
        {
            "x":3,
            "y":766,
            "w":1,
            "h":1,
            "index":57
        },
        {
            "x":5,
            "y":766,
            "w":1,
            "h":1,
            "index":58
        },
        {
            "x":731,
            "y":768,
            "w":68,
            "h":60,
            "index":59
        },
        {
            "x":0,
            "y":769,
            "w":1024,
            "h":255,
            "index":60
        },
        {
            "x":414,
            "y":802,
            "w":346,
            "h":68,
            "index":61
        },
        {
            "x":130,
            "y":818,
            "w":178,
            "h":72,
            "index":62
        },
        {
            "x":754,
            "y":827,
            "w":155,
            "h":28,
            "index":63
        },
        {
            "x":756,
            "y":845,
            "w":165,
            "h":138,
            "index":64
        },
        {
            "x":80,
            "y":849,
            "w":51,
            "h":50,
            "index":65
        },
        {
            "x":919,
            "y":853,
            "w":59,
            "h":92,
            "index":66
        },
        {
            "x":93,
            "y":864,
            "w":86,
            "h":83,
            "index":67
        },
        {
            "x":342,
            "y":864,
            "w":18,
            "h":16,
            "index":68
        },
        {
            "x":509,
            "y":873,
            "w":156,
            "h":53,
            "index":69
        },
        {
            "x":922,
            "y":874,
            "w":34,
            "h":50,
            "index":70
        },
        {
            "x":292,
            "y":877,
            "w":78,
            "h":75,
            "index":71
        },
        {
            "x":364,
            "y":882,
            "w":18,
            "h":18,
            "index":72
        }
    ]
}