{
    "image":"game.png",
    "width":1024,
    "height":1024,
    "selectTab":{
        "id":"01"
    },
    "selectColor":{
        "id":"FCCFCA",
        "color":"#FCCFCA"
    },
    "list":[
        {
            "x":0,
            "y":0,
            "w":1024,
            "h":1024,
            "index":0
        },
        {
            "x":304,
            "y":39,
            "w":496,
            "h":610,
            "index":1
        },
        {
            "x":320,
            "y":68,
            "w":223,
            "h":171,
            "index":2
        },
        {
            "x":598,
            "y":89,
            "w":75,
            "h":179,
            "index":3
        },
        {
            "x":438,
            "y":135,
            "w":67,
            "h":113,
            "index":4
        },
        {
            "x":424,
            "y":181,
            "w":35,
            "h":69,
            "index":5
        },
        {
            "x":456,
            "y":183,
            "w":36,
            "h":60,
            "index":6
        },
        {
            "x":611,
            "y":184,
            "w":37,
            "h":76,
            "index":7
        },
        {
            "x":358,
            "y":340,
            "w":328,
            "h":275,
            "index":8
        },
        {
            "x":377,
            "y":436,
            "w":49,
            "h":99,
            "index":9
        },
        {
            "x":505,
            "y":445,
            "w":106,
            "h":107,
            "index":10
        },
        {
            "x":402,
            "y":446,
            "w":12,
            "h":11,
            "index":11
        },
        {
            "x":543,
            "y":457,
            "w":12,
            "h":12,
            "index":12
        },
        {
            "x":351,
            "y":491,
            "w":14,
            "h":25,
            "index":13
        },
        {
            "x":437,
            "y":507,
            "w":39,
            "h":27,
            "index":14
        },
        {
            "x":627,
            "y":510,
            "w":29,
            "h":38,
            "index":15
        },
        {
            "x":367,
            "y":523,
            "w":17,
            "h":20,
            "index":16
        },
        {
            "x":595,
            "y":544,
            "w":30,
            "h":33,
            "index":17
        },
        {
            "x":388,
            "y":547,
            "w":22,
            "h":21,
            "index":18
        },
        {
            "x":416,
            "y":565,
            "w":23,
            "h":16,
            "index":19
        },
        {
            "x":557,
            "y":567,
            "w":32,
            "h":29,
            "index":20
        },
        {
            "x":435,
            "y":577,
            "w":10,
            "h":7,
            "index":21
        },
        {
            "x":446,
            "y":577,
            "w":25,
            "h":11,
            "index":22
        },
        {
            "x":517,
            "y":581,
            "w":33,
            "h":23,
            "index":23
        },
        {
            "x":329,
            "y":582,
            "w":189,
            "h":174,
            "index":24
        },
        {
            "x":479,
            "y":584,
            "w":30,
            "h":20,
            "index":25
        },
        {
            "x":471,
            "y":585,
            "w":9,
            "h":8,
            "index":26
        },
        {
            "x":292,
            "y":604,
            "w":36,
            "h":115,
            "index":27
        },
        {
            "x":303,
            "y":623,
            "w":30,
            "h":75,
            "index":28
        },
        {
            "x":461,
            "y":633,
            "w":78,
            "h":92,
            "index":29
        },
        {
            "x":389,
            "y":634,
            "w":301,
            "h":281,
            "index":30
        },
        {
            "x":675,
            "y":743,
            "w":51,
            "h":112,
            "index":31
        },
        {
            "x":427,
            "y":899,
            "w":98,
            "h":37,
            "index":32
        },
        {
            "x":539,
            "y":906,
            "w":104,
            "h":40,
            "index":33
        }
    ]
}