{
    "image":"game.png",
    "width":1024,
    "height":1024,
    "selectTab":{
        "id":"01"
    },
    "selectColor":{
        "id":"FCCFCA",
        "color":"#FCCFCA"
    },
    "list":[
        {
            "x":0,
            "y":0,
            "w":1024,
            "h":1024,
            "index":0
        },
        {
            "x":208,
            "y":290,
            "w":33,
            "h":37,
            "index":1
        },
        {
            "x":728,
            "y":344,
            "w":265,
            "h":364,
            "index":2
        },
        {
            "x":903,
            "y":346,
            "w":41,
            "h":57,
            "index":3
        },
        {
            "x":561,
            "y":348,
            "w":246,
            "h":267,
            "index":4
        },
        {
            "x":260,
            "y":360,
            "w":182,
            "h":264,
            "index":5
        },
        {
            "x":367,
            "y":362,
            "w":46,
            "h":105,
            "index":6
        },
        {
            "x":297,
            "y":365,
            "w":1,
            "h":1,
            "index":7
        },
        {
            "x":551,
            "y":384,
            "w":74,
            "h":104,
            "index":8
        },
        {
            "x":681,
            "y":385,
            "w":36,
            "h":28,
            "index":9
        },
        {
            "x":733,
            "y":385,
            "w":49,
            "h":77,
            "index":10
        },
        {
            "x":608,
            "y":388,
            "w":72,
            "h":48,
            "index":11
        },
        {
            "x":499,
            "y":421,
            "w":27,
            "h":32,
            "index":12
        },
        {
            "x":157,
            "y":434,
            "w":29,
            "h":30,
            "index":13
        },
        {
            "x":143,
            "y":502,
            "w":87,
            "h":85,
            "index":14
        },
        {
            "x":418,
            "y":530,
            "w":4,
            "h":6,
            "index":15
        },
        {
            "x":906,
            "y":532,
            "w":1,
            "h":1,
            "index":16
        },
        {
            "x":352,
            "y":537,
            "w":4,
            "h":8,
            "index":17
        },
        {
            "x":883,
            "y":537,
            "w":35,
            "h":81,
            "index":18
        },
        {
            "x":860,
            "y":538,
            "w":27,
            "h":81,
            "index":19
        },
        {
            "x":882,
            "y":538,
            "w":12,
            "h":15,
            "index":20
        },
        {
            "x":176,
            "y":544,
            "w":18,
            "h":19,
            "index":21
        },
        {
            "x":917,
            "y":544,
            "w":36,
            "h":77,
            "index":22
        },
        {
            "x":945,
            "y":548,
            "w":28,
            "h":72,
            "index":23
        },
        {
            "x":833,
            "y":554,
            "w":32,
            "h":72,
            "index":24
        },
        {
            "x":810,
            "y":560,
            "w":42,
            "h":69,
            "index":25
        },
        {
            "x":94,
            "y":570,
            "w":67,
            "h":65,
            "index":26
        },
        {
            "x":175,
            "y":576,
            "w":11,
            "h":70,
            "index":27
        },
        {
            "x":148,
            "y":584,
            "w":31,
            "h":89,
            "index":28
        },
        {
            "x":578,
            "y":586,
            "w":60,
            "h":70,
            "index":29
        },
        {
            "x":663,
            "y":587,
            "w":93,
            "h":145,
            "index":30
        },
        {
            "x":608,
            "y":598,
            "w":57,
            "h":72,
            "index":31
        },
        {
            "x":912,
            "y":604,
            "w":15,
            "h":57,
            "index":32
        },
        {
            "x":186,
            "y":609,
            "w":28,
            "h":54,
            "index":33
        },
        {
            "x":310,
            "y":609,
            "w":17,
            "h":17,
            "index":34
        },
        {
            "x":854,
            "y":611,
            "w":30,
            "h":64,
            "index":35
        },
        {
            "x":895,
            "y":611,
            "w":23,
            "h":68,
            "index":36
        },
        {
            "x":369,
            "y":615,
            "w":12,
            "h":20,
            "index":37
        },
        {
            "x":319,
            "y":616,
            "w":33,
            "h":24,
            "index":38
        },
        {
            "x":140,
            "y":617,
            "w":14,
            "h":49,
            "index":39
        },
        {
            "x":282,
            "y":618,
            "w":125,
            "h":117,
            "index":40
        },
        {
            "x":868,
            "y":621,
            "w":30,
            "h":110,
            "index":41
        },
        {
            "x":893,
            "y":624,
            "w":43,
            "h":98,
            "index":42
        },
        {
            "x":353,
            "y":625,
            "w":16,
            "h":16,
            "index":43
        },
        {
            "x":555,
            "y":627,
            "w":39,
            "h":10,
            "index":44
        },
        {
            "x":354,
            "y":628,
            "w":1,
            "h":1,
            "index":45
        },
        {
            "x":843,
            "y":632,
            "w":22,
            "h":56,
            "index":46
        },
        {
            "x":369,
            "y":633,
            "w":1,
            "h":1,
            "index":47
        },
        {
            "x":553,
            "y":634,
            "w":43,
            "h":40,
            "index":48
        },
        {
            "x":160,
            "y":645,
            "w":41,
            "h":72,
            "index":49
        },
        {
            "x":535,
            "y":645,
            "w":17,
            "h":19,
            "index":50
        },
        {
            "x":411,
            "y":648,
            "w":38,
            "h":7,
            "index":51
        },
        {
            "x":923,
            "y":652,
            "w":55,
            "h":70,
            "index":52
        },
        {
            "x":181,
            "y":653,
            "w":48,
            "h":68,
            "index":53
        },
        {
            "x":408,
            "y":653,
            "w":43,
            "h":38,
            "index":54
        },
        {
            "x":109,
            "y":659,
            "w":51,
            "h":71,
            "index":55
        },
        {
            "x":589,
            "y":659,
            "w":29,
            "h":49,
            "index":56
        },
        {
            "x":104,
            "y":660,
            "w":9,
            "h":13,
            "index":57
        },
        {
            "x":819,
            "y":660,
            "w":34,
            "h":19,
            "index":58
        },
        {
            "x":204,
            "y":662,
            "w":1,
            "h":1,
            "index":59
        },
        {
            "x":732,
            "y":663,
            "w":30,
            "h":66,
            "index":60
        },
        {
            "x":372,
            "y":665,
            "w":41,
            "h":44,
            "index":61
        },
        {
            "x":89,
            "y":666,
            "w":28,
            "h":60,
            "index":62
        },
        {
            "x":564,
            "y":666,
            "w":37,
            "h":33,
            "index":63
        },
        {
            "x":616,
            "y":666,
            "w":80,
            "h":55,
            "index":64
        },
        {
            "x":536,
            "y":667,
            "w":22,
            "h":11,
            "index":65
        },
        {
            "x":562,
            "y":676,
            "w":26,
            "h":6,
            "index":66
        },
        {
            "x":761,
            "y":676,
            "w":127,
            "h":147,
            "index":67
        },
        {
            "x":540,
            "y":680,
            "w":21,
            "h":9,
            "index":68
        },
        {
            "x":677,
            "y":683,
            "w":42,
            "h":51,
            "index":69
        },
        {
            "x":272,
            "y":686,
            "w":32,
            "h":44,
            "index":70
        },
        {
            "x":360,
            "y":687,
            "w":23,
            "h":32,
            "index":71
        },
        {
            "x":415,
            "y":692,
            "w":24,
            "h":7,
            "index":72
        },
        {
            "x":396,
            "y":699,
            "w":31,
            "h":20,
            "index":73
        },
        {
            "x":42,
            "y":700,
            "w":44,
            "h":46,
            "index":74
        },
        {
            "x":235,
            "y":705,
            "w":560,
            "h":178,
            "index":75
        },
        {
            "x":365,
            "y":711,
            "w":31,
            "h":20,
            "index":76
        },
        {
            "x":145,
            "y":715,
            "w":32,
            "h":67,
            "index":77
        },
        {
            "x":595,
            "y":716,
            "w":84,
            "h":74,
            "index":78
        },
        {
            "x":649,
            "y":717,
            "w":25,
            "h":10,
            "index":79
        },
        {
            "x":58,
            "y":719,
            "w":12,
            "h":10,
            "index":80
        },
        {
            "x":236,
            "y":721,
            "w":210,
            "h":87,
            "index":81
        },
        {
            "x":639,
            "y":724,
            "w":122,
            "h":80,
            "index":82
        },
        {
            "x":674,
            "y":727,
            "w":1,
            "h":1,
            "index":83
        },
        {
            "x":928,
            "y":727,
            "w":59,
            "h":55,
            "index":84
        },
        {
            "x":134,
            "y":733,
            "w":20,
            "h":52,
            "index":85
        },
        {
            "x":175,
            "y":738,
            "w":38,
            "h":42,
            "index":86
        },
        {
            "x":950,
            "y":748,
            "w":14,
            "h":13,
            "index":87
        },
        {
            "x":102,
            "y":752,
            "w":48,
            "h":55,
            "index":88
        },
        {
            "x":549,
            "y":757,
            "w":29,
            "h":8,
            "index":89
        },
        {
            "x":544,
            "y":763,
            "w":39,
            "h":28,
            "index":90
        },
        {
            "x":80,
            "y":766,
            "w":23,
            "h":25,
            "index":91
        },
        {
            "x":29,
            "y":768,
            "w":44,
            "h":25,
            "index":92
        },
        {
            "x":474,
            "y":769,
            "w":58,
            "h":36,
            "index":93
        },
        {
            "x":50,
            "y":772,
            "w":1,
            "h":1,
            "index":94
        },
        {
            "x":908,
            "y":775,
            "w":32,
            "h":33,
            "index":95
        },
        {
            "x":111,
            "y":778,
            "w":167,
            "h":125,
            "index":96
        },
        {
            "x":527,
            "y":781,
            "w":48,
            "h":34,
            "index":97
        },
        {
            "x":940,
            "y":781,
            "w":4,
            "h":8,
            "index":98
        },
        {
            "x":391,
            "y":782,
            "w":42,
            "h":27,
            "index":99
        },
        {
            "x":953,
            "y":782,
            "w":15,
            "h":13,
            "index":100
        },
        {
            "x":496,
            "y":784,
            "w":15,
            "h":5,
            "index":101
        },
        {
            "x":457,
            "y":784,
            "w":149,
            "h":49,
            "index":102
        },
        {
            "x":327,
            "y":787,
            "w":60,
            "h":35,
            "index":103
        },
        {
            "x":948,
            "y":789,
            "w":45,
            "h":22,
            "index":104
        },
        {
            "x":928,
            "y":793,
            "w":1,
            "h":1,
            "index":105
        },
        {
            "x":929,
            "y":794,
            "w":1,
            "h":1,
            "index":106
        },
        {
            "x":930,
            "y":795,
            "w":1,
            "h":2,
            "index":107
        },
        {
            "x":544,
            "y":796,
            "w":13,
            "h":6,
            "index":108
        },
        {
            "x":475,
            "y":799,
            "w":50,
            "h":17,
            "index":109
        },
        {
            "x":174,
            "y":807,
            "w":25,
            "h":23,
            "index":110
        },
        {
            "x":530,
            "y":809,
            "w":45,
            "h":12,
            "index":111
        },
        {
            "x":529,
            "y":813,
            "w":1,
            "h":1,
            "index":112
        },
        {
            "x":706,
            "y":815,
            "w":50,
            "h":47,
            "index":113
        },
        {
            "x":648,
            "y":826,
            "w":50,
            "h":49,
            "index":114
        },
        {
            "x":302,
            "y":830,
            "w":56,
            "h":52,
            "index":115
        },
        {
            "x":211,
            "y":833,
            "w":27,
            "h":25,
            "index":116
        },
        {
            "x":727,
            "y":833,
            "w":11,
            "h":12,
            "index":117
        },
        {
            "x":376,
            "y":837,
            "w":61,
            "h":56,
            "index":118
        },
        {
            "x":141,
            "y":843,
            "w":29,
            "h":27,
            "index":119
        },
        {
            "x":338,
            "y":844,
            "w":66,
            "h":87,
            "index":120
        },
        {
            "x":670,
            "y":847,
            "w":8,
            "h":8,
            "index":121
        },
        {
            "x":328,
            "y":853,
            "w":9,
            "h":7,
            "index":122
        },
        {
            "x":405,
            "y":861,
            "w":9,
            "h":8,
            "index":123
        },
        {
            "x":571,
            "y":864,
            "w":46,
            "h":42,
            "index":124
        },
        {
            "x":697,
            "y":865,
            "w":19,
            "h":41,
            "index":125
        },
        {
            "x":263,
            "y":879,
            "w":60,
            "h":56,
            "index":126
        },
        {
            "x":331,
            "y":881,
            "w":5,
            "h":28,
            "index":127
        },
        {
            "x":590,
            "y":883,
            "w":11,
            "h":7,
            "index":128
        },
        {
            "x":713,
            "y":885,
            "w":44,
            "h":30,
            "index":129
        },
        {
            "x":413,
            "y":886,
            "w":21,
            "h":16,
            "index":130
        },
        {
            "x":334,
            "y":890,
            "w":58,
            "h":56,
            "index":131
        },
        {
            "x":411,
            "y":891,
            "w":52,
            "h":49,
            "index":132
        },
        {
            "x":661,
            "y":895,
            "w":41,
            "h":20,
            "index":133
        },
        {
            "x":399,
            "y":896,
            "w":12,
            "h":37,
            "index":134
        },
        {
            "x":692,
            "y":896,
            "w":1,
            "h":1,
            "index":135
        },
        {
            "x":292,
            "y":905,
            "w":8,
            "h":8,
            "index":136
        },
        {
            "x":331,
            "y":909,
            "w":1,
            "h":1,
            "index":137
        },
        {
            "x":361,
            "y":914,
            "w":9,
            "h":10,
            "index":138
        },
        {
            "x":432,
            "y":914,
            "w":9,
            "h":7,
            "index":139
        },
        {
            "x":608,
            "y":914,
            "w":41,
            "h":28,
            "index":140
        },
        {
            "x":702,
            "y":915,
            "w":1,
            "h":1,
            "index":141
        },
        {
            "x":407,
            "y":916,
            "w":1,
            "h":1,
            "index":142
        },
        {
            "x":554,
            "y":920,
            "w":41,
            "h":21,
            "index":143
        },
        {
            "x":368,
            "y":934,
            "w":48,
            "h":28,
            "index":144
        },
        {
            "x":313,
            "y":936,
            "w":48,
            "h":32,
            "index":145
        }
    ]
}