{
    "image":"game.png",
    "width":1024,
    "height":1024,
    "selectTab":{
        "id":"01"
    },
    "selectColor":{
        "id":"FCCFCA",
        "color":"#FCCFCA"
    },
    "list":[
        {
            "x":0,
            "y":0,
            "w":1024,
            "h":1024,
            "index":0
        },
        {
            "x":603,
            "y":111,
            "w":6,
            "h":10,
            "index":1
        },
        {
            "x":561,
            "y":115,
            "w":42,
            "h":32,
            "index":2
        },
        {
            "x":461,
            "y":218,
            "w":122,
            "h":112,
            "index":3
        },
        {
            "x":472,
            "y":233,
            "w":23,
            "h":50,
            "index":4
        },
        {
            "x":394,
            "y":269,
            "w":60,
            "h":89,
            "index":5
        },
        {
            "x":319,
            "y":283,
            "w":193,
            "h":127,
            "index":6
        },
        {
            "x":574,
            "y":302,
            "w":64,
            "h":21,
            "index":7
        },
        {
            "x":623,
            "y":304,
            "w":24,
            "h":14,
            "index":8
        },
        {
            "x":414,
            "y":317,
            "w":16,
            "h":16,
            "index":9
        },
        {
            "x":396,
            "y":319,
            "w":273,
            "h":155,
            "index":10
        },
        {
            "x":600,
            "y":324,
            "w":22,
            "h":32,
            "index":11
        },
        {
            "x":323,
            "y":329,
            "w":245,
            "h":105,
            "index":12
        },
        {
            "x":569,
            "y":336,
            "w":139,
            "h":135,
            "index":13
        },
        {
            "x":458,
            "y":347,
            "w":20,
            "h":33,
            "index":14
        },
        {
            "x":571,
            "y":353,
            "w":25,
            "h":31,
            "index":15
        },
        {
            "x":354,
            "y":364,
            "w":16,
            "h":15,
            "index":16
        },
        {
            "x":637,
            "y":394,
            "w":44,
            "h":46,
            "index":17
        },
        {
            "x":537,
            "y":396,
            "w":15,
            "h":33,
            "index":18
        },
        {
            "x":594,
            "y":406,
            "w":16,
            "h":16,
            "index":19
        },
        {
            "x":338,
            "y":420,
            "w":385,
            "h":174,
            "index":20
        },
        {
            "x":371,
            "y":422,
            "w":23,
            "h":23,
            "index":21
        },
        {
            "x":713,
            "y":427,
            "w":41,
            "h":91,
            "index":22
        },
        {
            "x":262,
            "y":433,
            "w":188,
            "h":81,
            "index":23
        },
        {
            "x":285,
            "y":458,
            "w":39,
            "h":39,
            "index":24
        },
        {
            "x":450,
            "y":458,
            "w":47,
            "h":44,
            "index":25
        },
        {
            "x":277,
            "y":462,
            "w":399,
            "h":106,
            "index":26
        },
        {
            "x":396,
            "y":492,
            "w":16,
            "h":16,
            "index":27
        },
        {
            "x":679,
            "y":494,
            "w":81,
            "h":81,
            "index":28
        },
        {
            "x":696,
            "y":496,
            "w":38,
            "h":39,
            "index":29
        },
        {
            "x":570,
            "y":506,
            "w":23,
            "h":23,
            "index":30
        },
        {
            "x":549,
            "y":517,
            "w":175,
            "h":73,
            "index":31
        },
        {
            "x":479,
            "y":547,
            "w":16,
            "h":15,
            "index":32
        },
        {
            "x":292,
            "y":565,
            "w":439,
            "h":67,
            "index":33
        },
        {
            "x":278,
            "y":576,
            "w":12,
            "h":19,
            "index":34
        },
        {
            "x":734,
            "y":576,
            "w":13,
            "h":20,
            "index":35
        },
        {
            "x":661,
            "y":595,
            "w":82,
            "h":252,
            "index":36
        },
        {
            "x":283,
            "y":598,
            "w":81,
            "h":248,
            "index":37
        },
        {
            "x":316,
            "y":608,
            "w":71,
            "h":250,
            "index":38
        },
        {
            "x":633,
            "y":610,
            "w":69,
            "h":250,
            "index":39
        },
        {
            "x":351,
            "y":615,
            "w":66,
            "h":251,
            "index":40
        },
        {
            "x":599,
            "y":616,
            "w":69,
            "h":252,
            "index":41
        },
        {
            "x":391,
            "y":620,
            "w":57,
            "h":252,
            "index":42
        },
        {
            "x":565,
            "y":621,
            "w":58,
            "h":253,
            "index":43
        },
        {
            "x":436,
            "y":622,
            "w":52,
            "h":253,
            "index":44
        },
        {
            "x":529,
            "y":623,
            "w":48,
            "h":253,
            "index":45
        },
        {
            "x":483,
            "y":624,
            "w":46,
            "h":252,
            "index":46
        }
    ]
}