{
    "image":"game.png",
    "width":1024,
    "height":1024,
    "selectTab":{
        "id":"01"
    },
    "selectColor":{
        "id":"FCCFCA",
        "color":"#FCCFCA"
    },
    "list":[
        {
            "x":0,
            "y":0,
            "w":1024,
            "h":1024,
            "index":0
        },
        {
            "x":520,
            "y":0,
            "w":104,
            "h":24,
            "index":1
        },
        {
            "x":609,
            "y":0,
            "w":80,
            "h":55,
            "index":2
        },
        {
            "x":669,
            "y":0,
            "w":51,
            "h":20,
            "index":3
        },
        {
            "x":721,
            "y":0,
            "w":14,
            "h":12,
            "index":4
        },
        {
            "x":686,
            "y":0,
            "w":121,
            "h":59,
            "index":5
        },
        {
            "x":769,
            "y":0,
            "w":32,
            "h":12,
            "index":6
        },
        {
            "x":777,
            "y":0,
            "w":36,
            "h":34,
            "index":7
        },
        {
            "x":478,
            "y":1,
            "w":69,
            "h":71,
            "index":8
        },
        {
            "x":658,
            "y":1,
            "w":6,
            "h":4,
            "index":9
        },
        {
            "x":776,
            "y":6,
            "w":89,
            "h":89,
            "index":10
        },
        {
            "x":396,
            "y":15,
            "w":24,
            "h":24,
            "index":11
        },
        {
            "x":532,
            "y":18,
            "w":105,
            "h":51,
            "index":12
        },
        {
            "x":912,
            "y":18,
            "w":22,
            "h":31,
            "index":13
        },
        {
            "x":530,
            "y":25,
            "w":2,
            "h":1,
            "index":14
        },
        {
            "x":524,
            "y":26,
            "w":3,
            "h":1,
            "index":15
        },
        {
            "x":501,
            "y":29,
            "w":1,
            "h":1,
            "index":16
        },
        {
            "x":370,
            "y":30,
            "w":41,
            "h":24,
            "index":17
        },
        {
            "x":422,
            "y":31,
            "w":61,
            "h":44,
            "index":18
        },
        {
            "x":601,
            "y":33,
            "w":56,
            "h":68,
            "index":19
        },
        {
            "x":914,
            "y":42,
            "w":31,
            "h":19,
            "index":20
        },
        {
            "x":528,
            "y":48,
            "w":1,
            "h":1,
            "index":21
        },
        {
            "x":833,
            "y":57,
            "w":2,
            "h":1,
            "index":22
        },
        {
            "x":829,
            "y":60,
            "w":4,
            "h":7,
            "index":23
        },
        {
            "x":624,
            "y":65,
            "w":18,
            "h":31,
            "index":24
        },
        {
            "x":622,
            "y":74,
            "w":1,
            "h":1,
            "index":25
        },
        {
            "x":141,
            "y":83,
            "w":104,
            "h":104,
            "index":26
        },
        {
            "x":384,
            "y":84,
            "w":19,
            "h":21,
            "index":27
        },
        {
            "x":803,
            "y":91,
            "w":25,
            "h":9,
            "index":28
        },
        {
            "x":569,
            "y":92,
            "w":30,
            "h":17,
            "index":29
        },
        {
            "x":575,
            "y":102,
            "w":26,
            "h":39,
            "index":30
        },
        {
            "x":683,
            "y":102,
            "w":34,
            "h":14,
            "index":31
        },
        {
            "x":445,
            "y":121,
            "w":21,
            "h":29,
            "index":32
        },
        {
            "x":880,
            "y":140,
            "w":4,
            "h":2,
            "index":33
        },
        {
            "x":167,
            "y":141,
            "w":1,
            "h":1,
            "index":34
        },
        {
            "x":356,
            "y":156,
            "w":20,
            "h":13,
            "index":35
        },
        {
            "x":31,
            "y":166,
            "w":542,
            "h":246,
            "index":36
        },
        {
            "x":244,
            "y":176,
            "w":4,
            "h":5,
            "index":37
        },
        {
            "x":180,
            "y":184,
            "w":4,
            "h":9,
            "index":38
        },
        {
            "x":636,
            "y":222,
            "w":109,
            "h":91,
            "index":39
        },
        {
            "x":254,
            "y":223,
            "w":31,
            "h":44,
            "index":40
        },
        {
            "x":574,
            "y":224,
            "w":21,
            "h":28,
            "index":41
        },
        {
            "x":191,
            "y":227,
            "w":29,
            "h":33,
            "index":42
        },
        {
            "x":281,
            "y":229,
            "w":31,
            "h":45,
            "index":43
        },
        {
            "x":222,
            "y":232,
            "w":26,
            "h":29,
            "index":44
        },
        {
            "x":230,
            "y":241,
            "w":9,
            "h":11,
            "index":45
        },
        {
            "x":279,
            "y":243,
            "w":1,
            "h":2,
            "index":46
        },
        {
            "x":278,
            "y":245,
            "w":1,
            "h":1,
            "index":47
        },
        {
            "x":574,
            "y":247,
            "w":281,
            "h":283,
            "index":48
        },
        {
            "x":301,
            "y":251,
            "w":25,
            "h":29,
            "index":49
        },
        {
            "x":367,
            "y":252,
            "w":26,
            "h":42,
            "index":50
        },
        {
            "x":327,
            "y":256,
            "w":25,
            "h":29,
            "index":51
        },
        {
            "x":312,
            "y":259,
            "w":5,
            "h":2,
            "index":52
        },
        {
            "x":338,
            "y":264,
            "w":5,
            "h":2,
            "index":53
        },
        {
            "x":24,
            "y":269,
            "w":549,
            "h":163,
            "index":54
        },
        {
            "x":310,
            "y":269,
            "w":6,
            "h":3,
            "index":55
        },
        {
            "x":322,
            "y":270,
            "w":3,
            "h":2,
            "index":56
        },
        {
            "x":336,
            "y":274,
            "w":6,
            "h":3,
            "index":57
        },
        {
            "x":394,
            "y":276,
            "w":25,
            "h":30,
            "index":58
        },
        {
            "x":376,
            "y":277,
            "w":8,
            "h":7,
            "index":59
        },
        {
            "x":405,
            "y":284,
            "w":5,
            "h":2,
            "index":60
        },
        {
            "x":420,
            "y":286,
            "w":27,
            "h":34,
            "index":61
        },
        {
            "x":43,
            "y":293,
            "w":259,
            "h":127,
            "index":62
        },
        {
            "x":402,
            "y":294,
            "w":7,
            "h":3,
            "index":63
        },
        {
            "x":432,
            "y":295,
            "w":5,
            "h":2,
            "index":64
        },
        {
            "x":447,
            "y":298,
            "w":28,
            "h":28,
            "index":65
        },
        {
            "x":429,
            "y":306,
            "w":5,
            "h":2,
            "index":66
        },
        {
            "x":300,
            "y":332,
            "w":245,
            "h":121,
            "index":67
        },
        {
            "x":262,
            "y":340,
            "w":64,
            "h":146,
            "index":68
        },
        {
            "x":168,
            "y":362,
            "w":227,
            "h":291,
            "index":69
        },
        {
            "x":315,
            "y":371,
            "w":46,
            "h":113,
            "index":70
        },
        {
            "x":189,
            "y":392,
            "w":54,
            "h":97,
            "index":71
        },
        {
            "x":602,
            "y":393,
            "w":15,
            "h":27,
            "index":72
        },
        {
            "x":242,
            "y":407,
            "w":33,
            "h":56,
            "index":73
        },
        {
            "x":283,
            "y":428,
            "w":34,
            "h":50,
            "index":74
        },
        {
            "x":578,
            "y":454,
            "w":2,
            "h":1,
            "index":75
        },
        {
            "x":580,
            "y":455,
            "w":2,
            "h":1,
            "index":76
        },
        {
            "x":561,
            "y":456,
            "w":26,
            "h":19,
            "index":77
        },
        {
            "x":683,
            "y":466,
            "w":143,
            "h":119,
            "index":78
        },
        {
            "x":597,
            "y":486,
            "w":95,
            "h":212,
            "index":79
        },
        {
            "x":824,
            "y":514,
            "w":23,
            "h":35,
            "index":80
        },
        {
            "x":829,
            "y":520,
            "w":112,
            "h":75,
            "index":81
        },
        {
            "x":455,
            "y":529,
            "w":63,
            "h":35,
            "index":82
        },
        {
            "x":736,
            "y":542,
            "w":72,
            "h":49,
            "index":83
        },
        {
            "x":371,
            "y":545,
            "w":5,
            "h":7,
            "index":84
        },
        {
            "x":300,
            "y":546,
            "w":7,
            "h":9,
            "index":85
        },
        {
            "x":776,
            "y":552,
            "w":87,
            "h":88,
            "index":86
        },
        {
            "x":857,
            "y":559,
            "w":24,
            "h":9,
            "index":87
        },
        {
            "x":716,
            "y":560,
            "w":25,
            "h":33,
            "index":88
        },
        {
            "x":763,
            "y":563,
            "w":20,
            "h":12,
            "index":89
        },
        {
            "x":122,
            "y":568,
            "w":64,
            "h":15,
            "index":90
        },
        {
            "x":439,
            "y":570,
            "w":184,
            "h":198,
            "index":91
        },
        {
            "x":437,
            "y":578,
            "w":51,
            "h":112,
            "index":92
        },
        {
            "x":925,
            "y":578,
            "w":42,
            "h":29,
            "index":93
        },
        {
            "x":680,
            "y":579,
            "w":45,
            "h":32,
            "index":94
        },
        {
            "x":934,
            "y":579,
            "w":1,
            "h":1,
            "index":95
        },
        {
            "x":74,
            "y":581,
            "w":46,
            "h":108,
            "index":96
        },
        {
            "x":124,
            "y":584,
            "w":69,
            "h":105,
            "index":97
        },
        {
            "x":196,
            "y":584,
            "w":32,
            "h":64,
            "index":98
        },
        {
            "x":808,
            "y":584,
            "w":25,
            "h":16,
            "index":99
        },
        {
            "x":705,
            "y":585,
            "w":74,
            "h":46,
            "index":100
        },
        {
            "x":866,
            "y":586,
            "w":82,
            "h":70,
            "index":101
        },
        {
            "x":110,
            "y":590,
            "w":17,
            "h":99,
            "index":102
        },
        {
            "x":679,
            "y":594,
            "w":26,
            "h":24,
            "index":103
        },
        {
            "x":780,
            "y":596,
            "w":8,
            "h":11,
            "index":104
        },
        {
            "x":865,
            "y":597,
            "w":10,
            "h":11,
            "index":105
        },
        {
            "x":64,
            "y":600,
            "w":16,
            "h":89,
            "index":106
        },
        {
            "x":856,
            "y":605,
            "w":12,
            "h":19,
            "index":107
        },
        {
            "x":718,
            "y":607,
            "w":68,
            "h":45,
            "index":108
        },
        {
            "x":897,
            "y":610,
            "w":23,
            "h":16,
            "index":109
        },
        {
            "x":734,
            "y":611,
            "w":23,
            "h":13,
            "index":110
        },
        {
            "x":819,
            "y":614,
            "w":63,
            "h":59,
            "index":111
        },
        {
            "x":218,
            "y":616,
            "w":57,
            "h":73,
            "index":112
        },
        {
            "x":573,
            "y":616,
            "w":61,
            "h":70,
            "index":113
        },
        {
            "x":675,
            "y":616,
            "w":103,
            "h":55,
            "index":114
        },
        {
            "x":467,
            "y":622,
            "w":79,
            "h":67,
            "index":115
        },
        {
            "x":927,
            "y":626,
            "w":48,
            "h":45,
            "index":116
        },
        {
            "x":766,
            "y":627,
            "w":109,
            "h":70,
            "index":117
        },
        {
            "x":145,
            "y":631,
            "w":25,
            "h":25,
            "index":118
        },
        {
            "x":795,
            "y":632,
            "w":63,
            "h":52,
            "index":119
        },
        {
            "x":397,
            "y":634,
            "w":45,
            "h":8,
            "index":120
        },
        {
            "x":94,
            "y":636,
            "w":15,
            "h":29,
            "index":121
        },
        {
            "x":150,
            "y":636,
            "w":23,
            "h":24,
            "index":122
        },
        {
            "x":678,
            "y":637,
            "w":38,
            "h":61,
            "index":123
        },
        {
            "x":874,
            "y":638,
            "w":18,
            "h":23,
            "index":124
        },
        {
            "x":488,
            "y":640,
            "w":42,
            "h":8,
            "index":125
        },
        {
            "x":265,
            "y":641,
            "w":81,
            "h":30,
            "index":126
        },
        {
            "x":826,
            "y":641,
            "w":30,
            "h":15,
            "index":127
        },
        {
            "x":391,
            "y":644,
            "w":55,
            "h":9,
            "index":128
        },
        {
            "x":42,
            "y":648,
            "w":22,
            "h":41,
            "index":129
        },
        {
            "x":696,
            "y":648,
            "w":134,
            "h":97,
            "index":130
        },
        {
            "x":872,
            "y":649,
            "w":57,
            "h":34,
            "index":131
        },
        {
            "x":195,
            "y":650,
            "w":35,
            "h":10,
            "index":132
        },
        {
            "x":485,
            "y":650,
            "w":47,
            "h":15,
            "index":133
        },
        {
            "x":232,
            "y":651,
            "w":53,
            "h":66,
            "index":134
        },
        {
            "x":532,
            "y":654,
            "w":10,
            "h":21,
            "index":135
        },
        {
            "x":393,
            "y":655,
            "w":49,
            "h":48,
            "index":136
        },
        {
            "x":344,
            "y":658,
            "w":29,
            "h":38,
            "index":137
        },
        {
            "x":883,
            "y":661,
            "w":1,
            "h":1,
            "index":138
        },
        {
            "x":194,
            "y":662,
            "w":32,
            "h":27,
            "index":139
        },
        {
            "x":285,
            "y":665,
            "w":75,
            "h":52,
            "index":140
        },
        {
            "x":483,
            "y":666,
            "w":50,
            "h":24,
            "index":141
        },
        {
            "x":410,
            "y":669,
            "w":18,
            "h":18,
            "index":142
        },
        {
            "x":533,
            "y":670,
            "w":13,
            "h":20,
            "index":143
        },
        {
            "x":782,
            "y":672,
            "w":162,
            "h":82,
            "index":144
        },
        {
            "x":885,
            "y":679,
            "w":1,
            "h":1,
            "index":145
        },
        {
            "x":38,
            "y":691,
            "w":61,
            "h":25,
            "index":146
        },
        {
            "x":100,
            "y":692,
            "w":134,
            "h":25,
            "index":147
        },
        {
            "x":358,
            "y":692,
            "w":45,
            "h":24,
            "index":148
        },
        {
            "x":263,
            "y":694,
            "w":62,
            "h":23,
            "index":149
        },
        {
            "x":641,
            "y":695,
            "w":15,
            "h":23,
            "index":150
        },
        {
            "x":628,
            "y":700,
            "w":175,
            "h":192,
            "index":151
        },
        {
            "x":667,
            "y":700,
            "w":67,
            "h":22,
            "index":152
        },
        {
            "x":405,
            "y":704,
            "w":167,
            "h":12,
            "index":153
        },
        {
            "x":60,
            "y":715,
            "w":50,
            "h":130,
            "index":154
        },
        {
            "x":113,
            "y":719,
            "w":424,
            "h":135,
            "index":155
        },
        {
            "x":539,
            "y":719,
            "w":20,
            "h":21,
            "index":156
        },
        {
            "x":740,
            "y":728,
            "w":19,
            "h":24,
            "index":157
        },
        {
            "x":440,
            "y":740,
            "w":76,
            "h":80,
            "index":158
        },
        {
            "x":539,
            "y":742,
            "w":20,
            "h":9,
            "index":159
        },
        {
            "x":753,
            "y":745,
            "w":38,
            "h":36,
            "index":160
        },
        {
            "x":813,
            "y":749,
            "w":41,
            "h":37,
            "index":161
        },
        {
            "x":539,
            "y":753,
            "w":23,
            "h":16,
            "index":162
        },
        {
            "x":792,
            "y":753,
            "w":21,
            "h":21,
            "index":163
        },
        {
            "x":721,
            "y":766,
            "w":127,
            "h":78,
            "index":164
        },
        {
            "x":481,
            "y":768,
            "w":21,
            "h":32,
            "index":165
        },
        {
            "x":817,
            "y":768,
            "w":174,
            "h":152,
            "index":166
        },
        {
            "x":539,
            "y":771,
            "w":23,
            "h":20,
            "index":167
        },
        {
            "x":774,
            "y":772,
            "w":23,
            "h":50,
            "index":168
        },
        {
            "x":223,
            "y":773,
            "w":172,
            "h":178,
            "index":169
        },
        {
            "x":808,
            "y":774,
            "w":25,
            "h":46,
            "index":170
        },
        {
            "x":826,
            "y":785,
            "w":1,
            "h":1,
            "index":171
        },
        {
            "x":455,
            "y":788,
            "w":15,
            "h":20,
            "index":172
        },
        {
            "x":80,
            "y":791,
            "w":160,
            "h":205,
            "index":173
        },
        {
            "x":539,
            "y":794,
            "w":32,
            "h":24,
            "index":174
        },
        {
            "x":267,
            "y":801,
            "w":48,
            "h":46,
            "index":175
        },
        {
            "x":309,
            "y":802,
            "w":32,
            "h":45,
            "index":176
        },
        {
            "x":101,
            "y":807,
            "w":124,
            "h":165,
            "index":177
        },
        {
            "x":321,
            "y":814,
            "w":46,
            "h":40,
            "index":178
        },
        {
            "x":250,
            "y":821,
            "w":43,
            "h":39,
            "index":179
        },
        {
            "x":539,
            "y":821,
            "w":23,
            "h":7,
            "index":180
        },
        {
            "x":117,
            "y":822,
            "w":14,
            "h":11,
            "index":181
        },
        {
            "x":121,
            "y":836,
            "w":18,
            "h":15,
            "index":182
        },
        {
            "x":794,
            "y":839,
            "w":27,
            "h":45,
            "index":183
        },
        {
            "x":247,
            "y":844,
            "w":23,
            "h":11,
            "index":184
        },
        {
            "x":291,
            "y":846,
            "w":31,
            "h":32,
            "index":185
        },
        {
            "x":299,
            "y":854,
            "w":15,
            "h":15,
            "index":186
        },
        {
            "x":499,
            "y":855,
            "w":27,
            "h":74,
            "index":187
        },
        {
            "x":138,
            "y":857,
            "w":48,
            "h":14,
            "index":188
        },
        {
            "x":246,
            "y":857,
            "w":45,
            "h":53,
            "index":189
        },
        {
            "x":325,
            "y":857,
            "w":42,
            "h":21,
            "index":190
        },
        {
            "x":319,
            "y":866,
            "w":46,
            "h":35,
            "index":191
        },
        {
            "x":730,
            "y":867,
            "w":102,
            "h":58,
            "index":192
        },
        {
            "x":135,
            "y":868,
            "w":57,
            "h":13,
            "index":193
        },
        {
            "x":625,
            "y":869,
            "w":87,
            "h":47,
            "index":194
        },
        {
            "x":269,
            "y":875,
            "w":33,
            "h":48,
            "index":195
        },
        {
            "x":296,
            "y":877,
            "w":57,
            "h":47,
            "index":196
        },
        {
            "x":142,
            "y":880,
            "w":45,
            "h":19,
            "index":197
        },
        {
            "x":148,
            "y":898,
            "w":39,
            "h":31,
            "index":198
        },
        {
            "x":158,
            "y":899,
            "w":23,
            "h":14,
            "index":199
        },
        {
            "x":742,
            "y":914,
            "w":83,
            "h":93,
            "index":200
        },
        {
            "x":53,
            "y":915,
            "w":47,
            "h":52,
            "index":201
        },
        {
            "x":581,
            "y":916,
            "w":116,
            "h":70,
            "index":202
        },
        {
            "x":930,
            "y":946,
            "w":52,
            "h":34,
            "index":203
        },
        {
            "x":74,
            "y":970,
            "w":5,
            "h":34,
            "index":204
        },
        {
            "x":36,
            "y":979,
            "w":36,
            "h":26,
            "index":205
        },
        {
            "x":948,
            "y":984,
            "w":5,
            "h":30,
            "index":206
        },
        {
            "x":80,
            "y":985,
            "w":36,
            "h":23,
            "index":207
        },
        {
            "x":72,
            "y":991,
            "w":1,
            "h":1,
            "index":208
        },
        {
            "x":912,
            "y":992,
            "w":35,
            "h":23,
            "index":209
        },
        {
            "x":954,
            "y":997,
            "w":33,
            "h":21,
            "index":210
        },
        {
            "x":370,
            "y":1000,
            "w":30,
            "h":24,
            "index":211
        },
        {
            "x":167,
            "y":1005,
            "w":16,
            "h":19,
            "index":212
        },
        {
            "x":138,
            "y":1011,
            "w":18,
            "h":13,
            "index":213
        },
        {
            "x":679,
            "y":1011,
            "w":13,
            "h":13,
            "index":214
        },
        {
            "x":662,
            "y":1017,
            "w":12,
            "h":7,
            "index":215
        },
        {
            "x":187,
            "y":1018,
            "w":13,
            "h":6,
            "index":216
        }
    ]
}