{
    "image":"game.png",
    "width":1024,
    "height":1024,
    "selectTab":{
        "id":"01"
    },
    "selectColor":{
        "id":"FCCFCA",
        "color":"#FCCFCA"
    },
    "list":[
        {
            "x":0,
            "y":0,
            "w":1024,
            "h":826,
            "index":0
        },
        {
            "x":673,
            "y":37,
            "w":27,
            "h":28,
            "index":1
        },
        {
            "x":332,
            "y":44,
            "w":15,
            "h":17,
            "index":2
        },
        {
            "x":852,
            "y":52,
            "w":103,
            "h":43,
            "index":3
        },
        {
            "x":66,
            "y":59,
            "w":15,
            "h":16,
            "index":4
        },
        {
            "x":206,
            "y":78,
            "w":60,
            "h":81,
            "index":5
        },
        {
            "x":569,
            "y":94,
            "w":29,
            "h":24,
            "index":6
        },
        {
            "x":742,
            "y":104,
            "w":116,
            "h":138,
            "index":7
        },
        {
            "x":117,
            "y":112,
            "w":280,
            "h":129,
            "index":8
        },
        {
            "x":67,
            "y":128,
            "w":95,
            "h":45,
            "index":9
        },
        {
            "x":476,
            "y":135,
            "w":21,
            "h":21,
            "index":10
        },
        {
            "x":630,
            "y":149,
            "w":18,
            "h":17,
            "index":11
        },
        {
            "x":891,
            "y":162,
            "w":74,
            "h":98,
            "index":12
        },
        {
            "x":678,
            "y":182,
            "w":95,
            "h":85,
            "index":13
        },
        {
            "x":245,
            "y":193,
            "w":142,
            "h":349,
            "index":14
        },
        {
            "x":664,
            "y":210,
            "w":220,
            "h":608,
            "index":15
        },
        {
            "x":705,
            "y":210,
            "w":204,
            "h":597,
            "index":16
        },
        {
            "x":390,
            "y":232,
            "w":92,
            "h":43,
            "index":17
        },
        {
            "x":474,
            "y":235,
            "w":355,
            "h":161,
            "index":18
        },
        {
            "x":913,
            "y":262,
            "w":67,
            "h":117,
            "index":19
        },
        {
            "x":682,
            "y":285,
            "w":147,
            "h":88,
            "index":20
        },
        {
            "x":71,
            "y":297,
            "w":25,
            "h":25,
            "index":21
        },
        {
            "x":908,
            "y":312,
            "w":63,
            "h":120,
            "index":22
        },
        {
            "x":599,
            "y":315,
            "w":88,
            "h":71,
            "index":23
        },
        {
            "x":156,
            "y":347,
            "w":672,
            "h":308,
            "index":24
        },
        {
            "x":162,
            "y":348,
            "w":17,
            "h":17,
            "index":25
        },
        {
            "x":438,
            "y":359,
            "w":189,
            "h":121,
            "index":26
        },
        {
            "x":629,
            "y":365,
            "w":84,
            "h":68,
            "index":27
        },
        {
            "x":895,
            "y":373,
            "w":62,
            "h":122,
            "index":28
        },
        {
            "x":69,
            "y":392,
            "w":13,
            "h":13,
            "index":29
        },
        {
            "x":167,
            "y":398,
            "w":76,
            "h":132,
            "index":30
        },
        {
            "x":235,
            "y":415,
            "w":60,
            "h":106,
            "index":31
        },
        {
            "x":680,
            "y":427,
            "w":138,
            "h":94,
            "index":32
        },
        {
            "x":878,
            "y":446,
            "w":56,
            "h":104,
            "index":33
        },
        {
            "x":52,
            "y":455,
            "w":63,
            "h":360,
            "index":34
        },
        {
            "x":161,
            "y":498,
            "w":60,
            "h":41,
            "index":35
        },
        {
            "x":702,
            "y":498,
            "w":102,
            "h":100,
            "index":36
        },
        {
            "x":293,
            "y":505,
            "w":285,
            "h":157,
            "index":37
        },
        {
            "x":854,
            "y":511,
            "w":57,
            "h":104,
            "index":38
        },
        {
            "x":272,
            "y":518,
            "w":32,
            "h":45,
            "index":39
        },
        {
            "x":947,
            "y":519,
            "w":62,
            "h":300,
            "index":40
        },
        {
            "x":132,
            "y":521,
            "w":148,
            "h":91,
            "index":41
        },
        {
            "x":571,
            "y":538,
            "w":113,
            "h":53,
            "index":42
        },
        {
            "x":233,
            "y":579,
            "w":548,
            "h":209,
            "index":43
        },
        {
            "x":822,
            "y":584,
            "w":57,
            "h":97,
            "index":44
        },
        {
            "x":195,
            "y":586,
            "w":365,
            "h":171,
            "index":45
        },
        {
            "x":12,
            "y":592,
            "w":71,
            "h":221,
            "index":46
        },
        {
            "x":225,
            "y":616,
            "w":73,
            "h":69,
            "index":47
        },
        {
            "x":898,
            "y":626,
            "w":52,
            "h":195,
            "index":48
        },
        {
            "x":419,
            "y":632,
            "w":69,
            "h":87,
            "index":49
        },
        {
            "x":173,
            "y":641,
            "w":65,
            "h":60,
            "index":50
        },
        {
            "x":363,
            "y":657,
            "w":389,
            "h":152,
            "index":51
        },
        {
            "x":785,
            "y":658,
            "w":55,
            "h":86,
            "index":52
        },
        {
            "x":103,
            "y":679,
            "w":44,
            "h":136,
            "index":53
        },
        {
            "x":732,
            "y":729,
            "w":60,
            "h":71,
            "index":54
        },
        {
            "x":481,
            "y":731,
            "w":233,
            "h":95,
            "index":55
        },
        {
            "x":867,
            "y":733,
            "w":27,
            "h":85,
            "index":56
        },
        {
            "x":839,
            "y":766,
            "w":40,
            "h":49,
            "index":57
        },
        {
            "x":939,
            "y":783,
            "w":8,
            "h":36,
            "index":58
        },
        {
            "x":0,
            "y":790,
            "w":1024,
            "h":234,
            "index":59
        },
        {
            "x":333,
            "y":827,
            "w":28,
            "h":119,
            "index":60
        },
        {
            "x":353,
            "y":841,
            "w":42,
            "h":80,
            "index":61
        },
        {
            "x":302,
            "y":842,
            "w":29,
            "h":79,
            "index":62
        },
        {
            "x":843,
            "y":854,
            "w":38,
            "h":113,
            "index":63
        },
        {
            "x":139,
            "y":860,
            "w":47,
            "h":45,
            "index":64
        },
        {
            "x":106,
            "y":869,
            "w":47,
            "h":37,
            "index":65
        },
        {
            "x":179,
            "y":872,
            "w":34,
            "h":50,
            "index":66
        },
        {
            "x":875,
            "y":885,
            "w":56,
            "h":89,
            "index":67
        },
        {
            "x":272,
            "y":887,
            "w":55,
            "h":56,
            "index":68
        },
        {
            "x":476,
            "y":889,
            "w":122,
            "h":69,
            "index":69
        },
        {
            "x":85,
            "y":890,
            "w":44,
            "h":33,
            "index":70
        },
        {
            "x":665,
            "y":893,
            "w":61,
            "h":58,
            "index":71
        },
        {
            "x":798,
            "y":894,
            "w":56,
            "h":70,
            "index":72
        },
        {
            "x":681,
            "y":898,
            "w":67,
            "h":57,
            "index":73
        },
        {
            "x":126,
            "y":903,
            "w":67,
            "h":65,
            "index":74
        },
        {
            "x":341,
            "y":905,
            "w":64,
            "h":50,
            "index":75
        },
        {
            "x":178,
            "y":917,
            "w":37,
            "h":40,
            "index":76
        },
        {
            "x":81,
            "y":922,
            "w":45,
            "h":32,
            "index":77
        },
        {
            "x":700,
            "y":922,
            "w":52,
            "h":33,
            "index":78
        },
        {
            "x":892,
            "y":938,
            "w":55,
            "h":34,
            "index":79
        }
    ]
}