{
    "image":"game.png",
    "width":1024,
    "height":1024,
    "selectTab":{
        "id":"01"
    },
    "selectColor":{
        "id":"FCCFCA",
        "color":"#FCCFCA"
    },
    "list":[
        {
            "x":0,
            "y":0,
            "w":497,
            "h":498,
            "index":0
        },
        {
            "x":502,
            "y":0,
            "w":10,
            "h":17,
            "index":1
        },
        {
            "x":517,
            "y":0,
            "w":507,
            "h":335,
            "index":2
        },
        {
            "x":462,
            "y":22,
            "w":41,
            "h":26,
            "index":3
        },
        {
            "x":508,
            "y":22,
            "w":44,
            "h":26,
            "index":4
        },
        {
            "x":432,
            "y":25,
            "w":43,
            "h":21,
            "index":5
        },
        {
            "x":539,
            "y":25,
            "w":43,
            "h":21,
            "index":6
        },
        {
            "x":388,
            "y":47,
            "w":64,
            "h":48,
            "index":7
        },
        {
            "x":561,
            "y":47,
            "w":59,
            "h":45,
            "index":8
        },
        {
            "x":701,
            "y":48,
            "w":323,
            "h":450,
            "index":9
        },
        {
            "x":438,
            "y":50,
            "w":65,
            "h":49,
            "index":10
        },
        {
            "x":508,
            "y":51,
            "w":65,
            "h":48,
            "index":11
        },
        {
            "x":665,
            "y":64,
            "w":25,
            "h":27,
            "index":12
        },
        {
            "x":261,
            "y":76,
            "w":33,
            "h":37,
            "index":13
        },
        {
            "x":579,
            "y":84,
            "w":62,
            "h":66,
            "index":14
        },
        {
            "x":369,
            "y":90,
            "w":62,
            "h":65,
            "index":15
        },
        {
            "x":508,
            "y":98,
            "w":73,
            "h":61,
            "index":16
        },
        {
            "x":430,
            "y":100,
            "w":73,
            "h":59,
            "index":17
        },
        {
            "x":578,
            "y":135,
            "w":64,
            "h":76,
            "index":18
        },
        {
            "x":368,
            "y":149,
            "w":68,
            "h":67,
            "index":19
        },
        {
            "x":508,
            "y":156,
            "w":74,
            "h":63,
            "index":20
        },
        {
            "x":430,
            "y":161,
            "w":73,
            "h":58,
            "index":21
        },
        {
            "x":859,
            "y":189,
            "w":59,
            "h":57,
            "index":22
        },
        {
            "x":94,
            "y":191,
            "w":43,
            "h":40,
            "index":23
        },
        {
            "x":702,
            "y":195,
            "w":52,
            "h":55,
            "index":24
        },
        {
            "x":544,
            "y":197,
            "w":91,
            "h":69,
            "index":25
        },
        {
            "x":382,
            "y":209,
            "w":87,
            "h":57,
            "index":26
        },
        {
            "x":508,
            "y":217,
            "w":63,
            "h":53,
            "index":27
        },
        {
            "x":443,
            "y":221,
            "w":60,
            "h":49,
            "index":28
        },
        {
            "x":549,
            "y":254,
            "w":69,
            "h":92,
            "index":29
        },
        {
            "x":399,
            "y":256,
            "w":77,
            "h":158,
            "index":30
        },
        {
            "x":469,
            "y":266,
            "w":2,
            "h":1,
            "index":31
        },
        {
            "x":584,
            "y":267,
            "w":104,
            "h":76,
            "index":32
        },
        {
            "x":517,
            "y":271,
            "w":56,
            "h":189,
            "index":33
        },
        {
            "x":338,
            "y":272,
            "w":67,
            "h":131,
            "index":34
        },
        {
            "x":424,
            "y":272,
            "w":118,
            "h":226,
            "index":35
        },
        {
            "x":203,
            "y":280,
            "w":262,
            "h":319,
            "index":36
        },
        {
            "x":496,
            "y":311,
            "w":342,
            "h":264,
            "index":37
        },
        {
            "x":118,
            "y":396,
            "w":32,
            "h":31,
            "index":38
        },
        {
            "x":544,
            "y":427,
            "w":39,
            "h":47,
            "index":39
        },
        {
            "x":622,
            "y":442,
            "w":46,
            "h":50,
            "index":40
        },
        {
            "x":0,
            "y":502,
            "w":227,
            "h":23,
            "index":41
        },
        {
            "x":469,
            "y":502,
            "w":35,
            "h":23,
            "index":42
        },
        {
            "x":774,
            "y":502,
            "w":250,
            "h":22,
            "index":43
        },
        {
            "x":0,
            "y":529,
            "w":179,
            "h":100,
            "index":44
        },
        {
            "x":184,
            "y":529,
            "w":21,
            "h":100,
            "index":45
        },
        {
            "x":210,
            "y":529,
            "w":36,
            "h":100,
            "index":46
        },
        {
            "x":406,
            "y":529,
            "w":168,
            "h":100,
            "index":47
        },
        {
            "x":734,
            "y":529,
            "w":84,
            "h":100,
            "index":48
        },
        {
            "x":771,
            "y":529,
            "w":47,
            "h":76,
            "index":49
        },
        {
            "x":823,
            "y":529,
            "w":21,
            "h":100,
            "index":50
        },
        {
            "x":849,
            "y":529,
            "w":175,
            "h":99,
            "index":51
        },
        {
            "x":718,
            "y":547,
            "w":57,
            "h":82,
            "index":52
        },
        {
            "x":530,
            "y":554,
            "w":217,
            "h":157,
            "index":53
        },
        {
            "x":219,
            "y":579,
            "w":86,
            "h":50,
            "index":54
        },
        {
            "x":287,
            "y":593,
            "w":178,
            "h":117,
            "index":55
        },
        {
            "x":389,
            "y":603,
            "w":12,
            "h":7,
            "index":56
        },
        {
            "x":406,
            "y":607,
            "w":51,
            "h":22,
            "index":57
        },
        {
            "x":512,
            "y":616,
            "w":29,
            "h":61,
            "index":58
        },
        {
            "x":488,
            "y":623,
            "w":34,
            "h":65,
            "index":59
        },
        {
            "x":462,
            "y":626,
            "w":34,
            "h":60,
            "index":60
        },
        {
            "x":0,
            "y":633,
            "w":216,
            "h":22,
            "index":61
        },
        {
            "x":204,
            "y":633,
            "w":91,
            "h":23,
            "index":62
        },
        {
            "x":750,
            "y":633,
            "w":274,
            "h":23,
            "index":63
        },
        {
            "x":749,
            "y":652,
            "w":99,
            "h":123,
            "index":64
        },
        {
            "x":0,
            "y":660,
            "w":1024,
            "h":364,
            "index":65
        },
        {
            "x":748,
            "y":660,
            "w":56,
            "h":60,
            "index":66
        },
        {
            "x":616,
            "y":664,
            "w":76,
            "h":53,
            "index":67
        },
        {
            "x":595,
            "y":691,
            "w":75,
            "h":71,
            "index":68
        },
        {
            "x":222,
            "y":694,
            "w":227,
            "h":104,
            "index":69
        },
        {
            "x":552,
            "y":708,
            "w":87,
            "h":94,
            "index":70
        },
        {
            "x":636,
            "y":708,
            "w":108,
            "h":102,
            "index":71
        },
        {
            "x":265,
            "y":781,
            "w":77,
            "h":52,
            "index":72
        },
        {
            "x":346,
            "y":792,
            "w":62,
            "h":43,
            "index":73
        },
        {
            "x":219,
            "y":799,
            "w":94,
            "h":109,
            "index":74
        },
        {
            "x":561,
            "y":802,
            "w":69,
            "h":38,
            "index":75
        },
        {
            "x":663,
            "y":806,
            "w":72,
            "h":38,
            "index":76
        },
        {
            "x":656,
            "y":828,
            "w":105,
            "h":90,
            "index":77
        },
        {
            "x":331,
            "y":833,
            "w":106,
            "h":81,
            "index":78
        },
        {
            "x":530,
            "y":838,
            "w":109,
            "h":75,
            "index":79
        },
        {
            "x":202,
            "y":861,
            "w":33,
            "h":34,
            "index":80
        },
        {
            "x":215,
            "y":873,
            "w":9,
            "h":8,
            "index":81
        },
        {
            "x":729,
            "y":898,
            "w":37,
            "h":31,
            "index":82
        },
        {
            "x":251,
            "y":901,
            "w":35,
            "h":29,
            "index":83
        },
        {
            "x":743,
            "y":906,
            "w":8,
            "h":10,
            "index":84
        },
        {
            "x":264,
            "y":909,
            "w":9,
            "h":8,
            "index":85
        },
        {
            "x":334,
            "y":910,
            "w":35,
            "h":29,
            "index":86
        },
        {
            "x":600,
            "y":910,
            "w":35,
            "h":29,
            "index":87
        },
        {
            "x":541,
            "y":914,
            "w":36,
            "h":28,
            "index":88
        },
        {
            "x":348,
            "y":915,
            "w":8,
            "h":11,
            "index":89
        },
        {
            "x":391,
            "y":915,
            "w":34,
            "h":25,
            "index":90
        },
        {
            "x":614,
            "y":915,
            "w":8,
            "h":10,
            "index":91
        },
        {
            "x":554,
            "y":918,
            "w":9,
            "h":10,
            "index":92
        },
        {
            "x":405,
            "y":919,
            "w":7,
            "h":8,
            "index":93
        },
        {
            "x":672,
            "y":920,
            "w":37,
            "h":26,
            "index":94
        },
        {
            "x":686,
            "y":925,
            "w":9,
            "h":8,
            "index":95
        }
    ]
}