{
    "image":"game.png",
    "width":1024,
    "height":1024,
    "selectTab":{
        "id":"01"
    },
    "selectColor":{
        "id":"FCCFCA",
        "color":"#FCCFCA"
    },
    "list":[
        {
            "x":0,
            "y":0,
            "w":1024,
            "h":632,
            "index":0
        },
        {
            "x":793,
            "y":20,
            "w":56,
            "h":102,
            "index":1
        },
        {
            "x":88,
            "y":47,
            "w":67,
            "h":107,
            "index":2
        },
        {
            "x":859,
            "y":64,
            "w":83,
            "h":90,
            "index":3
        },
        {
            "x":843,
            "y":65,
            "w":32,
            "h":53,
            "index":4
        },
        {
            "x":290,
            "y":87,
            "w":32,
            "h":49,
            "index":5
        },
        {
            "x":71,
            "y":108,
            "w":36,
            "h":46,
            "index":6
        },
        {
            "x":5,
            "y":114,
            "w":90,
            "h":80,
            "index":7
        },
        {
            "x":254,
            "y":114,
            "w":41,
            "h":40,
            "index":8
        },
        {
            "x":512,
            "y":141,
            "w":121,
            "h":151,
            "index":9
        },
        {
            "x":644,
            "y":149,
            "w":120,
            "h":77,
            "index":10
        },
        {
            "x":982,
            "y":158,
            "w":35,
            "h":56,
            "index":11
        },
        {
            "x":226,
            "y":197,
            "w":572,
            "h":428,
            "index":12
        },
        {
            "x":1012,
            "y":203,
            "w":12,
            "h":32,
            "index":13
        },
        {
            "x":583,
            "y":221,
            "w":25,
            "h":33,
            "index":14
        },
        {
            "x":613,
            "y":225,
            "w":85,
            "h":86,
            "index":15
        },
        {
            "x":680,
            "y":233,
            "w":106,
            "h":122,
            "index":16
        },
        {
            "x":706,
            "y":274,
            "w":19,
            "h":27,
            "index":17
        },
        {
            "x":498,
            "y":497,
            "w":34,
            "h":24,
            "index":18
        },
        {
            "x":872,
            "y":516,
            "w":26,
            "h":107,
            "index":19
        },
        {
            "x":932,
            "y":516,
            "w":26,
            "h":107,
            "index":20
        },
        {
            "x":993,
            "y":516,
            "w":24,
            "h":109,
            "index":21
        },
        {
            "x":6,
            "y":517,
            "w":31,
            "h":126,
            "index":22
        },
        {
            "x":88,
            "y":517,
            "w":30,
            "h":123,
            "index":23
        },
        {
            "x":676,
            "y":538,
            "w":187,
            "h":88,
            "index":24
        },
        {
            "x":906,
            "y":545,
            "w":18,
            "h":58,
            "index":25
        },
        {
            "x":966,
            "y":545,
            "w":18,
            "h":58,
            "index":26
        },
        {
            "x":46,
            "y":571,
            "w":32,
            "h":26,
            "index":27
        },
        {
            "x":128,
            "y":572,
            "w":32,
            "h":25,
            "index":28
        },
        {
            "x":128,
            "y":594,
            "w":98,
            "h":44,
            "index":29
        },
        {
            "x":46,
            "y":605,
            "w":32,
            "h":37,
            "index":30
        },
        {
            "x":776,
            "y":605,
            "w":87,
            "h":18,
            "index":31
        },
        {
            "x":906,
            "y":611,
            "w":17,
            "h":12,
            "index":32
        },
        {
            "x":965,
            "y":611,
            "w":19,
            "h":13,
            "index":33
        },
        {
            "x":652,
            "y":625,
            "w":38,
            "h":48,
            "index":34
        },
        {
            "x":294,
            "y":628,
            "w":363,
            "h":257,
            "index":35
        },
        {
            "x":324,
            "y":632,
            "w":102,
            "h":107,
            "index":36
        },
        {
            "x":712,
            "y":633,
            "w":260,
            "h":139,
            "index":37
        },
        {
            "x":448,
            "y":633,
            "w":576,
            "h":391,
            "index":38
        },
        {
            "x":490,
            "y":635,
            "w":102,
            "h":41,
            "index":39
        },
        {
            "x":6,
            "y":640,
            "w":312,
            "h":384,
            "index":40
        },
        {
            "x":33,
            "y":645,
            "w":27,
            "h":25,
            "index":41
        },
        {
            "x":676,
            "y":651,
            "w":82,
            "h":94,
            "index":42
        },
        {
            "x":0,
            "y":655,
            "w":49,
            "h":89,
            "index":43
        },
        {
            "x":51,
            "y":657,
            "w":41,
            "h":87,
            "index":44
        },
        {
            "x":257,
            "y":668,
            "w":114,
            "h":116,
            "index":45
        },
        {
            "x":612,
            "y":706,
            "w":81,
            "h":107,
            "index":46
        },
        {
            "x":683,
            "y":730,
            "w":42,
            "h":63,
            "index":47
        },
        {
            "x":0,
            "y":735,
            "w":31,
            "h":99,
            "index":48
        },
        {
            "x":652,
            "y":738,
            "w":24,
            "h":36,
            "index":49
        },
        {
            "x":39,
            "y":754,
            "w":10,
            "h":94,
            "index":50
        },
        {
            "x":688,
            "y":759,
            "w":9,
            "h":20,
            "index":51
        },
        {
            "x":840,
            "y":767,
            "w":184,
            "h":250,
            "index":52
        },
        {
            "x":151,
            "y":774,
            "w":21,
            "h":31,
            "index":53
        },
        {
            "x":578,
            "y":775,
            "w":26,
            "h":21,
            "index":54
        },
        {
            "x":640,
            "y":779,
            "w":89,
            "h":39,
            "index":55
        },
        {
            "x":117,
            "y":783,
            "w":46,
            "h":98,
            "index":56
        },
        {
            "x":167,
            "y":783,
            "w":43,
            "h":98,
            "index":57
        },
        {
            "x":811,
            "y":791,
            "w":62,
            "h":79,
            "index":58
        },
        {
            "x":537,
            "y":796,
            "w":190,
            "h":167,
            "index":59
        },
        {
            "x":46,
            "y":800,
            "w":45,
            "h":84,
            "index":60
        },
        {
            "x":0,
            "y":826,
            "w":38,
            "h":63,
            "index":61
        },
        {
            "x":707,
            "y":835,
            "w":107,
            "h":94,
            "index":62
        },
        {
            "x":295,
            "y":854,
            "w":160,
            "h":125,
            "index":63
        },
        {
            "x":926,
            "y":861,
            "w":88,
            "h":92,
            "index":64
        },
        {
            "x":0,
            "y":874,
            "w":5,
            "h":30,
            "index":65
        },
        {
            "x":158,
            "y":891,
            "w":8,
            "h":101,
            "index":66
        },
        {
            "x":207,
            "y":898,
            "w":310,
            "h":126,
            "index":67
        },
        {
            "x":511,
            "y":899,
            "w":125,
            "h":87,
            "index":68
        },
        {
            "x":99,
            "y":907,
            "w":52,
            "h":84,
            "index":69
        },
        {
            "x":171,
            "y":921,
            "w":59,
            "h":73,
            "index":70
        },
        {
            "x":1017,
            "y":921,
            "w":7,
            "h":29,
            "index":71
        },
        {
            "x":0,
            "y":927,
            "w":14,
            "h":50,
            "index":72
        },
        {
            "x":17,
            "y":944,
            "w":46,
            "h":45,
            "index":73
        },
        {
            "x":975,
            "y":946,
            "w":49,
            "h":77,
            "index":74
        },
        {
            "x":811,
            "y":953,
            "w":35,
            "h":43,
            "index":75
        },
        {
            "x":853,
            "y":955,
            "w":32,
            "h":43,
            "index":76
        },
        {
            "x":0,
            "y":986,
            "w":25,
            "h":38,
            "index":77
        },
        {
            "x":779,
            "y":987,
            "w":43,
            "h":30,
            "index":78
        },
        {
            "x":876,
            "y":988,
            "w":42,
            "h":30,
            "index":79
        },
        {
            "x":34,
            "y":990,
            "w":55,
            "h":30,
            "index":80
        },
        {
            "x":733,
            "y":999,
            "w":54,
            "h":25,
            "index":81
        },
        {
            "x":1000,
            "y":999,
            "w":24,
            "h":25,
            "index":82
        },
        {
            "x":827,
            "y":1000,
            "w":41,
            "h":24,
            "index":83
        },
        {
            "x":926,
            "y":1004,
            "w":29,
            "h":20,
            "index":84
        },
        {
            "x":907,
            "y":1017,
            "w":13,
            "h":7,
            "index":85
        }
    ]
}