{
    "image":"game.png",
    "width":1024,
    "height":1024,
    "selectTab":{
        "id":"01"
    },
    "selectColor":{
        "id":"FCCFCA",
        "color":"#FCCFCA"
    },
    "list":[
        {
            "x":0,
            "y":0,
            "w":342,
            "h":277,
            "index":0
        },
        {
            "x":74,
            "y":0,
            "w":763,
            "h":573,
            "index":1
        },
        {
            "x":633,
            "y":0,
            "w":391,
            "h":279,
            "index":2
        },
        {
            "x":819,
            "y":2,
            "w":39,
            "h":26,
            "index":3
        },
        {
            "x":282,
            "y":6,
            "w":12,
            "h":14,
            "index":4
        },
        {
            "x":554,
            "y":17,
            "w":10,
            "h":9,
            "index":5
        },
        {
            "x":402,
            "y":28,
            "w":158,
            "h":165,
            "index":6
        },
        {
            "x":206,
            "y":91,
            "w":15,
            "h":18,
            "index":7
        },
        {
            "x":0,
            "y":94,
            "w":168,
            "h":364,
            "index":8
        },
        {
            "x":995,
            "y":107,
            "w":29,
            "h":34,
            "index":9
        },
        {
            "x":608,
            "y":207,
            "w":10,
            "h":10,
            "index":10
        },
        {
            "x":861,
            "y":244,
            "w":81,
            "h":254,
            "index":11
        },
        {
            "x":363,
            "y":253,
            "w":9,
            "h":12,
            "index":12
        },
        {
            "x":606,
            "y":255,
            "w":97,
            "h":153,
            "index":13
        },
        {
            "x":776,
            "y":260,
            "w":103,
            "h":148,
            "index":14
        },
        {
            "x":948,
            "y":269,
            "w":76,
            "h":454,
            "index":15
        },
        {
            "x":633,
            "y":307,
            "w":45,
            "h":97,
            "index":16
        },
        {
            "x":804,
            "y":311,
            "w":48,
            "h":94,
            "index":17
        },
        {
            "x":207,
            "y":316,
            "w":10,
            "h":12,
            "index":18
        },
        {
            "x":465,
            "y":318,
            "w":10,
            "h":11,
            "index":19
        },
        {
            "x":472,
            "y":338,
            "w":137,
            "h":304,
            "index":20
        },
        {
            "x":0,
            "y":374,
            "w":404,
            "h":360,
            "index":21
        },
        {
            "x":654,
            "y":374,
            "w":12,
            "h":15,
            "index":22
        },
        {
            "x":816,
            "y":376,
            "w":12,
            "h":29,
            "index":23
        },
        {
            "x":552,
            "y":389,
            "w":401,
            "h":524,
            "index":24
        },
        {
            "x":42,
            "y":472,
            "w":256,
            "h":391,
            "index":25
        },
        {
            "x":590,
            "y":477,
            "w":297,
            "h":210,
            "index":26
        },
        {
            "x":426,
            "y":514,
            "w":95,
            "h":95,
            "index":27
        },
        {
            "x":627,
            "y":539,
            "w":52,
            "h":76,
            "index":28
        },
        {
            "x":761,
            "y":539,
            "w":61,
            "h":79,
            "index":29
        },
        {
            "x":0,
            "y":578,
            "w":1024,
            "h":446,
            "index":30
        },
        {
            "x":701,
            "y":599,
            "w":21,
            "h":11,
            "index":31
        },
        {
            "x":508,
            "y":603,
            "w":68,
            "h":83,
            "index":32
        },
        {
            "x":303,
            "y":611,
            "w":81,
            "h":89,
            "index":33
        },
        {
            "x":814,
            "y":619,
            "w":22,
            "h":23,
            "index":34
        },
        {
            "x":627,
            "y":628,
            "w":21,
            "h":20,
            "index":35
        },
        {
            "x":774,
            "y":644,
            "w":27,
            "h":19,
            "index":36
        },
        {
            "x":661,
            "y":647,
            "w":22,
            "h":16,
            "index":37
        },
        {
            "x":696,
            "y":656,
            "w":25,
            "h":14,
            "index":38
        },
        {
            "x":733,
            "y":656,
            "w":27,
            "h":15,
            "index":39
        },
        {
            "x":924,
            "y":661,
            "w":20,
            "h":59,
            "index":40
        },
        {
            "x":572,
            "y":664,
            "w":9,
            "h":10,
            "index":41
        },
        {
            "x":390,
            "y":667,
            "w":183,
            "h":241,
            "index":42
        },
        {
            "x":201,
            "y":677,
            "w":105,
            "h":65,
            "index":43
        },
        {
            "x":570,
            "y":687,
            "w":43,
            "h":46,
            "index":44
        },
        {
            "x":254,
            "y":703,
            "w":42,
            "h":46,
            "index":45
        },
        {
            "x":614,
            "y":708,
            "w":192,
            "h":174,
            "index":46
        },
        {
            "x":37,
            "y":818,
            "w":86,
            "h":48,
            "index":47
        },
        {
            "x":891,
            "y":825,
            "w":83,
            "h":48,
            "index":48
        },
        {
            "x":189,
            "y":835,
            "w":48,
            "h":14,
            "index":49
        },
        {
            "x":175,
            "y":842,
            "w":117,
            "h":25,
            "index":50
        },
        {
            "x":35,
            "y":852,
            "w":258,
            "h":78,
            "index":51
        },
        {
            "x":559,
            "y":858,
            "w":80,
            "h":49,
            "index":52
        },
        {
            "x":798,
            "y":858,
            "w":180,
            "h":68,
            "index":53
        },
        {
            "x":330,
            "y":862,
            "w":77,
            "h":48,
            "index":54
        },
        {
            "x":367,
            "y":899,
            "w":85,
            "h":42,
            "index":55
        },
        {
            "x":518,
            "y":899,
            "w":88,
            "h":43,
            "index":56
        },
        {
            "x":613,
            "y":902,
            "w":32,
            "h":52,
            "index":57
        },
        {
            "x":322,
            "y":903,
            "w":43,
            "h":52,
            "index":58
        },
        {
            "x":441,
            "y":916,
            "w":89,
            "h":41,
            "index":59
        },
        {
            "x":541,
            "y":934,
            "w":72,
            "h":48,
            "index":60
        },
        {
            "x":361,
            "y":938,
            "w":69,
            "h":44,
            "index":61
        },
        {
            "x":436,
            "y":954,
            "w":99,
            "h":46,
            "index":62
        },
        {
            "x":953,
            "y":968,
            "w":55,
            "h":56,
            "index":63
        },
        {
            "x":10,
            "y":978,
            "w":58,
            "h":46,
            "index":64
        },
        {
            "x":870,
            "y":994,
            "w":61,
            "h":30,
            "index":65
        },
        {
            "x":98,
            "y":1015,
            "w":45,
            "h":9,
            "index":66
        }
    ]
}