{
    "image":"game.png",
    "width":1024,
    "height":1024,
    "selectTab":{
        "id":"01"
    },
    "selectColor":{
        "id":"FCCFCA",
        "color":"#FCCFCA"
    },
    "list":[
        {
            "x":6,
            "y":0,
            "w":943,
            "h":203,
            "index":0
        },
        {
            "x":937,
            "y":0,
            "w":45,
            "h":116,
            "index":1
        },
        {
            "x":962,
            "y":0,
            "w":49,
            "h":108,
            "index":2
        },
        {
            "x":1004,
            "y":0,
            "w":20,
            "h":55,
            "index":3
        },
        {
            "x":194,
            "y":11,
            "w":254,
            "h":128,
            "index":4
        },
        {
            "x":868,
            "y":15,
            "w":69,
            "h":81,
            "index":5
        },
        {
            "x":961,
            "y":50,
            "w":63,
            "h":88,
            "index":6
        },
        {
            "x":772,
            "y":73,
            "w":181,
            "h":56,
            "index":7
        },
        {
            "x":995,
            "y":101,
            "w":29,
            "h":26,
            "index":8
        },
        {
            "x":6,
            "y":102,
            "w":46,
            "h":117,
            "index":9
        },
        {
            "x":140,
            "y":102,
            "w":547,
            "h":102,
            "index":10
        },
        {
            "x":57,
            "y":109,
            "w":106,
            "h":94,
            "index":11
        },
        {
            "x":783,
            "y":127,
            "w":171,
            "h":97,
            "index":12
        },
        {
            "x":971,
            "y":132,
            "w":53,
            "h":52,
            "index":13
        },
        {
            "x":953,
            "y":146,
            "w":71,
            "h":96,
            "index":14
        },
        {
            "x":37,
            "y":152,
            "w":88,
            "h":81,
            "index":15
        },
        {
            "x":883,
            "y":160,
            "w":78,
            "h":152,
            "index":16
        },
        {
            "x":715,
            "y":173,
            "w":28,
            "h":25,
            "index":17
        },
        {
            "x":6,
            "y":176,
            "w":22,
            "h":61,
            "index":18
        },
        {
            "x":211,
            "y":179,
            "w":177,
            "h":71,
            "index":19
        },
        {
            "x":878,
            "y":196,
            "w":15,
            "h":7,
            "index":20
        },
        {
            "x":959,
            "y":200,
            "w":36,
            "h":107,
            "index":21
        },
        {
            "x":130,
            "y":203,
            "w":371,
            "h":350,
            "index":22
        },
        {
            "x":650,
            "y":205,
            "w":156,
            "h":58,
            "index":23
        },
        {
            "x":807,
            "y":207,
            "w":80,
            "h":18,
            "index":24
        },
        {
            "x":69,
            "y":208,
            "w":134,
            "h":17,
            "index":25
        },
        {
            "x":450,
            "y":208,
            "w":263,
            "h":17,
            "index":26
        },
        {
            "x":747,
            "y":208,
            "w":89,
            "h":103,
            "index":27
        },
        {
            "x":986,
            "y":222,
            "w":3,
            "h":3,
            "index":28
        },
        {
            "x":6,
            "y":227,
            "w":17,
            "h":28,
            "index":29
        },
        {
            "x":37,
            "y":229,
            "w":95,
            "h":29,
            "index":30
        },
        {
            "x":115,
            "y":230,
            "w":29,
            "h":81,
            "index":31
        },
        {
            "x":149,
            "y":230,
            "w":15,
            "h":39,
            "index":32
        },
        {
            "x":465,
            "y":230,
            "w":18,
            "h":19,
            "index":33
        },
        {
            "x":488,
            "y":230,
            "w":28,
            "h":81,
            "index":34
        },
        {
            "x":520,
            "y":230,
            "w":28,
            "h":81,
            "index":35
        },
        {
            "x":553,
            "y":230,
            "w":28,
            "h":81,
            "index":36
        },
        {
            "x":586,
            "y":230,
            "w":28,
            "h":81,
            "index":37
        },
        {
            "x":619,
            "y":230,
            "w":27,
            "h":81,
            "index":38
        },
        {
            "x":651,
            "y":230,
            "w":37,
            "h":12,
            "index":39
        },
        {
            "x":841,
            "y":230,
            "w":24,
            "h":81,
            "index":40
        },
        {
            "x":870,
            "y":230,
            "w":12,
            "h":81,
            "index":41
        },
        {
            "x":988,
            "y":230,
            "w":27,
            "h":52,
            "index":42
        },
        {
            "x":935,
            "y":239,
            "w":35,
            "h":68,
            "index":43
        },
        {
            "x":1020,
            "y":248,
            "w":4,
            "h":21,
            "index":44
        },
        {
            "x":20,
            "y":251,
            "w":91,
            "h":115,
            "index":45
        },
        {
            "x":6,
            "y":259,
            "w":13,
            "h":52,
            "index":46
        },
        {
            "x":651,
            "y":260,
            "w":22,
            "h":51,
            "index":47
        },
        {
            "x":76,
            "y":261,
            "w":36,
            "h":50,
            "index":48
        },
        {
            "x":679,
            "y":267,
            "w":59,
            "h":75,
            "index":49
        },
        {
            "x":744,
            "y":267,
            "w":35,
            "h":74,
            "index":50
        },
        {
            "x":822,
            "y":273,
            "w":202,
            "h":182,
            "index":51
        },
        {
            "x":903,
            "y":282,
            "w":27,
            "h":29,
            "index":52
        },
        {
            "x":755,
            "y":289,
            "w":10,
            "h":26,
            "index":53
        },
        {
            "x":702,
            "y":290,
            "w":15,
            "h":26,
            "index":54
        },
        {
            "x":6,
            "y":298,
            "w":35,
            "h":149,
            "index":55
        },
        {
            "x":506,
            "y":316,
            "w":167,
            "h":17,
            "index":56
        },
        {
            "x":6,
            "y":317,
            "w":11,
            "h":15,
            "index":57
        },
        {
            "x":111,
            "y":317,
            "w":16,
            "h":16,
            "index":58
        },
        {
            "x":785,
            "y":317,
            "w":139,
            "h":16,
            "index":59
        },
        {
            "x":47,
            "y":329,
            "w":2,
            "h":4,
            "index":60
        },
        {
            "x":38,
            "y":337,
            "w":28,
            "h":68,
            "index":61
        },
        {
            "x":6,
            "y":338,
            "w":8,
            "h":57,
            "index":62
        },
        {
            "x":106,
            "y":338,
            "w":38,
            "h":81,
            "index":63
        },
        {
            "x":488,
            "y":338,
            "w":28,
            "h":62,
            "index":64
        },
        {
            "x":520,
            "y":338,
            "w":28,
            "h":72,
            "index":65
        },
        {
            "x":553,
            "y":338,
            "w":28,
            "h":68,
            "index":66
        },
        {
            "x":586,
            "y":338,
            "w":28,
            "h":46,
            "index":67
        },
        {
            "x":619,
            "y":338,
            "w":27,
            "h":43,
            "index":68
        },
        {
            "x":651,
            "y":338,
            "w":38,
            "h":61,
            "index":69
        },
        {
            "x":770,
            "y":338,
            "w":33,
            "h":50,
            "index":70
        },
        {
            "x":808,
            "y":338,
            "w":28,
            "h":55,
            "index":71
        },
        {
            "x":841,
            "y":338,
            "w":24,
            "h":35,
            "index":72
        },
        {
            "x":870,
            "y":338,
            "w":20,
            "h":31,
            "index":73
        },
        {
            "x":695,
            "y":342,
            "w":40,
            "h":72,
            "index":74
        },
        {
            "x":740,
            "y":342,
            "w":23,
            "h":47,
            "index":75
        },
        {
            "x":70,
            "y":352,
            "w":32,
            "h":59,
            "index":76
        },
        {
            "x":471,
            "y":355,
            "w":12,
            "h":46,
            "index":77
        },
        {
            "x":149,
            "y":372,
            "w":24,
            "h":44,
            "index":78
        },
        {
            "x":555,
            "y":385,
            "w":144,
            "h":89,
            "index":79
        },
        {
            "x":337,
            "y":387,
            "w":28,
            "h":26,
            "index":80
        },
        {
            "x":697,
            "y":390,
            "w":153,
            "h":101,
            "index":81
        },
        {
            "x":32,
            "y":404,
            "w":83,
            "h":44,
            "index":82
        },
        {
            "x":454,
            "y":406,
            "w":98,
            "h":69,
            "index":83
        },
        {
            "x":373,
            "y":419,
            "w":75,
            "h":15,
            "index":84
        },
        {
            "x":80,
            "y":422,
            "w":130,
            "h":74,
            "index":85
        },
        {
            "x":836,
            "y":428,
            "w":131,
            "h":91,
            "index":86
        },
        {
            "x":432,
            "y":432,
            "w":46,
            "h":76,
            "index":87
        },
        {
            "x":372,
            "y":435,
            "w":76,
            "h":50,
            "index":88
        },
        {
            "x":947,
            "y":443,
            "w":77,
            "h":104,
            "index":89
        },
        {
            "x":6,
            "y":449,
            "w":96,
            "h":90,
            "index":90
        },
        {
            "x":6,
            "y":465,
            "w":1018,
            "h":540,
            "index":91
        },
        {
            "x":398,
            "y":489,
            "w":28,
            "h":7,
            "index":92
        },
        {
            "x":464,
            "y":504,
            "w":421,
            "h":294,
            "index":93
        },
        {
            "x":74,
            "y":566,
            "w":128,
            "h":107,
            "index":94
        },
        {
            "x":939,
            "y":715,
            "w":72,
            "h":200,
            "index":95
        },
        {
            "x":214,
            "y":731,
            "w":65,
            "h":52,
            "index":96
        },
        {
            "x":669,
            "y":737,
            "w":65,
            "h":38,
            "index":97
        },
        {
            "x":151,
            "y":741,
            "w":60,
            "h":53,
            "index":98
        },
        {
            "x":196,
            "y":742,
            "w":110,
            "h":77,
            "index":99
        },
        {
            "x":6,
            "y":745,
            "w":107,
            "h":79,
            "index":100
        },
        {
            "x":218,
            "y":755,
            "w":13,
            "h":8,
            "index":101
        },
        {
            "x":481,
            "y":762,
            "w":81,
            "h":19,
            "index":102
        },
        {
            "x":748,
            "y":763,
            "w":43,
            "h":23,
            "index":103
        },
        {
            "x":123,
            "y":764,
            "w":55,
            "h":42,
            "index":104
        },
        {
            "x":617,
            "y":774,
            "w":142,
            "h":93,
            "index":105
        },
        {
            "x":100,
            "y":778,
            "w":208,
            "h":58,
            "index":106
        },
        {
            "x":480,
            "y":779,
            "w":82,
            "h":53,
            "index":107
        },
        {
            "x":874,
            "y":779,
            "w":72,
            "h":172,
            "index":108
        },
        {
            "x":756,
            "y":782,
            "w":50,
            "h":67,
            "index":109
        },
        {
            "x":609,
            "y":790,
            "w":14,
            "h":9,
            "index":110
        },
        {
            "x":690,
            "y":797,
            "w":14,
            "h":16,
            "index":111
        },
        {
            "x":6,
            "y":799,
            "w":277,
            "h":158,
            "index":112
        },
        {
            "x":707,
            "y":807,
            "w":16,
            "h":15,
            "index":113
        },
        {
            "x":674,
            "y":808,
            "w":16,
            "h":15,
            "index":114
        },
        {
            "x":692,
            "y":817,
            "w":12,
            "h":11,
            "index":115
        },
        {
            "x":145,
            "y":825,
            "w":574,
            "h":187,
            "index":116
        },
        {
            "x":700,
            "y":826,
            "w":16,
            "h":16,
            "index":117
        },
        {
            "x":680,
            "y":827,
            "w":16,
            "h":15,
            "index":118
        },
        {
            "x":506,
            "y":835,
            "w":28,
            "h":8,
            "index":119
        },
        {
            "x":934,
            "y":854,
            "w":90,
            "h":157,
            "index":120
        },
        {
            "x":6,
            "y":866,
            "w":251,
            "h":158,
            "index":121
        },
        {
            "x":289,
            "y":866,
            "w":30,
            "h":49,
            "index":122
        },
        {
            "x":950,
            "y":887,
            "w":74,
            "h":90,
            "index":123
        },
        {
            "x":362,
            "y":898,
            "w":30,
            "h":48,
            "index":124
        },
        {
            "x":265,
            "y":908,
            "w":79,
            "h":54,
            "index":125
        },
        {
            "x":740,
            "y":914,
            "w":196,
            "h":110,
            "index":126
        },
        {
            "x":349,
            "y":918,
            "w":8,
            "h":23,
            "index":127
        },
        {
            "x":398,
            "y":933,
            "w":232,
            "h":91,
            "index":128
        },
        {
            "x":946,
            "y":937,
            "w":78,
            "h":87,
            "index":129
        },
        {
            "x":6,
            "y":940,
            "w":196,
            "h":84,
            "index":130
        },
        {
            "x":272,
            "y":941,
            "w":71,
            "h":55,
            "index":131
        },
        {
            "x":343,
            "y":943,
            "w":69,
            "h":40,
            "index":132
        },
        {
            "x":241,
            "y":964,
            "w":194,
            "h":60,
            "index":133
        },
        {
            "x":964,
            "y":970,
            "w":60,
            "h":54,
            "index":134
        },
        {
            "x":345,
            "y":974,
            "w":64,
            "h":34,
            "index":135
        },
        {
            "x":633,
            "y":976,
            "w":164,
            "h":48,
            "index":136
        },
        {
            "x":996,
            "y":992,
            "w":28,
            "h":32,
            "index":137
        },
        {
            "x":667,
            "y":995,
            "w":140,
            "h":29,
            "index":138
        },
        {
            "x":826,
            "y":998,
            "w":51,
            "h":26,
            "index":139
        },
        {
            "x":778,
            "y":1006,
            "w":49,
            "h":18,
            "index":140
        },
        {
            "x":867,
            "y":1006,
            "w":37,
            "h":18,
            "index":141
        },
        {
            "x":909,
            "y":1020,
            "w":12,
            "h":4,
            "index":142
        },
        {
            "x":6,
            "y":1022,
            "w":3,
            "h":2,
            "index":143
        }
    ]
}