{
    "image":"game.png",
    "width":1024,
    "height":1024,
    "selectTab":{
        "id":"01"
    },
    "selectColor":{
        "id":"FCCFCA",
        "color":"#FCCFCA"
    },
    "list":[
        {
            "x":0,
            "y":0,
            "w":65,
            "h":17,
            "index":0
        },
        {
            "x":67,
            "y":0,
            "w":55,
            "h":17,
            "index":1
        },
        {
            "x":123,
            "y":0,
            "w":67,
            "h":17,
            "index":2
        },
        {
            "x":191,
            "y":0,
            "w":54,
            "h":17,
            "index":3
        },
        {
            "x":246,
            "y":0,
            "w":62,
            "h":17,
            "index":4
        },
        {
            "x":309,
            "y":0,
            "w":57,
            "h":17,
            "index":5
        },
        {
            "x":367,
            "y":0,
            "w":52,
            "h":17,
            "index":6
        },
        {
            "x":462,
            "y":0,
            "w":13,
            "h":2,
            "index":7
        },
        {
            "x":533,
            "y":0,
            "w":16,
            "h":3,
            "index":8
        },
        {
            "x":605,
            "y":0,
            "w":29,
            "h":476,
            "index":9
        },
        {
            "x":635,
            "y":0,
            "w":62,
            "h":493,
            "index":10
        },
        {
            "x":697,
            "y":0,
            "w":327,
            "h":29,
            "index":11
        },
        {
            "x":542,
            "y":2,
            "w":70,
            "h":283,
            "index":12
        },
        {
            "x":468,
            "y":3,
            "w":102,
            "h":287,
            "index":13
        },
        {
            "x":411,
            "y":4,
            "w":144,
            "h":289,
            "index":14
        },
        {
            "x":0,
            "y":23,
            "w":410,
            "h":446,
            "index":15
        },
        {
            "x":541,
            "y":25,
            "w":1,
            "h":1,
            "index":16
        },
        {
            "x":698,
            "y":33,
            "w":34,
            "h":169,
            "index":17
        },
        {
            "x":713,
            "y":35,
            "w":311,
            "h":18,
            "index":18
        },
        {
            "x":435,
            "y":42,
            "w":8,
            "h":9,
            "index":19
        },
        {
            "x":508,
            "y":48,
            "w":9,
            "h":9,
            "index":20
        },
        {
            "x":0,
            "y":54,
            "w":71,
            "h":107,
            "index":21
        },
        {
            "x":104,
            "y":54,
            "w":88,
            "h":107,
            "index":22
        },
        {
            "x":224,
            "y":54,
            "w":88,
            "h":106,
            "index":23
        },
        {
            "x":344,
            "y":54,
            "w":91,
            "h":103,
            "index":24
        },
        {
            "x":731,
            "y":59,
            "w":234,
            "h":157,
            "index":25
        },
        {
            "x":966,
            "y":59,
            "w":58,
            "h":33,
            "index":26
        },
        {
            "x":576,
            "y":61,
            "w":9,
            "h":10,
            "index":27
        },
        {
            "x":468,
            "y":70,
            "w":5,
            "h":7,
            "index":28
        },
        {
            "x":144,
            "y":75,
            "w":36,
            "h":38,
            "index":29
        },
        {
            "x":254,
            "y":81,
            "w":11,
            "h":13,
            "index":30
        },
        {
            "x":374,
            "y":81,
            "w":10,
            "h":10,
            "index":31
        },
        {
            "x":31,
            "y":82,
            "w":11,
            "h":12,
            "index":32
        },
        {
            "x":888,
            "y":85,
            "w":52,
            "h":71,
            "index":33
        },
        {
            "x":968,
            "y":86,
            "w":53,
            "h":70,
            "index":34
        },
        {
            "x":937,
            "y":88,
            "w":35,
            "h":15,
            "index":35
        },
        {
            "x":551,
            "y":98,
            "w":7,
            "h":8,
            "index":36
        },
        {
            "x":942,
            "y":105,
            "w":24,
            "h":32,
            "index":37
        },
        {
            "x":451,
            "y":112,
            "w":8,
            "h":9,
            "index":38
        },
        {
            "x":513,
            "y":112,
            "w":9,
            "h":8,
            "index":39
        },
        {
            "x":842,
            "y":118,
            "w":182,
            "h":168,
            "index":40
        },
        {
            "x":337,
            "y":124,
            "w":125,
            "h":117,
            "index":41
        },
        {
            "x":127,
            "y":126,
            "w":10,
            "h":12,
            "index":42
        },
        {
            "x":279,
            "y":126,
            "w":10,
            "h":11,
            "index":43
        },
        {
            "x":15,
            "y":129,
            "w":10,
            "h":11,
            "index":44
        },
        {
            "x":587,
            "y":135,
            "w":9,
            "h":9,
            "index":45
        },
        {
            "x":897,
            "y":141,
            "w":50,
            "h":58,
            "index":46
        },
        {
            "x":960,
            "y":141,
            "w":52,
            "h":60,
            "index":47
        },
        {
            "x":913,
            "y":143,
            "w":88,
            "h":86,
            "index":48
        },
        {
            "x":496,
            "y":163,
            "w":6,
            "h":7,
            "index":49
        },
        {
            "x":575,
            "y":179,
            "w":9,
            "h":9,
            "index":50
        },
        {
            "x":866,
            "y":182,
            "w":18,
            "h":19,
            "index":51
        },
        {
            "x":443,
            "y":193,
            "w":33,
            "h":88,
            "index":52
        },
        {
            "x":736,
            "y":193,
            "w":40,
            "h":44,
            "index":53
        },
        {
            "x":0,
            "y":194,
            "w":71,
            "h":107,
            "index":54
        },
        {
            "x":104,
            "y":194,
            "w":88,
            "h":107,
            "index":55
        },
        {
            "x":224,
            "y":194,
            "w":88,
            "h":107,
            "index":56
        },
        {
            "x":344,
            "y":194,
            "w":14,
            "h":61,
            "index":57
        },
        {
            "x":534,
            "y":194,
            "w":8,
            "h":8,
            "index":58
        },
        {
            "x":691,
            "y":199,
            "w":39,
            "h":45,
            "index":59
        },
        {
            "x":486,
            "y":215,
            "w":7,
            "h":8,
            "index":60
        },
        {
            "x":738,
            "y":216,
            "w":153,
            "h":51,
            "index":61
        },
        {
            "x":127,
            "y":219,
            "w":10,
            "h":11,
            "index":62
        },
        {
            "x":278,
            "y":220,
            "w":10,
            "h":11,
            "index":63
        },
        {
            "x":25,
            "y":222,
            "w":10,
            "h":11,
            "index":64
        },
        {
            "x":725,
            "y":222,
            "w":21,
            "h":20,
            "index":65
        },
        {
            "x":231,
            "y":230,
            "w":360,
            "h":388,
            "index":66
        },
        {
            "x":582,
            "y":236,
            "w":7,
            "h":8,
            "index":67
        },
        {
            "x":698,
            "y":238,
            "w":17,
            "h":29,
            "index":68
        },
        {
            "x":743,
            "y":238,
            "w":20,
            "h":20,
            "index":69
        },
        {
            "x":990,
            "y":243,
            "w":17,
            "h":18,
            "index":70
        },
        {
            "x":477,
            "y":244,
            "w":57,
            "h":103,
            "index":71
        },
        {
            "x":717,
            "y":245,
            "w":21,
            "h":21,
            "index":72
        },
        {
            "x":535,
            "y":253,
            "w":6,
            "h":7,
            "index":73
        },
        {
            "x":249,
            "y":259,
            "w":11,
            "h":12,
            "index":74
        },
        {
            "x":525,
            "y":262,
            "w":93,
            "h":69,
            "index":75
        },
        {
            "x":43,
            "y":265,
            "w":10,
            "h":12,
            "index":76
        },
        {
            "x":160,
            "y":266,
            "w":11,
            "h":11,
            "index":77
        },
        {
            "x":675,
            "y":270,
            "w":349,
            "h":41,
            "index":78
        },
        {
            "x":334,
            "y":289,
            "w":46,
            "h":47,
            "index":79
        },
        {
            "x":779,
            "y":298,
            "w":14,
            "h":22,
            "index":80
        },
        {
            "x":563,
            "y":310,
            "w":52,
            "h":210,
            "index":81
        },
        {
            "x":975,
            "y":312,
            "w":15,
            "h":23,
            "index":82
        },
        {
            "x":690,
            "y":317,
            "w":91,
            "h":45,
            "index":83
        },
        {
            "x":798,
            "y":317,
            "w":180,
            "h":45,
            "index":84
        },
        {
            "x":990,
            "y":317,
            "w":34,
            "h":44,
            "index":85
        },
        {
            "x":731,
            "y":325,
            "w":74,
            "h":55,
            "index":86
        },
        {
            "x":0,
            "y":334,
            "w":71,
            "h":101,
            "index":87
        },
        {
            "x":104,
            "y":334,
            "w":88,
            "h":107,
            "index":88
        },
        {
            "x":225,
            "y":334,
            "w":46,
            "h":107,
            "index":89
        },
        {
            "x":528,
            "y":334,
            "w":35,
            "h":103,
            "index":90
        },
        {
            "x":924,
            "y":339,
            "w":100,
            "h":145,
            "index":91
        },
        {
            "x":443,
            "y":348,
            "w":42,
            "h":44,
            "index":92
        },
        {
            "x":745,
            "y":355,
            "w":85,
            "h":128,
            "index":93
        },
        {
            "x":16,
            "y":358,
            "w":10,
            "h":11,
            "index":94
        },
        {
            "x":1010,
            "y":361,
            "w":14,
            "h":34,
            "index":95
        },
        {
            "x":815,
            "y":362,
            "w":115,
            "h":52,
            "index":96
        },
        {
            "x":690,
            "y":363,
            "w":63,
            "h":52,
            "index":97
        },
        {
            "x":559,
            "y":365,
            "w":4,
            "h":8,
            "index":98
        },
        {
            "x":564,
            "y":365,
            "w":3,
            "h":7,
            "index":99
        },
        {
            "x":160,
            "y":369,
            "w":32,
            "h":38,
            "index":100
        },
        {
            "x":132,
            "y":385,
            "w":10,
            "h":11,
            "index":101
        },
        {
            "x":42,
            "y":395,
            "w":10,
            "h":13,
            "index":102
        },
        {
            "x":590,
            "y":400,
            "w":8,
            "h":8,
            "index":103
        },
        {
            "x":801,
            "y":404,
            "w":143,
            "h":214,
            "index":104
        },
        {
            "x":835,
            "y":414,
            "w":24,
            "h":16,
            "index":105
        },
        {
            "x":690,
            "y":416,
            "w":65,
            "h":55,
            "index":106
        },
        {
            "x":354,
            "y":419,
            "w":56,
            "h":69,
            "index":107
        },
        {
            "x":560,
            "y":422,
            "w":3,
            "h":6,
            "index":108
        },
        {
            "x":564,
            "y":422,
            "w":4,
            "h":7,
            "index":109
        },
        {
            "x":277,
            "y":424,
            "w":54,
            "h":67,
            "index":110
        },
        {
            "x":0,
            "y":428,
            "w":71,
            "h":13,
            "index":111
        },
        {
            "x":329,
            "y":440,
            "w":27,
            "h":34,
            "index":112
        },
        {
            "x":957,
            "y":441,
            "w":67,
            "h":207,
            "index":113
        },
        {
            "x":185,
            "y":448,
            "w":839,
            "h":515,
            "index":114
        },
        {
            "x":848,
            "y":454,
            "w":153,
            "h":172,
            "index":115
        },
        {
            "x":589,
            "y":456,
            "w":6,
            "h":8,
            "index":116
        },
        {
            "x":587,
            "y":459,
            "w":1,
            "h":1,
            "index":117
        },
        {
            "x":690,
            "y":472,
            "w":111,
            "h":35,
            "index":118
        },
        {
            "x":123,
            "y":474,
            "w":63,
            "h":191,
            "index":119
        },
        {
            "x":0,
            "y":475,
            "w":63,
            "h":191,
            "index":120
        },
        {
            "x":64,
            "y":475,
            "w":58,
            "h":191,
            "index":121
        },
        {
            "x":187,
            "y":475,
            "w":9,
            "h":13,
            "index":122
        },
        {
            "x":611,
            "y":477,
            "w":39,
            "h":23,
            "index":123
        },
        {
            "x":291,
            "y":479,
            "w":44,
            "h":55,
            "index":124
        },
        {
            "x":349,
            "y":479,
            "w":50,
            "h":55,
            "index":125
        },
        {
            "x":499,
            "y":496,
            "w":391,
            "h":317,
            "index":126
        },
        {
            "x":232,
            "y":508,
            "w":15,
            "h":14,
            "index":127
        },
        {
            "x":187,
            "y":516,
            "w":8,
            "h":18,
            "index":128
        },
        {
            "x":439,
            "y":525,
            "w":48,
            "h":49,
            "index":129
        },
        {
            "x":114,
            "y":529,
            "w":387,
            "h":248,
            "index":130
        },
        {
            "x":275,
            "y":551,
            "w":17,
            "h":17,
            "index":131
        },
        {
            "x":338,
            "y":580,
            "w":16,
            "h":17,
            "index":132
        },
        {
            "x":207,
            "y":609,
            "w":48,
            "h":48,
            "index":133
        },
        {
            "x":835,
            "y":610,
            "w":72,
            "h":43,
            "index":134
        },
        {
            "x":864,
            "y":611,
            "w":153,
            "h":70,
            "index":135
        },
        {
            "x":955,
            "y":617,
            "w":1,
            "h":1,
            "index":136
        },
        {
            "x":415,
            "y":618,
            "w":18,
            "h":17,
            "index":137
        },
        {
            "x":833,
            "y":645,
            "w":191,
            "h":53,
            "index":138
        },
        {
            "x":952,
            "y":654,
            "w":57,
            "h":27,
            "index":139
        },
        {
            "x":304,
            "y":663,
            "w":48,
            "h":47,
            "index":140
        },
        {
            "x":0,
            "y":671,
            "w":133,
            "h":51,
            "index":141
        },
        {
            "x":482,
            "y":687,
            "w":13,
            "h":13,
            "index":142
        },
        {
            "x":858,
            "y":703,
            "w":166,
            "h":53,
            "index":143
        },
        {
            "x":0,
            "y":727,
            "w":302,
            "h":52,
            "index":144
        },
        {
            "x":516,
            "y":737,
            "w":12,
            "h":12,
            "index":145
        },
        {
            "x":887,
            "y":757,
            "w":137,
            "h":22,
            "index":146
        },
        {
            "x":436,
            "y":762,
            "w":80,
            "h":16,
            "index":147
        },
        {
            "x":358,
            "y":765,
            "w":72,
            "h":49,
            "index":148
        },
        {
            "x":333,
            "y":771,
            "w":20,
            "h":7,
            "index":149
        },
        {
            "x":563,
            "y":772,
            "w":15,
            "h":14,
            "index":150
        },
        {
            "x":0,
            "y":779,
            "w":352,
            "h":57,
            "index":151
        },
        {
            "x":436,
            "y":779,
            "w":104,
            "h":54,
            "index":152
        },
        {
            "x":892,
            "y":780,
            "w":132,
            "h":56,
            "index":153
        },
        {
            "x":106,
            "y":788,
            "w":190,
            "h":162,
            "index":154
        },
        {
            "x":304,
            "y":801,
            "w":79,
            "h":19,
            "index":155
        },
        {
            "x":405,
            "y":801,
            "w":85,
            "h":19,
            "index":156
        },
        {
            "x":541,
            "y":801,
            "w":329,
            "h":145,
            "index":157
        },
        {
            "x":419,
            "y":814,
            "w":75,
            "h":108,
            "index":158
        },
        {
            "x":300,
            "y":815,
            "w":121,
            "h":107,
            "index":159
        },
        {
            "x":694,
            "y":817,
            "w":17,
            "h":18,
            "index":160
        },
        {
            "x":384,
            "y":819,
            "w":5,
            "h":1,
            "index":161
        },
        {
            "x":403,
            "y":820,
            "w":1,
            "h":1,
            "index":162
        },
        {
            "x":815,
            "y":821,
            "w":18,
            "h":18,
            "index":163
        },
        {
            "x":35,
            "y":832,
            "w":873,
            "h":164,
            "index":164
        },
        {
            "x":491,
            "y":835,
            "w":49,
            "h":38,
            "index":165
        },
        {
            "x":0,
            "y":837,
            "w":133,
            "h":66,
            "index":166
        },
        {
            "x":922,
            "y":837,
            "w":102,
            "h":61,
            "index":167
        },
        {
            "x":514,
            "y":867,
            "w":70,
            "h":47,
            "index":168
        },
        {
            "x":906,
            "y":868,
            "w":14,
            "h":14,
            "index":169
        },
        {
            "x":96,
            "y":895,
            "w":42,
            "h":38,
            "index":170
        },
        {
            "x":0,
            "y":903,
            "w":122,
            "h":72,
            "index":171
        },
        {
            "x":969,
            "y":908,
            "w":17,
            "h":18,
            "index":172
        },
        {
            "x":831,
            "y":917,
            "w":193,
            "h":58,
            "index":173
        },
        {
            "x":138,
            "y":933,
            "w":1,
            "h":1,
            "index":174
        },
        {
            "x":0,
            "y":976,
            "w":1024,
            "h":48,
            "index":175
        }
    ]
}