{
    "image":"game.png",
    "width":1024,
    "height":1024,
    "selectTab":{
        "id":"01"
    },
    "selectColor":{
        "id":"FCCFCA",
        "color":"#FCCFCA"
    },
    "list":[
        {
            "x":0,
            "y":0,
            "w":1024,
            "h":1024,
            "index":0
        },
        {
            "x":348,
            "y":98,
            "w":125,
            "h":220,
            "index":1
        },
        {
            "x":537,
            "y":101,
            "w":120,
            "h":210,
            "index":2
        },
        {
            "x":374,
            "y":135,
            "w":74,
            "h":173,
            "index":3
        },
        {
            "x":563,
            "y":138,
            "w":68,
            "h":160,
            "index":4
        },
        {
            "x":396,
            "y":220,
            "w":32,
            "h":71,
            "index":5
        },
        {
            "x":582,
            "y":221,
            "w":32,
            "h":55,
            "index":6
        },
        {
            "x":499,
            "y":222,
            "w":24,
            "h":8,
            "index":7
        },
        {
            "x":454,
            "y":232,
            "w":114,
            "h":59,
            "index":8
        },
        {
            "x":407,
            "y":235,
            "w":73,
            "h":53,
            "index":9
        },
        {
            "x":541,
            "y":235,
            "w":71,
            "h":53,
            "index":10
        },
        {
            "x":397,
            "y":286,
            "w":226,
            "h":30,
            "index":11
        },
        {
            "x":314,
            "y":307,
            "w":394,
            "h":41,
            "index":12
        },
        {
            "x":258,
            "y":342,
            "w":496,
            "h":337,
            "index":13
        },
        {
            "x":681,
            "y":344,
            "w":28,
            "h":16,
            "index":14
        },
        {
            "x":311,
            "y":345,
            "w":17,
            "h":11,
            "index":15
        },
        {
            "x":306,
            "y":366,
            "w":399,
            "h":279,
            "index":16
        },
        {
            "x":382,
            "y":459,
            "w":91,
            "h":113,
            "index":17
        },
        {
            "x":541,
            "y":466,
            "w":90,
            "h":110,
            "index":18
        },
        {
            "x":430,
            "y":489,
            "w":13,
            "h":18,
            "index":19
        },
        {
            "x":571,
            "y":492,
            "w":13,
            "h":18,
            "index":20
        },
        {
            "x":324,
            "y":530,
            "w":22,
            "h":36,
            "index":21
        },
        {
            "x":487,
            "y":533,
            "w":41,
            "h":31,
            "index":22
        },
        {
            "x":658,
            "y":538,
            "w":24,
            "h":36,
            "index":23
        },
        {
            "x":351,
            "y":566,
            "w":28,
            "h":37,
            "index":24
        },
        {
            "x":623,
            "y":572,
            "w":29,
            "h":35,
            "index":25
        },
        {
            "x":385,
            "y":590,
            "w":27,
            "h":35,
            "index":26
        },
        {
            "x":593,
            "y":593,
            "w":26,
            "h":33,
            "index":27
        },
        {
            "x":416,
            "y":604,
            "w":30,
            "h":38,
            "index":28
        },
        {
            "x":561,
            "y":605,
            "w":28,
            "h":37,
            "index":29
        },
        {
            "x":451,
            "y":613,
            "w":31,
            "h":36,
            "index":30
        },
        {
            "x":524,
            "y":613,
            "w":32,
            "h":36,
            "index":31
        },
        {
            "x":431,
            "y":615,
            "w":33,
            "h":36,
            "index":32
        },
        {
            "x":545,
            "y":616,
            "w":29,
            "h":35,
            "index":33
        },
        {
            "x":488,
            "y":617,
            "w":31,
            "h":34,
            "index":34
        },
        {
            "x":469,
            "y":620,
            "w":32,
            "h":34,
            "index":35
        },
        {
            "x":507,
            "y":621,
            "w":32,
            "h":32,
            "index":36
        },
        {
            "x":320,
            "y":656,
            "w":105,
            "h":116,
            "index":37
        },
        {
            "x":590,
            "y":657,
            "w":104,
            "h":110,
            "index":38
        },
        {
            "x":560,
            "y":670,
            "w":32,
            "h":71,
            "index":39
        },
        {
            "x":424,
            "y":672,
            "w":32,
            "h":69,
            "index":40
        },
        {
            "x":457,
            "y":672,
            "w":104,
            "h":39,
            "index":41
        },
        {
            "x":663,
            "y":709,
            "w":67,
            "h":52,
            "index":42
        },
        {
            "x":380,
            "y":712,
            "w":242,
            "h":170,
            "index":43
        },
        {
            "x":431,
            "y":717,
            "w":16,
            "h":16,
            "index":44
        },
        {
            "x":570,
            "y":717,
            "w":16,
            "h":16,
            "index":45
        },
        {
            "x":302,
            "y":738,
            "w":18,
            "h":29,
            "index":46
        },
        {
            "x":690,
            "y":738,
            "w":16,
            "h":20,
            "index":47
        },
        {
            "x":465,
            "y":745,
            "w":93,
            "h":59,
            "index":48
        },
        {
            "x":317,
            "y":753,
            "w":64,
            "h":53,
            "index":49
        },
        {
            "x":675,
            "y":754,
            "w":15,
            "h":8,
            "index":50
        },
        {
            "x":724,
            "y":780,
            "w":22,
            "h":23,
            "index":51
        },
        {
            "x":368,
            "y":784,
            "w":111,
            "h":104,
            "index":52
        },
        {
            "x":361,
            "y":787,
            "w":24,
            "h":26,
            "index":53
        },
        {
            "x":746,
            "y":796,
            "w":24,
            "h":22,
            "index":54
        },
        {
            "x":702,
            "y":799,
            "w":24,
            "h":22,
            "index":55
        },
        {
            "x":376,
            "y":800,
            "w":53,
            "h":45,
            "index":56
        },
        {
            "x":725,
            "y":803,
            "w":23,
            "h":22,
            "index":57
        },
        {
            "x":737,
            "y":819,
            "w":25,
            "h":24,
            "index":58
        },
        {
            "x":713,
            "y":821,
            "w":23,
            "h":23,
            "index":59
        },
        {
            "x":730,
            "y":837,
            "w":11,
            "h":61,
            "index":60
        },
        {
            "x":702,
            "y":851,
            "w":29,
            "h":21,
            "index":61
        },
        {
            "x":740,
            "y":854,
            "w":31,
            "h":20,
            "index":62
        },
        {
            "x":392,
            "y":867,
            "w":25,
            "h":14,
            "index":63
        },
        {
            "x":506,
            "y":880,
            "w":98,
            "h":25,
            "index":64
        },
        {
            "x":393,
            "y":881,
            "w":103,
            "h":25,
            "index":65
        },
        {
            "x":516,
            "y":905,
            "w":73,
            "h":22,
            "index":66
        },
        {
            "x":411,
            "y":906,
            "w":77,
            "h":22,
            "index":67
        },
        {
            "x":816,
            "y":918,
            "w":16,
            "h":10,
            "index":68
        },
        {
            "x":626,
            "y":920,
            "w":18,
            "h":10,
            "index":69
        },
        {
            "x":700,
            "y":921,
            "w":23,
            "h":13,
            "index":70
        }
    ]
}