{
    "image":"game.png",
    "width":1024,
    "height":1024,
    "selectTab":{
        "id":"01"
    },
    "selectColor":{
        "id":"FCCFCA",
        "color":"#FCCFCA"
    },
    "list":[
        {
            "x":0,
            "y":0,
            "w":1024,
            "h":1024,
            "index":0
        },
        {
            "x":425,
            "y":32,
            "w":284,
            "h":162,
            "index":1
        },
        {
            "x":342,
            "y":103,
            "w":390,
            "h":293,
            "index":2
        },
        {
            "x":649,
            "y":228,
            "w":54,
            "h":61,
            "index":3
        },
        {
            "x":373,
            "y":233,
            "w":65,
            "h":77,
            "index":4
        },
        {
            "x":523,
            "y":244,
            "w":68,
            "h":60,
            "index":5
        },
        {
            "x":670,
            "y":244,
            "w":14,
            "h":13,
            "index":6
        },
        {
            "x":555,
            "y":262,
            "w":16,
            "h":15,
            "index":7
        },
        {
            "x":569,
            "y":397,
            "w":99,
            "h":60,
            "index":8
        },
        {
            "x":652,
            "y":409,
            "w":103,
            "h":153,
            "index":9
        },
        {
            "x":459,
            "y":415,
            "w":142,
            "h":156,
            "index":10
        },
        {
            "x":562,
            "y":437,
            "w":118,
            "h":132,
            "index":11
        },
        {
            "x":670,
            "y":466,
            "w":46,
            "h":71,
            "index":12
        },
        {
            "x":504,
            "y":469,
            "w":68,
            "h":71,
            "index":13
        },
        {
            "x":428,
            "y":557,
            "w":339,
            "h":129,
            "index":14
        },
        {
            "x":502,
            "y":673,
            "w":107,
            "h":181,
            "index":15
        },
        {
            "x":609,
            "y":682,
            "w":63,
            "h":175,
            "index":16
        },
        {
            "x":498,
            "y":851,
            "w":33,
            "h":21,
            "index":17
        },
        {
            "x":614,
            "y":855,
            "w":31,
            "h":20,
            "index":18
        },
        {
            "x":498,
            "y":870,
            "w":25,
            "h":31,
            "index":19
        },
        {
            "x":613,
            "y":871,
            "w":28,
            "h":24,
            "index":20
        },
        {
            "x":490,
            "y":880,
            "w":15,
            "h":29,
            "index":21
        },
        {
            "x":620,
            "y":881,
            "w":24,
            "h":25,
            "index":22
        },
        {
            "x":478,
            "y":883,
            "w":47,
            "h":98,
            "index":23
        },
        {
            "x":610,
            "y":893,
            "w":32,
            "h":36,
            "index":24
        },
        {
            "x":483,
            "y":896,
            "w":35,
            "h":35,
            "index":25
        },
        {
            "x":631,
            "y":898,
            "w":12,
            "h":17,
            "index":26
        },
        {
            "x":483,
            "y":899,
            "w":11,
            "h":19,
            "index":27
        },
        {
            "x":605,
            "y":900,
            "w":34,
            "h":85,
            "index":28
        },
        {
            "x":611,
            "y":908,
            "w":31,
            "h":50,
            "index":29
        },
        {
            "x":484,
            "y":913,
            "w":29,
            "h":37,
            "index":30
        }
    ]
}