{
    "image":"game.png",
    "width":1024,
    "height":1024,
    "selectTab":{
        "id":"01"
    },
    "selectColor":{
        "id":"FCCFCA",
        "color":"#FCCFCA"
    },
    "list":[
        {
            "x":0,
            "y":0,
            "w":1024,
            "h":1024,
            "index":0
        },
        {
            "x":499,
            "y":82,
            "w":171,
            "h":213,
            "index":1
        },
        {
            "x":94,
            "y":212,
            "w":853,
            "h":440,
            "index":2
        },
        {
            "x":721,
            "y":338,
            "w":51,
            "h":64,
            "index":3
        },
        {
            "x":216,
            "y":603,
            "w":88,
            "h":56,
            "index":4
        },
        {
            "x":636,
            "y":634,
            "w":61,
            "h":69,
            "index":5
        },
        {
            "x":216,
            "y":642,
            "w":75,
            "h":48,
            "index":6
        },
        {
            "x":292,
            "y":649,
            "w":72,
            "h":53,
            "index":7
        },
        {
            "x":556,
            "y":656,
            "w":94,
            "h":46,
            "index":8
        },
        {
            "x":410,
            "y":670,
            "w":319,
            "h":219,
            "index":9
        },
        {
            "x":73,
            "y":674,
            "w":311,
            "h":174,
            "index":10
        },
        {
            "x":198,
            "y":682,
            "w":79,
            "h":29,
            "index":11
        },
        {
            "x":181,
            "y":701,
            "w":68,
            "h":36,
            "index":12
        },
        {
            "x":540,
            "y":701,
            "w":84,
            "h":34,
            "index":13
        },
        {
            "x":162,
            "y":722,
            "w":64,
            "h":34,
            "index":14
        },
        {
            "x":519,
            "y":732,
            "w":79,
            "h":30,
            "index":15
        },
        {
            "x":502,
            "y":759,
            "w":80,
            "h":24,
            "index":16
        },
        {
            "x":126,
            "y":768,
            "w":272,
            "h":114,
            "index":17
        },
        {
            "x":473,
            "y":769,
            "w":271,
            "h":159,
            "index":18
        },
        {
            "x":71,
            "y":822,
            "w":74,
            "h":59,
            "index":19
        },
        {
            "x":404,
            "y":867,
            "w":95,
            "h":61,
            "index":20
        }
    ]
}