{
    "image":"game.png",
    "width":1024,
    "height":1024,
    "selectTab":{
        "id":"01"
    },
    "selectColor":{
        "id":"FCCFCA",
        "color":"#FCCFCA"
    },
    "list":[
        {
            "x":0,
            "y":0,
            "w":1024,
            "h":532,
            "index":0
        },
        {
            "x":164,
            "y":85,
            "w":174,
            "h":117,
            "index":1
        },
        {
            "x":95,
            "y":227,
            "w":69,
            "h":50,
            "index":2
        },
        {
            "x":790,
            "y":239,
            "w":125,
            "h":86,
            "index":3
        },
        {
            "x":436,
            "y":245,
            "w":45,
            "h":34,
            "index":4
        },
        {
            "x":138,
            "y":259,
            "w":441,
            "h":496,
            "index":5
        },
        {
            "x":600,
            "y":268,
            "w":64,
            "h":62,
            "index":6
        },
        {
            "x":456,
            "y":361,
            "w":124,
            "h":138,
            "index":7
        },
        {
            "x":579,
            "y":405,
            "w":1,
            "h":2,
            "index":8
        },
        {
            "x":670,
            "y":417,
            "w":105,
            "h":86,
            "index":9
        },
        {
            "x":332,
            "y":418,
            "w":40,
            "h":27,
            "index":10
        },
        {
            "x":782,
            "y":475,
            "w":39,
            "h":92,
            "index":11
        },
        {
            "x":783,
            "y":493,
            "w":19,
            "h":37,
            "index":12
        },
        {
            "x":663,
            "y":499,
            "w":119,
            "h":161,
            "index":13
        },
        {
            "x":507,
            "y":519,
            "w":52,
            "h":80,
            "index":14
        },
        {
            "x":488,
            "y":522,
            "w":62,
            "h":112,
            "index":15
        },
        {
            "x":444,
            "y":525,
            "w":72,
            "h":115,
            "index":16
        },
        {
            "x":469,
            "y":525,
            "w":65,
            "h":113,
            "index":17
        },
        {
            "x":414,
            "y":529,
            "w":77,
            "h":111,
            "index":18
        },
        {
            "x":786,
            "y":536,
            "w":13,
            "h":11,
            "index":19
        },
        {
            "x":0,
            "y":536,
            "w":1024,
            "h":488,
            "index":20
        },
        {
            "x":551,
            "y":537,
            "w":107,
            "h":51,
            "index":21
        },
        {
            "x":694,
            "y":545,
            "w":57,
            "h":58,
            "index":22
        },
        {
            "x":718,
            "y":569,
            "w":9,
            "h":9,
            "index":23
        },
        {
            "x":829,
            "y":580,
            "w":57,
            "h":56,
            "index":24
        },
        {
            "x":768,
            "y":592,
            "w":72,
            "h":65,
            "index":25
        },
        {
            "x":539,
            "y":594,
            "w":127,
            "h":84,
            "index":26
        },
        {
            "x":848,
            "y":601,
            "w":1,
            "h":1,
            "index":27
        },
        {
            "x":848,
            "y":612,
            "w":71,
            "h":46,
            "index":28
        },
        {
            "x":744,
            "y":627,
            "w":189,
            "h":56,
            "index":29
        },
        {
            "x":505,
            "y":651,
            "w":76,
            "h":116,
            "index":30
        },
        {
            "x":523,
            "y":652,
            "w":81,
            "h":123,
            "index":31
        },
        {
            "x":581,
            "y":659,
            "w":68,
            "h":125,
            "index":32
        },
        {
            "x":545,
            "y":661,
            "w":73,
            "h":115,
            "index":33
        },
        {
            "x":603,
            "y":662,
            "w":67,
            "h":126,
            "index":34
        },
        {
            "x":62,
            "y":663,
            "w":899,
            "h":171,
            "index":35
        },
        {
            "x":627,
            "y":667,
            "w":82,
            "h":122,
            "index":36
        },
        {
            "x":753,
            "y":675,
            "w":169,
            "h":68,
            "index":37
        },
        {
            "x":455,
            "y":720,
            "w":300,
            "h":91,
            "index":38
        },
        {
            "x":485,
            "y":745,
            "w":109,
            "h":47,
            "index":39
        },
        {
            "x":655,
            "y":745,
            "w":73,
            "h":44,
            "index":40
        },
        {
            "x":796,
            "y":781,
            "w":107,
            "h":93,
            "index":41
        },
        {
            "x":151,
            "y":789,
            "w":118,
            "h":97,
            "index":42
        },
        {
            "x":840,
            "y":815,
            "w":25,
            "h":25,
            "index":43
        },
        {
            "x":197,
            "y":827,
            "w":28,
            "h":27,
            "index":44
        }
    ]
}