{
    "image":"game.png",
    "width":1024,
    "height":1024,
    "selectTab":{
        "id":"01"
    },
    "selectColor":{
        "id":"FCCFCA",
        "color":"#FCCFCA"
    },
    "list":[
        {
            "x":0,
            "y":0,
            "w":1024,
            "h":1024,
            "index":0
        },
        {
            "x":345,
            "y":18,
            "w":68,
            "h":76,
            "index":1
        },
        {
            "x":215,
            "y":26,
            "w":114,
            "h":175,
            "index":2
        },
        {
            "x":640,
            "y":28,
            "w":23,
            "h":24,
            "index":3
        },
        {
            "x":747,
            "y":44,
            "w":67,
            "h":69,
            "index":4
        },
        {
            "x":896,
            "y":55,
            "w":32,
            "h":32,
            "index":5
        },
        {
            "x":76,
            "y":57,
            "w":102,
            "h":220,
            "index":6
        },
        {
            "x":506,
            "y":60,
            "w":51,
            "h":55,
            "index":7
        },
        {
            "x":535,
            "y":60,
            "w":69,
            "h":54,
            "index":8
        },
        {
            "x":479,
            "y":68,
            "w":48,
            "h":51,
            "index":9
        },
        {
            "x":690,
            "y":83,
            "w":19,
            "h":19,
            "index":10
        },
        {
            "x":458,
            "y":84,
            "w":42,
            "h":43,
            "index":11
        },
        {
            "x":436,
            "y":105,
            "w":37,
            "h":35,
            "index":12
        },
        {
            "x":450,
            "y":119,
            "w":178,
            "h":269,
            "index":13
        },
        {
            "x":854,
            "y":125,
            "w":34,
            "h":34,
            "index":14
        },
        {
            "x":573,
            "y":129,
            "w":108,
            "h":248,
            "index":15
        },
        {
            "x":394,
            "y":133,
            "w":48,
            "h":29,
            "index":16
        },
        {
            "x":416,
            "y":134,
            "w":100,
            "h":111,
            "index":17
        },
        {
            "x":351,
            "y":145,
            "w":53,
            "h":35,
            "index":18
        },
        {
            "x":621,
            "y":150,
            "w":155,
            "h":208,
            "index":19
        },
        {
            "x":333,
            "y":162,
            "w":45,
            "h":50,
            "index":20
        },
        {
            "x":332,
            "y":170,
            "w":107,
            "h":201,
            "index":21
        },
        {
            "x":932,
            "y":171,
            "w":20,
            "h":21,
            "index":22
        },
        {
            "x":803,
            "y":173,
            "w":23,
            "h":23,
            "index":23
        },
        {
            "x":43,
            "y":189,
            "w":297,
            "h":405,
            "index":24
        },
        {
            "x":216,
            "y":199,
            "w":77,
            "h":43,
            "index":25
        },
        {
            "x":189,
            "y":202,
            "w":97,
            "h":57,
            "index":26
        },
        {
            "x":685,
            "y":221,
            "w":13,
            "h":13,
            "index":27
        },
        {
            "x":180,
            "y":228,
            "w":102,
            "h":50,
            "index":28
        },
        {
            "x":289,
            "y":233,
            "w":42,
            "h":94,
            "index":29
        },
        {
            "x":848,
            "y":234,
            "w":26,
            "h":26,
            "index":30
        },
        {
            "x":817,
            "y":260,
            "w":112,
            "h":477,
            "index":31
        },
        {
            "x":180,
            "y":275,
            "w":102,
            "h":41,
            "index":32
        },
        {
            "x":802,
            "y":285,
            "w":47,
            "h":352,
            "index":33
        },
        {
            "x":189,
            "y":301,
            "w":97,
            "h":49,
            "index":34
        },
        {
            "x":212,
            "y":316,
            "w":81,
            "h":43,
            "index":35
        },
        {
            "x":841,
            "y":320,
            "w":139,
            "h":408,
            "index":36
        },
        {
            "x":438,
            "y":325,
            "w":56,
            "h":59,
            "index":37
        },
        {
            "x":335,
            "y":341,
            "w":37,
            "h":34,
            "index":38
        },
        {
            "x":347,
            "y":355,
            "w":48,
            "h":37,
            "index":39
        },
        {
            "x":748,
            "y":357,
            "w":77,
            "h":330,
            "index":40
        },
        {
            "x":374,
            "y":366,
            "w":59,
            "h":31,
            "index":41
        },
        {
            "x":210,
            "y":370,
            "w":45,
            "h":134,
            "index":42
        },
        {
            "x":546,
            "y":390,
            "w":74,
            "h":50,
            "index":43
        },
        {
            "x":526,
            "y":394,
            "w":58,
            "h":43,
            "index":44
        },
        {
            "x":523,
            "y":396,
            "w":30,
            "h":24,
            "index":45
        },
        {
            "x":58,
            "y":409,
            "w":25,
            "h":25,
            "index":46
        },
        {
            "x":688,
            "y":411,
            "w":126,
            "h":292,
            "index":47
        },
        {
            "x":578,
            "y":419,
            "w":35,
            "h":30,
            "index":48
        },
        {
            "x":933,
            "y":427,
            "w":60,
            "h":146,
            "index":49
        },
        {
            "x":416,
            "y":438,
            "w":47,
            "h":47,
            "index":50
        },
        {
            "x":380,
            "y":439,
            "w":54,
            "h":45,
            "index":51
        },
        {
            "x":444,
            "y":442,
            "w":45,
            "h":48,
            "index":52
        },
        {
            "x":471,
            "y":459,
            "w":38,
            "h":42,
            "index":53
        },
        {
            "x":64,
            "y":464,
            "w":77,
            "h":84,
            "index":54
        },
        {
            "x":628,
            "y":468,
            "w":22,
            "h":22,
            "index":55
        },
        {
            "x":501,
            "y":486,
            "w":33,
            "h":30,
            "index":56
        },
        {
            "x":350,
            "y":489,
            "w":162,
            "h":259,
            "index":57
        },
        {
            "x":299,
            "y":502,
            "w":103,
            "h":237,
            "index":58
        },
        {
            "x":530,
            "y":508,
            "w":42,
            "h":22,
            "index":59
        },
        {
            "x":441,
            "y":510,
            "w":104,
            "h":108,
            "index":60
        },
        {
            "x":551,
            "y":511,
            "w":47,
            "h":36,
            "index":61
        },
        {
            "x":207,
            "y":524,
            "w":151,
            "h":200,
            "index":62
        },
        {
            "x":658,
            "y":528,
            "w":19,
            "h":18,
            "index":63
        },
        {
            "x":571,
            "y":530,
            "w":36,
            "h":47,
            "index":64
        },
        {
            "x":525,
            "y":543,
            "w":83,
            "h":187,
            "index":65
        },
        {
            "x":149,
            "y":576,
            "w":20,
            "h":21,
            "index":66
        },
        {
            "x":643,
            "y":578,
            "w":74,
            "h":36,
            "index":67
        },
        {
            "x":288,
            "y":588,
            "w":13,
            "h":13,
            "index":68
        },
        {
            "x":960,
            "y":589,
            "w":19,
            "h":19,
            "index":69
        },
        {
            "x":639,
            "y":591,
            "w":88,
            "h":39,
            "index":70
        },
        {
            "x":69,
            "y":599,
            "w":28,
            "h":29,
            "index":71
        },
        {
            "x":605,
            "y":601,
            "w":33,
            "h":88,
            "index":72
        },
        {
            "x":638,
            "y":619,
            "w":92,
            "h":37,
            "index":73
        },
        {
            "x":911,
            "y":643,
            "w":68,
            "h":77,
            "index":74
        },
        {
            "x":96,
            "y":652,
            "w":126,
            "h":227,
            "index":75
        },
        {
            "x":639,
            "y":654,
            "w":89,
            "h":43,
            "index":76
        },
        {
            "x":641,
            "y":671,
            "w":68,
            "h":40,
            "index":77
        },
        {
            "x":278,
            "y":674,
            "w":540,
            "h":204,
            "index":78
        },
        {
            "x":489,
            "y":689,
            "w":34,
            "h":52,
            "index":79
        },
        {
            "x":555,
            "y":705,
            "w":43,
            "h":38,
            "index":80
        },
        {
            "x":42,
            "y":706,
            "w":140,
            "h":170,
            "index":81
        },
        {
            "x":235,
            "y":718,
            "w":49,
            "h":123,
            "index":82
        },
        {
            "x":533,
            "y":727,
            "w":52,
            "h":32,
            "index":83
        },
        {
            "x":792,
            "y":728,
            "w":188,
            "h":152,
            "index":84
        },
        {
            "x":510,
            "y":739,
            "w":47,
            "h":22,
            "index":85
        },
        {
            "x":341,
            "y":750,
            "w":39,
            "h":37,
            "index":86
        },
        {
            "x":374,
            "y":753,
            "w":60,
            "h":45,
            "index":87
        },
        {
            "x":401,
            "y":755,
            "w":41,
            "h":37,
            "index":88
        },
        {
            "x":617,
            "y":771,
            "w":114,
            "h":105,
            "index":89
        },
        {
            "x":487,
            "y":801,
            "w":18,
            "h":17,
            "index":90
        },
        {
            "x":552,
            "y":818,
            "w":110,
            "h":54,
            "index":91
        },
        {
            "x":796,
            "y":823,
            "w":111,
            "h":62,
            "index":92
        },
        {
            "x":259,
            "y":836,
            "w":38,
            "h":109,
            "index":93
        },
        {
            "x":226,
            "y":845,
            "w":43,
            "h":99,
            "index":94
        },
        {
            "x":284,
            "y":845,
            "w":46,
            "h":100,
            "index":95
        },
        {
            "x":754,
            "y":852,
            "w":75,
            "h":107,
            "index":96
        },
        {
            "x":791,
            "y":852,
            "w":53,
            "h":95,
            "index":97
        },
        {
            "x":394,
            "y":859,
            "w":34,
            "h":27,
            "index":98
        },
        {
            "x":414,
            "y":859,
            "w":54,
            "h":57,
            "index":99
        },
        {
            "x":436,
            "y":860,
            "w":150,
            "h":90,
            "index":100
        },
        {
            "x":297,
            "y":861,
            "w":55,
            "h":80,
            "index":101
        },
        {
            "x":734,
            "y":862,
            "w":73,
            "h":102,
            "index":102
        },
        {
            "x":825,
            "y":862,
            "w":28,
            "h":65,
            "index":103
        },
        {
            "x":205,
            "y":867,
            "w":51,
            "h":72,
            "index":104
        },
        {
            "x":713,
            "y":874,
            "w":68,
            "h":91,
            "index":105
        },
        {
            "x":704,
            "y":897,
            "w":48,
            "h":67,
            "index":106
        },
        {
            "x":672,
            "y":909,
            "w":57,
            "h":52,
            "index":107
        },
        {
            "x":93,
            "y":924,
            "w":69,
            "h":33,
            "index":108
        },
        {
            "x":479,
            "y":929,
            "w":97,
            "h":34,
            "index":109
        },
        {
            "x":890,
            "y":931,
            "w":45,
            "h":25,
            "index":110
        },
        {
            "x":238,
            "y":940,
            "w":83,
            "h":17,
            "index":111
        }
    ]
}