{
    "image":"game.png",
    "width":1024,
    "height":1024,
    "selectTab":{
        "id":"01"
    },
    "selectColor":{
        "id":"FCCFCA",
        "color":"#FCCFCA"
    },
    "list":[
        {
            "x":0,
            "y":0,
            "w":252,
            "h":370,
            "index":0
        },
        {
            "x":74,
            "y":0,
            "w":316,
            "h":214,
            "index":1
        },
        {
            "x":276,
            "y":0,
            "w":489,
            "h":1024,
            "index":2
        },
        {
            "x":766,
            "y":0,
            "w":130,
            "h":230,
            "index":3
        },
        {
            "x":817,
            "y":0,
            "w":182,
            "h":105,
            "index":4
        },
        {
            "x":908,
            "y":0,
            "w":116,
            "h":406,
            "index":5
        },
        {
            "x":29,
            "y":73,
            "w":97,
            "h":449,
            "index":6
        },
        {
            "x":830,
            "y":109,
            "w":93,
            "h":603,
            "index":7
        },
        {
            "x":781,
            "y":127,
            "w":102,
            "h":498,
            "index":8
        },
        {
            "x":996,
            "y":150,
            "w":1,
            "h":1,
            "index":9
        },
        {
            "x":931,
            "y":151,
            "w":65,
            "h":162,
            "index":10
        },
        {
            "x":488,
            "y":172,
            "w":361,
            "h":307,
            "index":11
        },
        {
            "x":376,
            "y":191,
            "w":39,
            "h":42,
            "index":12
        },
        {
            "x":243,
            "y":216,
            "w":36,
            "h":104,
            "index":13
        },
        {
            "x":0,
            "y":232,
            "w":30,
            "h":87,
            "index":14
        },
        {
            "x":108,
            "y":232,
            "w":56,
            "h":85,
            "index":15
        },
        {
            "x":76,
            "y":243,
            "w":58,
            "h":199,
            "index":16
        },
        {
            "x":132,
            "y":245,
            "w":62,
            "h":191,
            "index":17
        },
        {
            "x":881,
            "y":276,
            "w":40,
            "h":164,
            "index":18
        },
        {
            "x":915,
            "y":280,
            "w":1,
            "h":1,
            "index":19
        },
        {
            "x":916,
            "y":281,
            "w":108,
            "h":196,
            "index":20
        },
        {
            "x":0,
            "y":286,
            "w":71,
            "h":194,
            "index":21
        },
        {
            "x":0,
            "y":288,
            "w":316,
            "h":672,
            "index":22
        },
        {
            "x":849,
            "y":306,
            "w":107,
            "h":396,
            "index":23
        },
        {
            "x":206,
            "y":329,
            "w":75,
            "h":429,
            "index":24
        },
        {
            "x":146,
            "y":359,
            "w":107,
            "h":425,
            "index":25
        },
        {
            "x":911,
            "y":372,
            "w":79,
            "h":170,
            "index":26
        },
        {
            "x":259,
            "y":419,
            "w":307,
            "h":252,
            "index":27
        },
        {
            "x":0,
            "y":449,
            "w":55,
            "h":158,
            "index":28
        },
        {
            "x":957,
            "y":465,
            "w":67,
            "h":77,
            "index":29
        },
        {
            "x":753,
            "y":470,
            "w":88,
            "h":263,
            "index":30
        },
        {
            "x":715,
            "y":479,
            "w":96,
            "h":246,
            "index":31
        },
        {
            "x":71,
            "y":480,
            "w":1,
            "h":1,
            "index":32
        },
        {
            "x":56,
            "y":484,
            "w":19,
            "h":80,
            "index":33
        },
        {
            "x":932,
            "y":487,
            "w":92,
            "h":170,
            "index":34
        },
        {
            "x":638,
            "y":489,
            "w":1,
            "h":3,
            "index":35
        },
        {
            "x":186,
            "y":491,
            "w":34,
            "h":32,
            "index":36
        },
        {
            "x":639,
            "y":492,
            "w":33,
            "h":291,
            "index":37
        },
        {
            "x":0,
            "y":520,
            "w":36,
            "h":191,
            "index":38
        },
        {
            "x":891,
            "y":521,
            "w":133,
            "h":274,
            "index":39
        },
        {
            "x":586,
            "y":524,
            "w":31,
            "h":30,
            "index":40
        },
        {
            "x":108,
            "y":532,
            "w":48,
            "h":328,
            "index":41
        },
        {
            "x":845,
            "y":544,
            "w":148,
            "h":272,
            "index":42
        },
        {
            "x":152,
            "y":570,
            "w":59,
            "h":253,
            "index":43
        },
        {
            "x":243,
            "y":582,
            "w":73,
            "h":145,
            "index":44
        },
        {
            "x":577,
            "y":585,
            "w":26,
            "h":44,
            "index":45
        },
        {
            "x":716,
            "y":597,
            "w":13,
            "h":18,
            "index":46
        },
        {
            "x":269,
            "y":609,
            "w":335,
            "h":296,
            "index":47
        },
        {
            "x":736,
            "y":611,
            "w":28,
            "h":22,
            "index":48
        },
        {
            "x":701,
            "y":614,
            "w":29,
            "h":20,
            "index":49
        },
        {
            "x":736,
            "y":614,
            "w":1,
            "h":1,
            "index":50
        },
        {
            "x":401,
            "y":619,
            "w":86,
            "h":148,
            "index":51
        },
        {
            "x":953,
            "y":625,
            "w":1,
            "h":2,
            "index":52
        },
        {
            "x":90,
            "y":626,
            "w":33,
            "h":259,
            "index":53
        },
        {
            "x":954,
            "y":627,
            "w":14,
            "h":28,
            "index":54
        },
        {
            "x":735,
            "y":633,
            "w":1,
            "h":2,
            "index":55
        },
        {
            "x":735,
            "y":636,
            "w":44,
            "h":90,
            "index":56
        },
        {
            "x":720,
            "y":637,
            "w":11,
            "h":91,
            "index":57
        },
        {
            "x":730,
            "y":639,
            "w":24,
            "h":90,
            "index":58
        },
        {
            "x":968,
            "y":655,
            "w":2,
            "h":4,
            "index":59
        },
        {
            "x":41,
            "y":680,
            "w":65,
            "h":177,
            "index":60
        },
        {
            "x":848,
            "y":702,
            "w":1,
            "h":1,
            "index":61
        },
        {
            "x":51,
            "y":713,
            "w":228,
            "h":311,
            "index":62
        },
        {
            "x":480,
            "y":716,
            "w":152,
            "h":308,
            "index":63
        },
        {
            "x":943,
            "y":719,
            "w":58,
            "h":139,
            "index":64
        },
        {
            "x":209,
            "y":726,
            "w":124,
            "h":289,
            "index":65
        },
        {
            "x":618,
            "y":728,
            "w":347,
            "h":296,
            "index":66
        },
        {
            "x":951,
            "y":743,
            "w":73,
            "h":281,
            "index":67
        },
        {
            "x":672,
            "y":761,
            "w":1,
            "h":1,
            "index":68
        },
        {
            "x":156,
            "y":794,
            "w":71,
            "h":230,
            "index":69
        },
        {
            "x":270,
            "y":808,
            "w":1,
            "h":1,
            "index":70
        },
        {
            "x":271,
            "y":809,
            "w":1,
            "h":1,
            "index":71
        },
        {
            "x":272,
            "y":810,
            "w":110,
            "h":214,
            "index":72
        },
        {
            "x":0,
            "y":836,
            "w":78,
            "h":188,
            "index":73
        },
        {
            "x":60,
            "y":839,
            "w":47,
            "h":104,
            "index":74
        },
        {
            "x":126,
            "y":861,
            "w":1,
            "h":1,
            "index":75
        },
        {
            "x":334,
            "y":862,
            "w":25,
            "h":55,
            "index":76
        },
        {
            "x":135,
            "y":873,
            "w":47,
            "h":151,
            "index":77
        },
        {
            "x":354,
            "y":885,
            "w":77,
            "h":139,
            "index":78
        },
        {
            "x":908,
            "y":891,
            "w":54,
            "h":133,
            "index":79
        },
        {
            "x":434,
            "y":895,
            "w":90,
            "h":129,
            "index":80
        },
        {
            "x":242,
            "y":901,
            "w":33,
            "h":33,
            "index":81
        },
        {
            "x":405,
            "y":909,
            "w":54,
            "h":115,
            "index":82
        },
        {
            "x":252,
            "y":910,
            "w":1,
            "h":1,
            "index":83
        },
        {
            "x":889,
            "y":920,
            "w":29,
            "h":82,
            "index":84
        },
        {
            "x":192,
            "y":921,
            "w":54,
            "h":103,
            "index":85
        },
        {
            "x":1009,
            "y":935,
            "w":1,
            "h":1,
            "index":86
        },
        {
            "x":921,
            "y":936,
            "w":88,
            "h":88,
            "index":87
        },
        {
            "x":551,
            "y":940,
            "w":73,
            "h":84,
            "index":88
        },
        {
            "x":300,
            "y":943,
            "w":33,
            "h":81,
            "index":89
        },
        {
            "x":80,
            "y":944,
            "w":1,
            "h":2,
            "index":90
        },
        {
            "x":117,
            "y":978,
            "w":18,
            "h":46,
            "index":91
        },
        {
            "x":571,
            "y":983,
            "w":1,
            "h":1,
            "index":92
        },
        {
            "x":184,
            "y":998,
            "w":16,
            "h":26,
            "index":93
        },
        {
            "x":334,
            "y":1015,
            "w":5,
            "h":9,
            "index":94
        },
        {
            "x":231,
            "y":1016,
            "w":75,
            "h":8,
            "index":95
        }
    ]
}