{
    "image":"game.png",
    "width":1024,
    "height":1024,
    "selectTab":{
        "id":"01"
    },
    "selectColor":{
        "id":"FCCFCA",
        "color":"#FCCFCA"
    },
    "list":[
        {
            "x":0,
            "y":0,
            "w":344,
            "h":673,
            "index":0
        },
        {
            "x":345,
            "y":0,
            "w":679,
            "h":478,
            "index":1
        },
        {
            "x":112,
            "y":12,
            "w":43,
            "h":43,
            "index":2
        },
        {
            "x":682,
            "y":33,
            "w":251,
            "h":267,
            "index":3
        },
        {
            "x":282,
            "y":50,
            "w":45,
            "h":44,
            "index":4
        },
        {
            "x":355,
            "y":50,
            "w":45,
            "h":44,
            "index":5
        },
        {
            "x":80,
            "y":54,
            "w":108,
            "h":93,
            "index":6
        },
        {
            "x":703,
            "y":54,
            "w":209,
            "h":225,
            "index":7
        },
        {
            "x":332,
            "y":64,
            "w":18,
            "h":18,
            "index":8
        },
        {
            "x":713,
            "y":66,
            "w":183,
            "h":213,
            "index":9
        },
        {
            "x":337,
            "y":88,
            "w":8,
            "h":22,
            "index":10
        },
        {
            "x":737,
            "y":93,
            "w":23,
            "h":40,
            "index":11
        },
        {
            "x":848,
            "y":93,
            "w":23,
            "h":40,
            "index":12
        },
        {
            "x":260,
            "y":115,
            "w":161,
            "h":163,
            "index":13
        },
        {
            "x":984,
            "y":118,
            "w":40,
            "h":72,
            "index":14
        },
        {
            "x":433,
            "y":131,
            "w":274,
            "h":173,
            "index":15
        },
        {
            "x":283,
            "y":134,
            "w":52,
            "h":39,
            "index":16
        },
        {
            "x":345,
            "y":134,
            "w":54,
            "h":38,
            "index":17
        },
        {
            "x":288,
            "y":139,
            "w":106,
            "h":105,
            "index":18
        },
        {
            "x":88,
            "y":146,
            "w":90,
            "h":20,
            "index":19
        },
        {
            "x":99,
            "y":172,
            "w":68,
            "h":30,
            "index":20
        },
        {
            "x":822,
            "y":173,
            "w":37,
            "h":47,
            "index":21
        },
        {
            "x":748,
            "y":175,
            "w":36,
            "h":47,
            "index":22
        },
        {
            "x":278,
            "y":178,
            "w":33,
            "h":67,
            "index":23
        },
        {
            "x":371,
            "y":178,
            "w":32,
            "h":65,
            "index":24
        },
        {
            "x":983,
            "y":186,
            "w":41,
            "h":44,
            "index":25
        },
        {
            "x":836,
            "y":187,
            "w":8,
            "h":9,
            "index":26
        },
        {
            "x":1,
            "y":194,
            "w":26,
            "h":134,
            "index":27
        },
        {
            "x":68,
            "y":208,
            "w":131,
            "h":13,
            "index":28
        },
        {
            "x":794,
            "y":213,
            "w":14,
            "h":8,
            "index":29
        },
        {
            "x":993,
            "y":222,
            "w":31,
            "h":33,
            "index":30
        },
        {
            "x":88,
            "y":226,
            "w":9,
            "h":9,
            "index":31
        },
        {
            "x":170,
            "y":226,
            "w":10,
            "h":9,
            "index":32
        },
        {
            "x":847,
            "y":226,
            "w":16,
            "h":14,
            "index":33
        },
        {
            "x":308,
            "y":227,
            "w":64,
            "h":34,
            "index":34
        },
        {
            "x":747,
            "y":229,
            "w":14,
            "h":11,
            "index":35
        },
        {
            "x":949,
            "y":230,
            "w":75,
            "h":127,
            "index":36
        },
        {
            "x":764,
            "y":236,
            "w":13,
            "h":12,
            "index":37
        },
        {
            "x":828,
            "y":237,
            "w":13,
            "h":11,
            "index":38
        },
        {
            "x":840,
            "y":237,
            "w":10,
            "h":11,
            "index":39
        },
        {
            "x":759,
            "y":241,
            "w":5,
            "h":6,
            "index":40
        },
        {
            "x":783,
            "y":241,
            "w":14,
            "h":10,
            "index":41
        },
        {
            "x":804,
            "y":241,
            "w":16,
            "h":11,
            "index":42
        },
        {
            "x":774,
            "y":243,
            "w":11,
            "h":10,
            "index":43
        },
        {
            "x":814,
            "y":243,
            "w":18,
            "h":12,
            "index":44
        },
        {
            "x":791,
            "y":244,
            "w":18,
            "h":11,
            "index":45
        },
        {
            "x":326,
            "y":253,
            "w":432,
            "h":378,
            "index":46
        },
        {
            "x":635,
            "y":255,
            "w":44,
            "h":56,
            "index":47
        },
        {
            "x":15,
            "y":271,
            "w":97,
            "h":46,
            "index":48
        },
        {
            "x":407,
            "y":278,
            "w":239,
            "h":94,
            "index":49
        },
        {
            "x":654,
            "y":303,
            "w":59,
            "h":94,
            "index":50
        },
        {
            "x":359,
            "y":305,
            "w":44,
            "h":89,
            "index":51
        },
        {
            "x":15,
            "y":316,
            "w":110,
            "h":41,
            "index":52
        },
        {
            "x":894,
            "y":326,
            "w":130,
            "h":139,
            "index":53
        },
        {
            "x":13,
            "y":331,
            "w":81,
            "h":78,
            "index":54
        },
        {
            "x":972,
            "y":333,
            "w":30,
            "h":29,
            "index":55
        },
        {
            "x":0,
            "y":336,
            "w":13,
            "h":110,
            "index":56
        },
        {
            "x":11,
            "y":338,
            "w":35,
            "h":93,
            "index":57
        },
        {
            "x":114,
            "y":391,
            "w":241,
            "h":203,
            "index":58
        },
        {
            "x":673,
            "y":395,
            "w":236,
            "h":285,
            "index":59
        },
        {
            "x":926,
            "y":430,
            "w":25,
            "h":27,
            "index":60
        },
        {
            "x":973,
            "y":442,
            "w":26,
            "h":26,
            "index":61
        },
        {
            "x":902,
            "y":448,
            "w":122,
            "h":106,
            "index":62
        },
        {
            "x":398,
            "y":449,
            "w":67,
            "h":89,
            "index":63
        },
        {
            "x":0,
            "y":450,
            "w":9,
            "h":56,
            "index":64
        },
        {
            "x":549,
            "y":450,
            "w":73,
            "h":88,
            "index":65
        },
        {
            "x":163,
            "y":470,
            "w":193,
            "h":226,
            "index":66
        },
        {
            "x":14,
            "y":478,
            "w":87,
            "h":30,
            "index":67
        },
        {
            "x":443,
            "y":481,
            "w":15,
            "h":19,
            "index":68
        },
        {
            "x":577,
            "y":481,
            "w":12,
            "h":17,
            "index":69
        },
        {
            "x":0,
            "y":509,
            "w":1,
            "h":2,
            "index":70
        },
        {
            "x":23,
            "y":512,
            "w":74,
            "h":63,
            "index":71
        },
        {
            "x":0,
            "y":514,
            "w":7,
            "h":12,
            "index":72
        },
        {
            "x":19,
            "y":519,
            "w":42,
            "h":81,
            "index":73
        },
        {
            "x":9,
            "y":520,
            "w":17,
            "h":93,
            "index":74
        },
        {
            "x":489,
            "y":524,
            "w":28,
            "h":16,
            "index":75
        },
        {
            "x":912,
            "y":530,
            "w":88,
            "h":82,
            "index":76
        },
        {
            "x":0,
            "y":533,
            "w":4,
            "h":161,
            "index":77
        },
        {
            "x":1005,
            "y":556,
            "w":19,
            "h":69,
            "index":78
        },
        {
            "x":580,
            "y":558,
            "w":27,
            "h":25,
            "index":79
        },
        {
            "x":415,
            "y":560,
            "w":20,
            "h":19,
            "index":80
        },
        {
            "x":445,
            "y":572,
            "w":23,
            "h":19,
            "index":81
        },
        {
            "x":541,
            "y":572,
            "w":31,
            "h":23,
            "index":82
        },
        {
            "x":479,
            "y":578,
            "w":25,
            "h":18,
            "index":83
        },
        {
            "x":310,
            "y":586,
            "w":121,
            "h":44,
            "index":84
        },
        {
            "x":57,
            "y":591,
            "w":144,
            "h":134,
            "index":85
        },
        {
            "x":832,
            "y":592,
            "w":141,
            "h":116,
            "index":86
        },
        {
            "x":289,
            "y":595,
            "w":153,
            "h":164,
            "index":87
        },
        {
            "x":456,
            "y":596,
            "w":159,
            "h":36,
            "index":88
        },
        {
            "x":465,
            "y":600,
            "w":177,
            "h":164,
            "index":89
        },
        {
            "x":645,
            "y":608,
            "w":66,
            "h":110,
            "index":90
        },
        {
            "x":966,
            "y":612,
            "w":58,
            "h":37,
            "index":91
        },
        {
            "x":52,
            "y":633,
            "w":200,
            "h":228,
            "index":92
        },
        {
            "x":878,
            "y":635,
            "w":104,
            "h":120,
            "index":93
        },
        {
            "x":428,
            "y":637,
            "w":51,
            "h":131,
            "index":94
        },
        {
            "x":273,
            "y":643,
            "w":55,
            "h":76,
            "index":95
        },
        {
            "x":592,
            "y":644,
            "w":6,
            "h":12,
            "index":96
        },
        {
            "x":621,
            "y":647,
            "w":66,
            "h":77,
            "index":97
        },
        {
            "x":984,
            "y":651,
            "w":40,
            "h":45,
            "index":98
        },
        {
            "x":831,
            "y":671,
            "w":29,
            "h":45,
            "index":99
        },
        {
            "x":7,
            "y":678,
            "w":43,
            "h":16,
            "index":100
        },
        {
            "x":682,
            "y":679,
            "w":152,
            "h":68,
            "index":101
        },
        {
            "x":163,
            "y":690,
            "w":90,
            "h":107,
            "index":102
        },
        {
            "x":187,
            "y":690,
            "w":496,
            "h":264,
            "index":103
        },
        {
            "x":556,
            "y":695,
            "w":7,
            "h":13,
            "index":104
        },
        {
            "x":0,
            "y":696,
            "w":61,
            "h":26,
            "index":105
        },
        {
            "x":763,
            "y":699,
            "w":67,
            "h":14,
            "index":106
        },
        {
            "x":956,
            "y":699,
            "w":68,
            "h":125,
            "index":107
        },
        {
            "x":846,
            "y":702,
            "w":18,
            "h":12,
            "index":108
        },
        {
            "x":58,
            "y":714,
            "w":23,
            "h":63,
            "index":109
        },
        {
            "x":762,
            "y":716,
            "w":102,
            "h":61,
            "index":110
        },
        {
            "x":860,
            "y":718,
            "w":30,
            "h":38,
            "index":111
        },
        {
            "x":0,
            "y":720,
            "w":57,
            "h":106,
            "index":112
        },
        {
            "x":866,
            "y":731,
            "w":10,
            "h":9,
            "index":113
        },
        {
            "x":664,
            "y":742,
            "w":295,
            "h":62,
            "index":114
        },
        {
            "x":0,
            "y":782,
            "w":244,
            "h":242,
            "index":115
        },
        {
            "x":664,
            "y":783,
            "w":296,
            "h":41,
            "index":116
        },
        {
            "x":944,
            "y":811,
            "w":5,
            "h":28,
            "index":117
        },
        {
            "x":674,
            "y":814,
            "w":37,
            "h":143,
            "index":118
        },
        {
            "x":914,
            "y":815,
            "w":36,
            "h":142,
            "index":119
        },
        {
            "x":702,
            "y":819,
            "w":322,
            "h":205,
            "index":120
        },
        {
            "x":711,
            "y":822,
            "w":86,
            "h":40,
            "index":121
        },
        {
            "x":829,
            "y":823,
            "w":83,
            "h":36,
            "index":122
        },
        {
            "x":801,
            "y":830,
            "w":23,
            "h":83,
            "index":123
        },
        {
            "x":647,
            "y":851,
            "w":29,
            "h":13,
            "index":124
        },
        {
            "x":852,
            "y":862,
            "w":48,
            "h":30,
            "index":125
        },
        {
            "x":133,
            "y":863,
            "w":48,
            "h":29,
            "index":126
        },
        {
            "x":586,
            "y":870,
            "w":89,
            "h":53,
            "index":127
        },
        {
            "x":51,
            "y":928,
            "w":781,
            "h":96,
            "index":128
        },
        {
            "x":558,
            "y":929,
            "w":112,
            "h":10,
            "index":129
        },
        {
            "x":116,
            "y":942,
            "w":650,
            "h":66,
            "index":130
        }
    ]
}