{
    "image":"game.png",
    "width":1024,
    "height":1024,
    "selectTab":{
        "id":"01"
    },
    "selectColor":{
        "id":"FCCFCA",
        "color":"#FCCFCA"
    },
    "list":[
        {
            "x":0,
            "y":0,
            "w":1024,
            "h":1024,
            "index":0
        },
        {
            "x":519,
            "y":62,
            "w":143,
            "h":199,
            "index":1
        },
        {
            "x":349,
            "y":63,
            "w":136,
            "h":211,
            "index":2
        },
        {
            "x":552,
            "y":101,
            "w":80,
            "h":152,
            "index":3
        },
        {
            "x":383,
            "y":102,
            "w":77,
            "h":164,
            "index":4
        },
        {
            "x":405,
            "y":191,
            "w":35,
            "h":66,
            "index":5
        },
        {
            "x":576,
            "y":191,
            "w":39,
            "h":58,
            "index":6
        },
        {
            "x":250,
            "y":239,
            "w":522,
            "h":422,
            "index":7
        },
        {
            "x":651,
            "y":260,
            "w":5,
            "h":6,
            "index":8
        },
        {
            "x":307,
            "y":339,
            "w":407,
            "h":290,
            "index":9
        },
        {
            "x":546,
            "y":437,
            "w":90,
            "h":115,
            "index":10
        },
        {
            "x":389,
            "y":439,
            "w":90,
            "h":114,
            "index":11
        },
        {
            "x":436,
            "y":464,
            "w":13,
            "h":20,
            "index":12
        },
        {
            "x":576,
            "y":465,
            "w":12,
            "h":19,
            "index":13
        },
        {
            "x":683,
            "y":481,
            "w":24,
            "h":34,
            "index":14
        },
        {
            "x":493,
            "y":508,
            "w":40,
            "h":31,
            "index":15
        },
        {
            "x":659,
            "y":520,
            "w":23,
            "h":30,
            "index":16
        },
        {
            "x":334,
            "y":527,
            "w":30,
            "h":25,
            "index":17
        },
        {
            "x":626,
            "y":550,
            "w":28,
            "h":24,
            "index":18
        },
        {
            "x":368,
            "y":554,
            "w":28,
            "h":27,
            "index":19
        },
        {
            "x":402,
            "y":574,
            "w":36,
            "h":28,
            "index":20
        },
        {
            "x":587,
            "y":574,
            "w":32,
            "h":25,
            "index":21
        },
        {
            "x":447,
            "y":590,
            "w":41,
            "h":24,
            "index":22
        },
        {
            "x":541,
            "y":590,
            "w":38,
            "h":22,
            "index":23
        },
        {
            "x":257,
            "y":597,
            "w":54,
            "h":34,
            "index":24
        },
        {
            "x":705,
            "y":598,
            "w":65,
            "h":53,
            "index":25
        },
        {
            "x":497,
            "y":599,
            "w":37,
            "h":18,
            "index":26
        },
        {
            "x":299,
            "y":600,
            "w":64,
            "h":45,
            "index":27
        },
        {
            "x":655,
            "y":601,
            "w":62,
            "h":46,
            "index":28
        },
        {
            "x":247,
            "y":609,
            "w":64,
            "h":41,
            "index":29
        },
        {
            "x":246,
            "y":633,
            "w":34,
            "h":33,
            "index":30
        },
        {
            "x":736,
            "y":634,
            "w":34,
            "h":33,
            "index":31
        },
        {
            "x":288,
            "y":635,
            "w":66,
            "h":32,
            "index":32
        },
        {
            "x":667,
            "y":636,
            "w":62,
            "h":33,
            "index":33
        },
        {
            "x":311,
            "y":637,
            "w":96,
            "h":118,
            "index":34
        },
        {
            "x":609,
            "y":638,
            "w":96,
            "h":122,
            "index":35
        },
        {
            "x":404,
            "y":646,
            "w":208,
            "h":36,
            "index":36
        },
        {
            "x":261,
            "y":653,
            "w":56,
            "h":33,
            "index":37
        },
        {
            "x":700,
            "y":654,
            "w":55,
            "h":33,
            "index":38
        },
        {
            "x":672,
            "y":664,
            "w":58,
            "h":32,
            "index":39
        },
        {
            "x":287,
            "y":665,
            "w":54,
            "h":30,
            "index":40
        },
        {
            "x":385,
            "y":696,
            "w":246,
            "h":44,
            "index":41
        },
        {
            "x":302,
            "y":716,
            "w":51,
            "h":58,
            "index":42
        },
        {
            "x":665,
            "y":720,
            "w":46,
            "h":52,
            "index":43
        },
        {
            "x":369,
            "y":754,
            "w":276,
            "h":49,
            "index":44
        },
        {
            "x":365,
            "y":811,
            "w":140,
            "h":107,
            "index":45
        },
        {
            "x":505,
            "y":815,
            "w":138,
            "h":105,
            "index":46
        },
        {
            "x":440,
            "y":831,
            "w":129,
            "h":23,
            "index":47
        },
        {
            "x":413,
            "y":905,
            "w":79,
            "h":42,
            "index":48
        },
        {
            "x":513,
            "y":907,
            "w":83,
            "h":40,
            "index":49
        }
    ]
}