{
    "image":"game.png",
    "width":1024,
    "height":1024,
    "selectTab":{
        "id":"01"
    },
    "selectColor":{
        "id":"FCCFCA",
        "color":"#FCCFCA"
    },
    "list":[
        {
            "x":0,
            "y":0,
            "w":95,
            "h":1024,
            "index":0
        },
        {
            "x":20,
            "y":0,
            "w":131,
            "h":82,
            "index":1
        },
        {
            "x":158,
            "y":0,
            "w":23,
            "h":55,
            "index":2
        },
        {
            "x":187,
            "y":0,
            "w":57,
            "h":52,
            "index":3
        },
        {
            "x":267,
            "y":0,
            "w":80,
            "h":33,
            "index":4
        },
        {
            "x":353,
            "y":0,
            "w":24,
            "h":218,
            "index":5
        },
        {
            "x":383,
            "y":0,
            "w":31,
            "h":178,
            "index":6
        },
        {
            "x":420,
            "y":0,
            "w":74,
            "h":144,
            "index":7
        },
        {
            "x":500,
            "y":0,
            "w":524,
            "h":519,
            "index":8
        },
        {
            "x":760,
            "y":0,
            "w":154,
            "h":55,
            "index":9
        },
        {
            "x":911,
            "y":0,
            "w":62,
            "h":56,
            "index":10
        },
        {
            "x":970,
            "y":0,
            "w":53,
            "h":55,
            "index":11
        },
        {
            "x":209,
            "y":7,
            "w":106,
            "h":165,
            "index":12
        },
        {
            "x":26,
            "y":12,
            "w":358,
            "h":455,
            "index":13
        },
        {
            "x":439,
            "y":14,
            "w":224,
            "h":157,
            "index":14
        },
        {
            "x":302,
            "y":34,
            "w":45,
            "h":31,
            "index":15
        },
        {
            "x":244,
            "y":53,
            "w":49,
            "h":107,
            "index":16
        },
        {
            "x":162,
            "y":56,
            "w":48,
            "h":33,
            "index":17
        },
        {
            "x":311,
            "y":67,
            "w":36,
            "h":139,
            "index":18
        },
        {
            "x":311,
            "y":76,
            "w":1,
            "h":1,
            "index":19
        },
        {
            "x":20,
            "y":84,
            "w":34,
            "h":36,
            "index":20
        },
        {
            "x":173,
            "y":92,
            "w":33,
            "h":52,
            "index":21
        },
        {
            "x":815,
            "y":107,
            "w":1,
            "h":1,
            "index":22
        },
        {
            "x":264,
            "y":111,
            "w":11,
            "h":42,
            "index":23
        },
        {
            "x":970,
            "y":120,
            "w":14,
            "h":14,
            "index":24
        },
        {
            "x":20,
            "y":121,
            "w":53,
            "h":143,
            "index":25
        },
        {
            "x":272,
            "y":122,
            "w":697,
            "h":607,
            "index":26
        },
        {
            "x":119,
            "y":123,
            "w":17,
            "h":46,
            "index":27
        },
        {
            "x":379,
            "y":159,
            "w":1,
            "h":1,
            "index":28
        },
        {
            "x":379,
            "y":172,
            "w":1,
            "h":1,
            "index":29
        },
        {
            "x":371,
            "y":188,
            "w":291,
            "h":214,
            "index":30
        },
        {
            "x":475,
            "y":190,
            "w":117,
            "h":87,
            "index":31
        },
        {
            "x":825,
            "y":211,
            "w":110,
            "h":129,
            "index":32
        },
        {
            "x":670,
            "y":221,
            "w":133,
            "h":180,
            "index":33
        },
        {
            "x":98,
            "y":240,
            "w":264,
            "h":206,
            "index":34
        },
        {
            "x":284,
            "y":302,
            "w":49,
            "h":73,
            "index":35
        },
        {
            "x":149,
            "y":307,
            "w":69,
            "h":77,
            "index":36
        },
        {
            "x":721,
            "y":325,
            "w":295,
            "h":229,
            "index":37
        },
        {
            "x":394,
            "y":327,
            "w":208,
            "h":142,
            "index":38
        },
        {
            "x":304,
            "y":334,
            "w":10,
            "h":15,
            "index":39
        },
        {
            "x":198,
            "y":343,
            "w":10,
            "h":13,
            "index":40
        },
        {
            "x":327,
            "y":365,
            "w":127,
            "h":82,
            "index":41
        },
        {
            "x":211,
            "y":366,
            "w":1,
            "h":2,
            "index":42
        },
        {
            "x":246,
            "y":367,
            "w":20,
            "h":13,
            "index":43
        },
        {
            "x":649,
            "y":391,
            "w":74,
            "h":61,
            "index":44
        },
        {
            "x":158,
            "y":400,
            "w":24,
            "h":18,
            "index":45
        },
        {
            "x":298,
            "y":400,
            "w":17,
            "h":11,
            "index":46
        },
        {
            "x":262,
            "y":409,
            "w":26,
            "h":15,
            "index":47
        },
        {
            "x":191,
            "y":410,
            "w":25,
            "h":17,
            "index":48
        },
        {
            "x":223,
            "y":413,
            "w":29,
            "h":16,
            "index":49
        },
        {
            "x":372,
            "y":426,
            "w":23,
            "h":32,
            "index":50
        },
        {
            "x":240,
            "y":439,
            "w":135,
            "h":139,
            "index":51
        },
        {
            "x":173,
            "y":443,
            "w":150,
            "h":46,
            "index":52
        },
        {
            "x":66,
            "y":446,
            "w":206,
            "h":210,
            "index":53
        },
        {
            "x":377,
            "y":455,
            "w":1,
            "h":1,
            "index":54
        },
        {
            "x":970,
            "y":473,
            "w":44,
            "h":101,
            "index":55
        },
        {
            "x":317,
            "y":483,
            "w":26,
            "h":46,
            "index":56
        },
        {
            "x":286,
            "y":493,
            "w":38,
            "h":57,
            "index":57
        },
        {
            "x":22,
            "y":503,
            "w":49,
            "h":85,
            "index":58
        },
        {
            "x":696,
            "y":508,
            "w":86,
            "h":124,
            "index":59
        },
        {
            "x":67,
            "y":514,
            "w":957,
            "h":510,
            "index":60
        },
        {
            "x":440,
            "y":522,
            "w":78,
            "h":85,
            "index":61
        },
        {
            "x":947,
            "y":523,
            "w":33,
            "h":97,
            "index":62
        },
        {
            "x":458,
            "y":541,
            "w":39,
            "h":48,
            "index":63
        },
        {
            "x":777,
            "y":544,
            "w":1,
            "h":1,
            "index":64
        },
        {
            "x":778,
            "y":545,
            "w":44,
            "h":18,
            "index":65
        },
        {
            "x":279,
            "y":549,
            "w":117,
            "h":46,
            "index":66
        },
        {
            "x":736,
            "y":549,
            "w":226,
            "h":198,
            "index":67
        },
        {
            "x":934,
            "y":549,
            "w":19,
            "h":28,
            "index":68
        },
        {
            "x":266,
            "y":571,
            "w":134,
            "h":53,
            "index":69
        },
        {
            "x":42,
            "y":573,
            "w":210,
            "h":195,
            "index":70
        },
        {
            "x":615,
            "y":580,
            "w":57,
            "h":64,
            "index":71
        },
        {
            "x":199,
            "y":584,
            "w":83,
            "h":114,
            "index":72
        },
        {
            "x":542,
            "y":586,
            "w":126,
            "h":180,
            "index":73
        },
        {
            "x":273,
            "y":599,
            "w":122,
            "h":45,
            "index":74
        },
        {
            "x":957,
            "y":624,
            "w":40,
            "h":67,
            "index":75
        },
        {
            "x":579,
            "y":635,
            "w":62,
            "h":92,
            "index":76
        },
        {
            "x":439,
            "y":640,
            "w":32,
            "h":31,
            "index":77
        },
        {
            "x":670,
            "y":650,
            "w":91,
            "h":44,
            "index":78
        },
        {
            "x":87,
            "y":651,
            "w":91,
            "h":64,
            "index":79
        },
        {
            "x":671,
            "y":651,
            "w":1,
            "h":1,
            "index":80
        },
        {
            "x":543,
            "y":662,
            "w":1,
            "h":1,
            "index":81
        },
        {
            "x":600,
            "y":667,
            "w":20,
            "h":29,
            "index":82
        },
        {
            "x":514,
            "y":696,
            "w":61,
            "h":71,
            "index":83
        },
        {
            "x":226,
            "y":726,
            "w":30,
            "h":37,
            "index":84
        },
        {
            "x":134,
            "y":731,
            "w":95,
            "h":45,
            "index":85
        },
        {
            "x":510,
            "y":732,
            "w":1,
            "h":1,
            "index":86
        },
        {
            "x":328,
            "y":746,
            "w":199,
            "h":73,
            "index":87
        },
        {
            "x":127,
            "y":758,
            "w":97,
            "h":42,
            "index":88
        },
        {
            "x":96,
            "y":759,
            "w":39,
            "h":127,
            "index":89
        },
        {
            "x":227,
            "y":766,
            "w":101,
            "h":199,
            "index":90
        },
        {
            "x":622,
            "y":767,
            "w":207,
            "h":93,
            "index":91
        },
        {
            "x":889,
            "y":776,
            "w":97,
            "h":51,
            "index":92
        },
        {
            "x":208,
            "y":777,
            "w":98,
            "h":185,
            "index":93
        },
        {
            "x":871,
            "y":780,
            "w":12,
            "h":19,
            "index":94
        },
        {
            "x":184,
            "y":784,
            "w":94,
            "h":187,
            "index":95
        },
        {
            "x":153,
            "y":792,
            "w":96,
            "h":194,
            "index":96
        },
        {
            "x":120,
            "y":801,
            "w":75,
            "h":204,
            "index":97
        },
        {
            "x":143,
            "y":801,
            "w":78,
            "h":182,
            "index":98
        },
        {
            "x":89,
            "y":805,
            "w":2,
            "h":1,
            "index":99
        },
        {
            "x":876,
            "y":809,
            "w":29,
            "h":39,
            "index":100
        },
        {
            "x":56,
            "y":810,
            "w":35,
            "h":127,
            "index":101
        },
        {
            "x":120,
            "y":821,
            "w":58,
            "h":164,
            "index":102
        },
        {
            "x":502,
            "y":829,
            "w":257,
            "h":103,
            "index":103
        },
        {
            "x":920,
            "y":830,
            "w":13,
            "h":27,
            "index":104
        },
        {
            "x":951,
            "y":832,
            "w":9,
            "h":25,
            "index":105
        },
        {
            "x":936,
            "y":833,
            "w":10,
            "h":27,
            "index":106
        },
        {
            "x":72,
            "y":838,
            "w":18,
            "h":81,
            "index":107
        },
        {
            "x":120,
            "y":849,
            "w":35,
            "h":108,
            "index":108
        },
        {
            "x":383,
            "y":861,
            "w":63,
            "h":22,
            "index":109
        },
        {
            "x":538,
            "y":861,
            "w":185,
            "h":47,
            "index":110
        },
        {
            "x":881,
            "y":862,
            "w":101,
            "h":162,
            "index":111
        },
        {
            "x":52,
            "y":882,
            "w":1,
            "h":1,
            "index":112
        },
        {
            "x":96,
            "y":886,
            "w":32,
            "h":43,
            "index":113
        },
        {
            "x":38,
            "y":904,
            "w":71,
            "h":120,
            "index":114
        },
        {
            "x":502,
            "y":909,
            "w":219,
            "h":109,
            "index":115
        },
        {
            "x":607,
            "y":913,
            "w":138,
            "h":111,
            "index":116
        },
        {
            "x":518,
            "y":916,
            "w":180,
            "h":83,
            "index":117
        },
        {
            "x":899,
            "y":932,
            "w":72,
            "h":16,
            "index":118
        },
        {
            "x":100,
            "y":934,
            "w":56,
            "h":90,
            "index":119
        },
        {
            "x":784,
            "y":943,
            "w":50,
            "h":13,
            "index":120
        },
        {
            "x":215,
            "y":945,
            "w":133,
            "h":79,
            "index":121
        },
        {
            "x":90,
            "y":946,
            "w":4,
            "h":8,
            "index":122
        },
        {
            "x":82,
            "y":955,
            "w":12,
            "h":24,
            "index":123
        },
        {
            "x":801,
            "y":962,
            "w":18,
            "h":23,
            "index":124
        },
        {
            "x":148,
            "y":965,
            "w":166,
            "h":59,
            "index":125
        },
        {
            "x":62,
            "y":971,
            "w":43,
            "h":53,
            "index":126
        },
        {
            "x":787,
            "y":984,
            "w":48,
            "h":30,
            "index":127
        },
        {
            "x":451,
            "y":994,
            "w":20,
            "h":23,
            "index":128
        },
        {
            "x":417,
            "y":1003,
            "w":42,
            "h":21,
            "index":129
        },
        {
            "x":528,
            "y":1006,
            "w":52,
            "h":18,
            "index":130
        },
        {
            "x":777,
            "y":1017,
            "w":67,
            "h":7,
            "index":131
        }
    ]
}