{
    "image":"game.png",
    "width":1024,
    "height":1024,
    "selectTab":{
        "id":"01"
    },
    "selectColor":{
        "id":"FCCFCA",
        "color":"#FCCFCA"
    },
    "list":[
        {
            "x":0,
            "y":0,
            "w":1024,
            "h":614,
            "index":0
        },
        {
            "x":774,
            "y":50,
            "w":116,
            "h":81,
            "index":1
        },
        {
            "x":702,
            "y":56,
            "w":86,
            "h":109,
            "index":2
        },
        {
            "x":96,
            "y":81,
            "w":237,
            "h":129,
            "index":3
        },
        {
            "x":802,
            "y":95,
            "w":95,
            "h":196,
            "index":4
        },
        {
            "x":705,
            "y":145,
            "w":137,
            "h":144,
            "index":5
        },
        {
            "x":450,
            "y":163,
            "w":129,
            "h":76,
            "index":6
        },
        {
            "x":348,
            "y":305,
            "w":77,
            "h":96,
            "index":7
        },
        {
            "x":432,
            "y":308,
            "w":78,
            "h":51,
            "index":8
        },
        {
            "x":887,
            "y":318,
            "w":30,
            "h":27,
            "index":9
        },
        {
            "x":168,
            "y":332,
            "w":364,
            "h":276,
            "index":10
        },
        {
            "x":843,
            "y":350,
            "w":29,
            "h":22,
            "index":11
        },
        {
            "x":394,
            "y":355,
            "w":16,
            "h":22,
            "index":12
        },
        {
            "x":411,
            "y":358,
            "w":53,
            "h":54,
            "index":13
        },
        {
            "x":457,
            "y":362,
            "w":66,
            "h":78,
            "index":14
        },
        {
            "x":943,
            "y":385,
            "w":28,
            "h":24,
            "index":15
        },
        {
            "x":472,
            "y":392,
            "w":11,
            "h":15,
            "index":16
        },
        {
            "x":901,
            "y":420,
            "w":26,
            "h":24,
            "index":17
        },
        {
            "x":513,
            "y":514,
            "w":511,
            "h":148,
            "index":18
        },
        {
            "x":350,
            "y":526,
            "w":22,
            "h":15,
            "index":19
        },
        {
            "x":0,
            "y":537,
            "w":219,
            "h":154,
            "index":20
        },
        {
            "x":182,
            "y":580,
            "w":79,
            "h":43,
            "index":21
        },
        {
            "x":429,
            "y":605,
            "w":26,
            "h":8,
            "index":22
        },
        {
            "x":450,
            "y":610,
            "w":41,
            "h":63,
            "index":23
        },
        {
            "x":222,
            "y":615,
            "w":215,
            "h":147,
            "index":24
        },
        {
            "x":347,
            "y":617,
            "w":45,
            "h":21,
            "index":25
        },
        {
            "x":248,
            "y":618,
            "w":65,
            "h":61,
            "index":26
        },
        {
            "x":0,
            "y":625,
            "w":1024,
            "h":399,
            "index":27
        },
        {
            "x":429,
            "y":626,
            "w":20,
            "h":51,
            "index":28
        },
        {
            "x":480,
            "y":630,
            "w":24,
            "h":40,
            "index":29
        },
        {
            "x":203,
            "y":636,
            "w":64,
            "h":66,
            "index":30
        },
        {
            "x":171,
            "y":712,
            "w":62,
            "h":101,
            "index":31
        },
        {
            "x":235,
            "y":743,
            "w":54,
            "h":42,
            "index":32
        },
        {
            "x":337,
            "y":761,
            "w":79,
            "h":46,
            "index":33
        },
        {
            "x":357,
            "y":769,
            "w":110,
            "h":83,
            "index":34
        }
    ]
}