{
    "image":"game.png",
    "width":1024,
    "height":1024,
    "selectTab":{
        "id":"01"
    },
    "selectColor":{
        "id":"FCCFCA",
        "color":"#FCCFCA"
    },
    "list":[
        {
            "x":0,
            "y":0,
            "w":1024,
            "h":811,
            "index":0
        },
        {
            "x":628,
            "y":44,
            "w":39,
            "h":22,
            "index":1
        },
        {
            "x":166,
            "y":52,
            "w":502,
            "h":644,
            "index":2
        },
        {
            "x":853,
            "y":54,
            "w":110,
            "h":176,
            "index":3
        },
        {
            "x":967,
            "y":54,
            "w":20,
            "h":176,
            "index":4
        },
        {
            "x":58,
            "y":62,
            "w":37,
            "h":54,
            "index":5
        },
        {
            "x":755,
            "y":71,
            "w":52,
            "h":21,
            "index":6
        },
        {
            "x":620,
            "y":73,
            "w":57,
            "h":16,
            "index":7
        },
        {
            "x":603,
            "y":95,
            "w":90,
            "h":58,
            "index":8
        },
        {
            "x":745,
            "y":100,
            "w":72,
            "h":12,
            "index":9
        },
        {
            "x":286,
            "y":115,
            "w":68,
            "h":133,
            "index":10
        },
        {
            "x":480,
            "y":116,
            "w":56,
            "h":121,
            "index":11
        },
        {
            "x":719,
            "y":118,
            "w":141,
            "h":113,
            "index":12
        },
        {
            "x":737,
            "y":132,
            "w":13,
            "h":13,
            "index":13
        },
        {
            "x":43,
            "y":135,
            "w":66,
            "h":40,
            "index":14
        },
        {
            "x":608,
            "y":135,
            "w":85,
            "h":97,
            "index":15
        },
        {
            "x":863,
            "y":144,
            "w":81,
            "h":63,
            "index":16
        },
        {
            "x":735,
            "y":159,
            "w":108,
            "h":60,
            "index":17
        },
        {
            "x":604,
            "y":160,
            "w":55,
            "h":45,
            "index":18
        },
        {
            "x":48,
            "y":169,
            "w":56,
            "h":70,
            "index":19
        },
        {
            "x":490,
            "y":193,
            "w":21,
            "h":40,
            "index":20
        },
        {
            "x":315,
            "y":195,
            "w":26,
            "h":47,
            "index":21
        },
        {
            "x":841,
            "y":227,
            "w":5,
            "h":4,
            "index":22
        },
        {
            "x":584,
            "y":238,
            "w":426,
            "h":36,
            "index":23
        },
        {
            "x":26,
            "y":246,
            "w":102,
            "h":15,
            "index":24
        },
        {
            "x":647,
            "y":262,
            "w":113,
            "h":105,
            "index":25
        },
        {
            "x":60,
            "y":268,
            "w":33,
            "h":41,
            "index":26
        },
        {
            "x":601,
            "y":280,
            "w":85,
            "h":197,
            "index":27
        },
        {
            "x":816,
            "y":298,
            "w":78,
            "h":70,
            "index":28
        },
        {
            "x":0,
            "y":317,
            "w":184,
            "h":51,
            "index":29
        },
        {
            "x":241,
            "y":317,
            "w":370,
            "h":247,
            "index":30
        },
        {
            "x":669,
            "y":358,
            "w":38,
            "h":127,
            "index":31
        },
        {
            "x":0,
            "y":363,
            "w":78,
            "h":312,
            "index":32
        },
        {
            "x":82,
            "y":364,
            "w":167,
            "h":307,
            "index":33
        },
        {
            "x":481,
            "y":384,
            "w":69,
            "h":92,
            "index":34
        },
        {
            "x":318,
            "y":389,
            "w":73,
            "h":96,
            "index":35
        },
        {
            "x":744,
            "y":405,
            "w":102,
            "h":51,
            "index":36
        },
        {
            "x":855,
            "y":405,
            "w":115,
            "h":50,
            "index":37
        },
        {
            "x":728,
            "y":425,
            "w":102,
            "h":25,
            "index":38
        },
        {
            "x":868,
            "y":433,
            "w":115,
            "h":21,
            "index":39
        },
        {
            "x":684,
            "y":439,
            "w":141,
            "h":179,
            "index":40
        },
        {
            "x":429,
            "y":454,
            "w":28,
            "h":23,
            "index":41
        },
        {
            "x":834,
            "y":454,
            "w":155,
            "h":169,
            "index":42
        },
        {
            "x":824,
            "y":462,
            "w":44,
            "h":35,
            "index":43
        },
        {
            "x":553,
            "y":478,
            "w":18,
            "h":21,
            "index":44
        },
        {
            "x":659,
            "y":491,
            "w":46,
            "h":71,
            "index":45
        },
        {
            "x":106,
            "y":492,
            "w":23,
            "h":27,
            "index":46
        },
        {
            "x":34,
            "y":493,
            "w":23,
            "h":30,
            "index":47
        },
        {
            "x":803,
            "y":497,
            "w":55,
            "h":84,
            "index":48
        },
        {
            "x":516,
            "y":498,
            "w":28,
            "h":24,
            "index":49
        },
        {
            "x":331,
            "y":509,
            "w":21,
            "h":17,
            "index":50
        },
        {
            "x":468,
            "y":514,
            "w":37,
            "h":23,
            "index":51
        },
        {
            "x":367,
            "y":519,
            "w":35,
            "h":23,
            "index":52
        },
        {
            "x":415,
            "y":523,
            "w":37,
            "h":20,
            "index":53
        },
        {
            "x":645,
            "y":540,
            "w":20,
            "h":52,
            "index":54
        },
        {
            "x":124,
            "y":541,
            "w":91,
            "h":167,
            "index":55
        },
        {
            "x":353,
            "y":580,
            "w":21,
            "h":26,
            "index":56
        },
        {
            "x":790,
            "y":581,
            "w":46,
            "h":50,
            "index":57
        },
        {
            "x":387,
            "y":664,
            "w":34,
            "h":76,
            "index":58
        },
        {
            "x":218,
            "y":666,
            "w":30,
            "h":28,
            "index":59
        },
        {
            "x":0,
            "y":671,
            "w":184,
            "h":64,
            "index":60
        },
        {
            "x":197,
            "y":671,
            "w":408,
            "h":299,
            "index":61
        },
        {
            "x":354,
            "y":680,
            "w":30,
            "h":15,
            "index":62
        },
        {
            "x":674,
            "y":680,
            "w":180,
            "h":178,
            "index":63
        },
        {
            "x":231,
            "y":702,
            "w":333,
            "h":71,
            "index":64
        },
        {
            "x":0,
            "y":716,
            "w":1024,
            "h":308,
            "index":65
        },
        {
            "x":61,
            "y":767,
            "w":54,
            "h":7,
            "index":66
        },
        {
            "x":157,
            "y":768,
            "w":57,
            "h":75,
            "index":67
        },
        {
            "x":586,
            "y":768,
            "w":58,
            "h":74,
            "index":68
        },
        {
            "x":63,
            "y":780,
            "w":52,
            "h":17,
            "index":69
        },
        {
            "x":47,
            "y":794,
            "w":85,
            "h":22,
            "index":70
        },
        {
            "x":186,
            "y":796,
            "w":17,
            "h":21,
            "index":71
        },
        {
            "x":598,
            "y":796,
            "w":17,
            "h":20,
            "index":72
        },
        {
            "x":19,
            "y":820,
            "w":140,
            "h":143,
            "index":73
        },
        {
            "x":298,
            "y":821,
            "w":49,
            "h":89,
            "index":74
        },
        {
            "x":457,
            "y":821,
            "w":49,
            "h":89,
            "index":75
        },
        {
            "x":359,
            "y":824,
            "w":87,
            "h":87,
            "index":76
        },
        {
            "x":711,
            "y":852,
            "w":106,
            "h":23,
            "index":77
        },
        {
            "x":41,
            "y":857,
            "w":100,
            "h":33,
            "index":78
        },
        {
            "x":703,
            "y":866,
            "w":120,
            "h":31,
            "index":79
        },
        {
            "x":867,
            "y":877,
            "w":78,
            "h":83,
            "index":80
        },
        {
            "x":34,
            "y":881,
            "w":112,
            "h":68,
            "index":81
        },
        {
            "x":883,
            "y":894,
            "w":15,
            "h":15,
            "index":82
        },
        {
            "x":912,
            "y":915,
            "w":17,
            "h":17,
            "index":83
        },
        {
            "x":841,
            "y":923,
            "w":29,
            "h":36,
            "index":84
        },
        {
            "x":802,
            "y":934,
            "w":33,
            "h":27,
            "index":85
        }
    ]
}