{
    "image":"game.png",
    "width":1024,
    "height":1024,
    "selectTab":{
        "id":"01"
    },
    "selectColor":{
        "id":"FCCFCA",
        "color":"#FCCFCA"
    },
    "list":[
        {
            "x":0,
            "y":0,
            "w":1024,
            "h":1024,
            "index":0
        },
        {
            "x":264,
            "y":182,
            "w":476,
            "h":173,
            "index":1
        },
        {
            "x":270,
            "y":293,
            "w":469,
            "h":79,
            "index":2
        },
        {
            "x":263,
            "y":296,
            "w":488,
            "h":97,
            "index":3
        },
        {
            "x":277,
            "y":342,
            "w":464,
            "h":90,
            "index":4
        },
        {
            "x":676,
            "y":371,
            "w":26,
            "h":25,
            "index":5
        },
        {
            "x":270,
            "y":373,
            "w":482,
            "h":92,
            "index":6
        },
        {
            "x":424,
            "y":402,
            "w":24,
            "h":26,
            "index":7
        },
        {
            "x":283,
            "y":412,
            "w":460,
            "h":60,
            "index":8
        },
        {
            "x":282,
            "y":417,
            "w":465,
            "h":122,
            "index":9
        },
        {
            "x":260,
            "y":516,
            "w":502,
            "h":146,
            "index":10
        },
        {
            "x":552,
            "y":534,
            "w":44,
            "h":19,
            "index":11
        },
        {
            "x":642,
            "y":536,
            "w":52,
            "h":49,
            "index":12
        },
        {
            "x":409,
            "y":539,
            "w":17,
            "h":5,
            "index":13
        },
        {
            "x":471,
            "y":556,
            "w":28,
            "h":24,
            "index":14
        },
        {
            "x":573,
            "y":561,
            "w":54,
            "h":47,
            "index":15
        },
        {
            "x":367,
            "y":567,
            "w":45,
            "h":44,
            "index":16
        },
        {
            "x":264,
            "y":622,
            "w":495,
            "h":55,
            "index":17
        },
        {
            "x":254,
            "y":628,
            "w":516,
            "h":74,
            "index":18
        },
        {
            "x":265,
            "y":668,
            "w":491,
            "h":79,
            "index":19
        },
        {
            "x":256,
            "y":697,
            "w":509,
            "h":91,
            "index":20
        },
        {
            "x":348,
            "y":701,
            "w":25,
            "h":25,
            "index":21
        },
        {
            "x":650,
            "y":704,
            "w":25,
            "h":26,
            "index":22
        },
        {
            "x":265,
            "y":743,
            "w":491,
            "h":114,
            "index":23
        },
        {
            "x":749,
            "y":812,
            "w":47,
            "h":26,
            "index":24
        },
        {
            "x":264,
            "y":830,
            "w":48,
            "h":38,
            "index":25
        },
        {
            "x":674,
            "y":847,
            "w":58,
            "h":32,
            "index":26
        }
    ]
}