{
    "image":"game.png",
    "width":1024,
    "height":1024,
    "selectTab":{
        "id":"01"
    },
    "selectColor":{
        "id":"FCCFCA",
        "color":"#FCCFCA"
    },
    "list":[
        {
            "x":0,
            "y":0,
            "w":1024,
            "h":1024,
            "index":0
        },
        {
            "x":383,
            "y":76,
            "w":120,
            "h":206,
            "index":1
        },
        {
            "x":538,
            "y":76,
            "w":120,
            "h":205,
            "index":2
        },
        {
            "x":564,
            "y":117,
            "w":73,
            "h":158,
            "index":3
        },
        {
            "x":404,
            "y":118,
            "w":73,
            "h":158,
            "index":4
        },
        {
            "x":577,
            "y":180,
            "w":36,
            "h":83,
            "index":5
        },
        {
            "x":428,
            "y":181,
            "w":36,
            "h":84,
            "index":6
        },
        {
            "x":278,
            "y":250,
            "w":490,
            "h":396,
            "index":7
        },
        {
            "x":340,
            "y":343,
            "w":369,
            "h":276,
            "index":8
        },
        {
            "x":561,
            "y":427,
            "w":86,
            "h":115,
            "index":9
        },
        {
            "x":403,
            "y":430,
            "w":85,
            "h":114,
            "index":10
        },
        {
            "x":593,
            "y":458,
            "w":12,
            "h":20,
            "index":11
        },
        {
            "x":445,
            "y":460,
            "w":12,
            "h":20,
            "index":12
        },
        {
            "x":507,
            "y":502,
            "w":37,
            "h":25,
            "index":13
        },
        {
            "x":666,
            "y":512,
            "w":18,
            "h":25,
            "index":14
        },
        {
            "x":367,
            "y":519,
            "w":19,
            "h":24,
            "index":15
        },
        {
            "x":632,
            "y":542,
            "w":26,
            "h":27,
            "index":16
        },
        {
            "x":394,
            "y":547,
            "w":27,
            "h":26,
            "index":17
        },
        {
            "x":583,
            "y":566,
            "w":41,
            "h":30,
            "index":18
        },
        {
            "x":411,
            "y":569,
            "w":33,
            "h":41,
            "index":19
        },
        {
            "x":431,
            "y":571,
            "w":41,
            "h":26,
            "index":20
        },
        {
            "x":358,
            "y":576,
            "w":69,
            "h":79,
            "index":21
        },
        {
            "x":533,
            "y":585,
            "w":40,
            "h":23,
            "index":22
        },
        {
            "x":482,
            "y":586,
            "w":41,
            "h":23,
            "index":23
        },
        {
            "x":469,
            "y":587,
            "w":17,
            "h":12,
            "index":24
        },
        {
            "x":423,
            "y":595,
            "w":78,
            "h":73,
            "index":25
        },
        {
            "x":359,
            "y":626,
            "w":332,
            "h":292,
            "index":26
        },
        {
            "x":302,
            "y":630,
            "w":79,
            "h":69,
            "index":27
        },
        {
            "x":375,
            "y":648,
            "w":69,
            "h":69,
            "index":28
        },
        {
            "x":439,
            "y":664,
            "w":77,
            "h":68,
            "index":29
        },
        {
            "x":320,
            "y":696,
            "w":78,
            "h":75,
            "index":30
        },
        {
            "x":394,
            "y":710,
            "w":68,
            "h":76,
            "index":31
        },
        {
            "x":477,
            "y":723,
            "w":56,
            "h":58,
            "index":32
        },
        {
            "x":456,
            "y":727,
            "w":30,
            "h":62,
            "index":33
        },
        {
            "x":378,
            "y":748,
            "w":22,
            "h":34,
            "index":34
        },
        {
            "x":453,
            "y":771,
            "w":27,
            "h":81,
            "index":35
        },
        {
            "x":474,
            "y":776,
            "w":50,
            "h":41,
            "index":36
        },
        {
            "x":446,
            "y":782,
            "w":6,
            "h":6,
            "index":37
        },
        {
            "x":394,
            "y":785,
            "w":65,
            "h":33,
            "index":38
        },
        {
            "x":328,
            "y":830,
            "w":101,
            "h":90,
            "index":39
        },
        {
            "x":350,
            "y":850,
            "w":17,
            "h":11,
            "index":40
        },
        {
            "x":335,
            "y":861,
            "w":13,
            "h":11,
            "index":41
        },
        {
            "x":359,
            "y":870,
            "w":46,
            "h":40,
            "index":42
        },
        {
            "x":533,
            "y":905,
            "w":108,
            "h":35,
            "index":43
        }
    ]
}