{
    "image":"game.png",
    "width":1024,
    "height":1024,
    "selectTab":{
        "id":"01"
    },
    "selectColor":{
        "id":"FCCFCA",
        "color":"#FCCFCA"
    },
    "list":[
        {
            "x":1,
            "y":0,
            "w":972,
            "h":818,
            "index":0
        },
        {
            "x":96,
            "y":0,
            "w":3,
            "h":7,
            "index":1
        },
        {
            "x":860,
            "y":0,
            "w":163,
            "h":122,
            "index":2
        },
        {
            "x":1021,
            "y":0,
            "w":2,
            "h":10,
            "index":3
        },
        {
            "x":1,
            "y":20,
            "w":269,
            "h":402,
            "index":4
        },
        {
            "x":766,
            "y":22,
            "w":257,
            "h":171,
            "index":5
        },
        {
            "x":561,
            "y":23,
            "w":118,
            "h":187,
            "index":6
        },
        {
            "x":895,
            "y":41,
            "w":9,
            "h":11,
            "index":7
        },
        {
            "x":317,
            "y":47,
            "w":30,
            "h":33,
            "index":8
        },
        {
            "x":912,
            "y":53,
            "w":54,
            "h":33,
            "index":9
        },
        {
            "x":443,
            "y":59,
            "w":77,
            "h":134,
            "index":10
        },
        {
            "x":940,
            "y":75,
            "w":55,
            "h":43,
            "index":11
        },
        {
            "x":913,
            "y":94,
            "w":12,
            "h":45,
            "index":12
        },
        {
            "x":724,
            "y":116,
            "w":32,
            "h":37,
            "index":13
        },
        {
            "x":937,
            "y":119,
            "w":17,
            "h":46,
            "index":14
        },
        {
            "x":933,
            "y":126,
            "w":90,
            "h":131,
            "index":15
        },
        {
            "x":598,
            "y":141,
            "w":33,
            "h":48,
            "index":16
        },
        {
            "x":975,
            "y":183,
            "w":48,
            "h":56,
            "index":17
        },
        {
            "x":246,
            "y":185,
            "w":108,
            "h":123,
            "index":18
        },
        {
            "x":856,
            "y":189,
            "w":92,
            "h":18,
            "index":19
        },
        {
            "x":1,
            "y":198,
            "w":1022,
            "h":826,
            "index":20
        },
        {
            "x":866,
            "y":204,
            "w":110,
            "h":127,
            "index":21
        },
        {
            "x":953,
            "y":213,
            "w":70,
            "h":134,
            "index":22
        },
        {
            "x":909,
            "y":218,
            "w":30,
            "h":11,
            "index":23
        },
        {
            "x":966,
            "y":220,
            "w":18,
            "h":31,
            "index":24
        },
        {
            "x":1006,
            "y":272,
            "w":17,
            "h":89,
            "index":25
        },
        {
            "x":997,
            "y":292,
            "w":22,
            "h":66,
            "index":26
        },
        {
            "x":966,
            "y":301,
            "w":39,
            "h":46,
            "index":27
        },
        {
            "x":403,
            "y":329,
            "w":67,
            "h":90,
            "index":28
        },
        {
            "x":532,
            "y":334,
            "w":74,
            "h":93,
            "index":29
        },
        {
            "x":444,
            "y":366,
            "w":9,
            "h":11,
            "index":30
        },
        {
            "x":553,
            "y":369,
            "w":9,
            "h":12,
            "index":31
        },
        {
            "x":370,
            "y":390,
            "w":16,
            "h":20,
            "index":32
        },
        {
            "x":483,
            "y":390,
            "w":29,
            "h":22,
            "index":33
        },
        {
            "x":625,
            "y":396,
            "w":26,
            "h":27,
            "index":34
        },
        {
            "x":389,
            "y":414,
            "w":23,
            "h":20,
            "index":35
        },
        {
            "x":296,
            "y":423,
            "w":155,
            "h":146,
            "index":36
        },
        {
            "x":594,
            "y":426,
            "w":28,
            "h":20,
            "index":37
        },
        {
            "x":418,
            "y":431,
            "w":26,
            "h":19,
            "index":38
        },
        {
            "x":449,
            "y":439,
            "w":19,
            "h":14,
            "index":39
        },
        {
            "x":538,
            "y":443,
            "w":34,
            "h":15,
            "index":40
        },
        {
            "x":561,
            "y":478,
            "w":164,
            "h":92,
            "index":41
        },
        {
            "x":436,
            "y":499,
            "w":113,
            "h":44,
            "index":42
        },
        {
            "x":519,
            "y":502,
            "w":73,
            "h":82,
            "index":43
        },
        {
            "x":331,
            "y":533,
            "w":262,
            "h":192,
            "index":44
        },
        {
            "x":404,
            "y":540,
            "w":17,
            "h":19,
            "index":45
        },
        {
            "x":971,
            "y":546,
            "w":52,
            "h":109,
            "index":46
        },
        {
            "x":528,
            "y":556,
            "w":17,
            "h":18,
            "index":47
        },
        {
            "x":429,
            "y":565,
            "w":79,
            "h":51,
            "index":48
        },
        {
            "x":1,
            "y":568,
            "w":36,
            "h":151,
            "index":49
        },
        {
            "x":687,
            "y":616,
            "w":170,
            "h":83,
            "index":50
        },
        {
            "x":685,
            "y":618,
            "w":137,
            "h":72,
            "index":51
        },
        {
            "x":916,
            "y":622,
            "w":107,
            "h":109,
            "index":52
        },
        {
            "x":675,
            "y":624,
            "w":79,
            "h":64,
            "index":53
        },
        {
            "x":288,
            "y":636,
            "w":65,
            "h":73,
            "index":54
        },
        {
            "x":1,
            "y":656,
            "w":32,
            "h":131,
            "index":55
        },
        {
            "x":853,
            "y":659,
            "w":40,
            "h":47,
            "index":56
        },
        {
            "x":435,
            "y":663,
            "w":63,
            "h":75,
            "index":57
        },
        {
            "x":920,
            "y":698,
            "w":103,
            "h":79,
            "index":58
        },
        {
            "x":924,
            "y":749,
            "w":99,
            "h":61,
            "index":59
        },
        {
            "x":878,
            "y":808,
            "w":103,
            "h":87,
            "index":60
        },
        {
            "x":927,
            "y":851,
            "w":16,
            "h":16,
            "index":61
        },
        {
            "x":952,
            "y":854,
            "w":71,
            "h":170,
            "index":62
        },
        {
            "x":943,
            "y":896,
            "w":10,
            "h":85,
            "index":63
        },
        {
            "x":880,
            "y":910,
            "w":124,
            "h":114,
            "index":64
        },
        {
            "x":142,
            "y":914,
            "w":98,
            "h":85,
            "index":65
        },
        {
            "x":186,
            "y":957,
            "w":17,
            "h":16,
            "index":66
        },
        {
            "x":22,
            "y":967,
            "w":91,
            "h":57,
            "index":67
        },
        {
            "x":173,
            "y":996,
            "w":14,
            "h":28,
            "index":68
        },
        {
            "x":62,
            "y":1010,
            "w":17,
            "h":14,
            "index":69
        },
        {
            "x":127,
            "y":1015,
            "w":7,
            "h":9,
            "index":70
        },
        {
            "x":908,
            "y":1019,
            "w":17,
            "h":5,
            "index":71
        },
        {
            "x":760,
            "y":1020,
            "w":23,
            "h":4,
            "index":72
        },
        {
            "x":55,
            "y":1022,
            "w":6,
            "h":2,
            "index":73
        }
    ]
}