{
    "image":"game.png",
    "width":1024,
    "height":1024,
    "selectTab":{
        "id":"01"
    },
    "selectColor":{
        "id":"FCCFCA",
        "color":"#FCCFCA"
    },
    "list":[
        {
            "x":0,
            "y":0,
            "w":1024,
            "h":1024,
            "index":0
        },
        {
            "x":398,
            "y":62,
            "w":199,
            "h":252,
            "index":1
        },
        {
            "x":751,
            "y":94,
            "w":93,
            "h":60,
            "index":2
        },
        {
            "x":591,
            "y":101,
            "w":235,
            "h":316,
            "index":3
        },
        {
            "x":215,
            "y":104,
            "w":175,
            "h":167,
            "index":4
        },
        {
            "x":273,
            "y":118,
            "w":18,
            "h":11,
            "index":5
        },
        {
            "x":239,
            "y":135,
            "w":22,
            "h":24,
            "index":6
        },
        {
            "x":468,
            "y":138,
            "w":19,
            "h":22,
            "index":7
        },
        {
            "x":504,
            "y":148,
            "w":18,
            "h":21,
            "index":8
        },
        {
            "x":314,
            "y":179,
            "w":20,
            "h":28,
            "index":9
        },
        {
            "x":653,
            "y":188,
            "w":32,
            "h":54,
            "index":10
        },
        {
            "x":266,
            "y":192,
            "w":21,
            "h":27,
            "index":11
        },
        {
            "x":129,
            "y":204,
            "w":785,
            "h":512,
            "index":12
        },
        {
            "x":362,
            "y":241,
            "w":35,
            "h":64,
            "index":13
        },
        {
            "x":146,
            "y":252,
            "w":32,
            "h":29,
            "index":14
        },
        {
            "x":332,
            "y":253,
            "w":38,
            "h":76,
            "index":15
        },
        {
            "x":311,
            "y":256,
            "w":28,
            "h":78,
            "index":16
        },
        {
            "x":292,
            "y":262,
            "w":20,
            "h":91,
            "index":17
        },
        {
            "x":227,
            "y":267,
            "w":37,
            "h":79,
            "index":18
        },
        {
            "x":261,
            "y":270,
            "w":23,
            "h":84,
            "index":19
        },
        {
            "x":678,
            "y":271,
            "w":19,
            "h":19,
            "index":20
        },
        {
            "x":174,
            "y":306,
            "w":15,
            "h":16,
            "index":21
        },
        {
            "x":658,
            "y":314,
            "w":12,
            "h":13,
            "index":22
        },
        {
            "x":719,
            "y":382,
            "w":47,
            "h":59,
            "index":23
        },
        {
            "x":296,
            "y":408,
            "w":33,
            "h":32,
            "index":24
        },
        {
            "x":119,
            "y":487,
            "w":108,
            "h":127,
            "index":25
        },
        {
            "x":705,
            "y":505,
            "w":26,
            "h":14,
            "index":26
        },
        {
            "x":596,
            "y":534,
            "w":74,
            "h":30,
            "index":27
        },
        {
            "x":326,
            "y":556,
            "w":67,
            "h":149,
            "index":28
        },
        {
            "x":746,
            "y":565,
            "w":45,
            "h":25,
            "index":29
        },
        {
            "x":664,
            "y":569,
            "w":160,
            "h":129,
            "index":30
        },
        {
            "x":476,
            "y":573,
            "w":43,
            "h":57,
            "index":31
        },
        {
            "x":724,
            "y":576,
            "w":20,
            "h":20,
            "index":32
        },
        {
            "x":734,
            "y":586,
            "w":53,
            "h":22,
            "index":33
        },
        {
            "x":179,
            "y":593,
            "w":120,
            "h":109,
            "index":34
        },
        {
            "x":740,
            "y":593,
            "w":32,
            "h":29,
            "index":35
        },
        {
            "x":757,
            "y":594,
            "w":14,
            "h":10,
            "index":36
        },
        {
            "x":729,
            "y":596,
            "w":12,
            "h":6,
            "index":37
        },
        {
            "x":726,
            "y":601,
            "w":26,
            "h":7,
            "index":38
        },
        {
            "x":773,
            "y":601,
            "w":57,
            "h":70,
            "index":39
        },
        {
            "x":721,
            "y":609,
            "w":13,
            "h":6,
            "index":40
        },
        {
            "x":734,
            "y":609,
            "w":24,
            "h":15,
            "index":41
        },
        {
            "x":408,
            "y":611,
            "w":18,
            "h":19,
            "index":42
        },
        {
            "x":718,
            "y":614,
            "w":39,
            "h":27,
            "index":43
        },
        {
            "x":715,
            "y":622,
            "w":17,
            "h":5,
            "index":44
        },
        {
            "x":718,
            "y":628,
            "w":24,
            "h":12,
            "index":45
        },
        {
            "x":704,
            "y":630,
            "w":39,
            "h":22,
            "index":46
        },
        {
            "x":701,
            "y":631,
            "w":137,
            "h":82,
            "index":47
        },
        {
            "x":435,
            "y":645,
            "w":11,
            "h":13,
            "index":48
        },
        {
            "x":366,
            "y":661,
            "w":28,
            "h":45,
            "index":49
        },
        {
            "x":305,
            "y":667,
            "w":51,
            "h":31,
            "index":50
        },
        {
            "x":169,
            "y":667,
            "w":235,
            "h":164,
            "index":51
        },
        {
            "x":662,
            "y":677,
            "w":60,
            "h":36,
            "index":52
        },
        {
            "x":555,
            "y":679,
            "w":56,
            "h":36,
            "index":53
        },
        {
            "x":620,
            "y":684,
            "w":20,
            "h":46,
            "index":54
        },
        {
            "x":291,
            "y":688,
            "w":56,
            "h":25,
            "index":55
        },
        {
            "x":324,
            "y":690,
            "w":92,
            "h":104,
            "index":56
        },
        {
            "x":421,
            "y":692,
            "w":229,
            "h":184,
            "index":57
        },
        {
            "x":302,
            "y":697,
            "w":28,
            "h":26,
            "index":58
        },
        {
            "x":282,
            "y":699,
            "w":20,
            "h":10,
            "index":59
        },
        {
            "x":544,
            "y":700,
            "w":19,
            "h":14,
            "index":60
        },
        {
            "x":786,
            "y":703,
            "w":49,
            "h":25,
            "index":61
        },
        {
            "x":291,
            "y":705,
            "w":25,
            "h":19,
            "index":62
        },
        {
            "x":263,
            "y":711,
            "w":48,
            "h":29,
            "index":63
        },
        {
            "x":533,
            "y":714,
            "w":68,
            "h":18,
            "index":64
        },
        {
            "x":858,
            "y":717,
            "w":24,
            "h":28,
            "index":65
        },
        {
            "x":269,
            "y":723,
            "w":30,
            "h":18,
            "index":66
        },
        {
            "x":539,
            "y":725,
            "w":33,
            "h":19,
            "index":67
        },
        {
            "x":565,
            "y":725,
            "w":22,
            "h":23,
            "index":68
        },
        {
            "x":775,
            "y":726,
            "w":84,
            "h":89,
            "index":69
        },
        {
            "x":784,
            "y":727,
            "w":30,
            "h":42,
            "index":70
        },
        {
            "x":820,
            "y":727,
            "w":20,
            "h":37,
            "index":71
        },
        {
            "x":255,
            "y":729,
            "w":32,
            "h":17,
            "index":72
        },
        {
            "x":530,
            "y":732,
            "w":9,
            "h":8,
            "index":73
        },
        {
            "x":859,
            "y":734,
            "w":26,
            "h":33,
            "index":74
        },
        {
            "x":584,
            "y":735,
            "w":77,
            "h":90,
            "index":75
        },
        {
            "x":737,
            "y":737,
            "w":55,
            "h":78,
            "index":76
        },
        {
            "x":242,
            "y":739,
            "w":46,
            "h":22,
            "index":77
        },
        {
            "x":517,
            "y":742,
            "w":50,
            "h":14,
            "index":78
        },
        {
            "x":197,
            "y":748,
            "w":231,
            "h":100,
            "index":79
        },
        {
            "x":518,
            "y":754,
            "w":38,
            "h":25,
            "index":80
        },
        {
            "x":547,
            "y":754,
            "w":22,
            "h":20,
            "index":81
        },
        {
            "x":510,
            "y":755,
            "w":16,
            "h":14,
            "index":82
        },
        {
            "x":759,
            "y":762,
            "w":18,
            "h":16,
            "index":83
        },
        {
            "x":862,
            "y":763,
            "w":27,
            "h":22,
            "index":84
        },
        {
            "x":497,
            "y":772,
            "w":59,
            "h":24,
            "index":85
        },
        {
            "x":461,
            "y":779,
            "w":208,
            "h":115,
            "index":86
        },
        {
            "x":813,
            "y":801,
            "w":32,
            "h":20,
            "index":87
        },
        {
            "x":166,
            "y":810,
            "w":51,
            "h":32,
            "index":88
        },
        {
            "x":647,
            "y":818,
            "w":105,
            "h":104,
            "index":89
        },
        {
            "x":343,
            "y":839,
            "w":36,
            "h":93,
            "index":90
        },
        {
            "x":417,
            "y":850,
            "w":71,
            "h":40,
            "index":91
        },
        {
            "x":310,
            "y":873,
            "w":43,
            "h":58,
            "index":92
        },
        {
            "x":354,
            "y":875,
            "w":50,
            "h":59,
            "index":93
        },
        {
            "x":378,
            "y":880,
            "w":5,
            "h":14,
            "index":94
        }
    ]
}