{
    "image":"game.png",
    "width":1024,
    "height":1024,
    "selectTab":{
        "id":"01"
    },
    "selectColor":{
        "id":"FCCFCA",
        "color":"#FCCFCA"
    },
    "list":[
        {
            "x":0,
            "y":0,
            "w":1024,
            "h":1024,
            "index":0
        },
        {
            "x":622,
            "y":27,
            "w":51,
            "h":112,
            "index":1
        },
        {
            "x":248,
            "y":73,
            "w":32,
            "h":89,
            "index":2
        },
        {
            "x":671,
            "y":81,
            "w":94,
            "h":79,
            "index":3
        },
        {
            "x":661,
            "y":87,
            "w":27,
            "h":56,
            "index":4
        },
        {
            "x":188,
            "y":89,
            "w":82,
            "h":155,
            "index":5
        },
        {
            "x":417,
            "y":100,
            "w":277,
            "h":160,
            "index":6
        },
        {
            "x":253,
            "y":159,
            "w":31,
            "h":69,
            "index":7
        },
        {
            "x":336,
            "y":171,
            "w":381,
            "h":285,
            "index":8
        },
        {
            "x":634,
            "y":216,
            "w":159,
            "h":281,
            "index":9
        },
        {
            "x":636,
            "y":292,
            "w":52,
            "h":59,
            "index":10
        },
        {
            "x":366,
            "y":296,
            "w":65,
            "h":76,
            "index":11
        },
        {
            "x":514,
            "y":307,
            "w":65,
            "h":59,
            "index":12
        },
        {
            "x":655,
            "y":307,
            "w":14,
            "h":14,
            "index":13
        },
        {
            "x":546,
            "y":325,
            "w":14,
            "h":13,
            "index":14
        },
        {
            "x":572,
            "y":395,
            "w":70,
            "h":19,
            "index":15
        },
        {
            "x":332,
            "y":414,
            "w":254,
            "h":117,
            "index":16
        },
        {
            "x":329,
            "y":416,
            "w":48,
            "h":28,
            "index":17
        },
        {
            "x":582,
            "y":418,
            "w":43,
            "h":11,
            "index":18
        },
        {
            "x":776,
            "y":437,
            "w":63,
            "h":119,
            "index":19
        },
        {
            "x":619,
            "y":452,
            "w":15,
            "h":9,
            "index":20
        },
        {
            "x":569,
            "y":457,
            "w":88,
            "h":58,
            "index":21
        },
        {
            "x":562,
            "y":492,
            "w":109,
            "h":119,
            "index":22
        },
        {
            "x":766,
            "y":499,
            "w":37,
            "h":58,
            "index":23
        },
        {
            "x":709,
            "y":505,
            "w":85,
            "h":77,
            "index":24
        },
        {
            "x":284,
            "y":514,
            "w":25,
            "h":71,
            "index":25
        },
        {
            "x":194,
            "y":533,
            "w":79,
            "h":126,
            "index":26
        },
        {
            "x":270,
            "y":546,
            "w":13,
            "h":45,
            "index":27
        },
        {
            "x":419,
            "y":553,
            "w":312,
            "h":163,
            "index":28
        },
        {
            "x":243,
            "y":588,
            "w":47,
            "h":63,
            "index":29
        },
        {
            "x":339,
            "y":671,
            "w":95,
            "h":41,
            "index":30
        },
        {
            "x":436,
            "y":680,
            "w":133,
            "h":79,
            "index":31
        },
        {
            "x":400,
            "y":689,
            "w":35,
            "h":32,
            "index":32
        },
        {
            "x":374,
            "y":694,
            "w":39,
            "h":26,
            "index":33
        },
        {
            "x":564,
            "y":698,
            "w":73,
            "h":185,
            "index":34
        },
        {
            "x":421,
            "y":701,
            "w":20,
            "h":25,
            "index":35
        },
        {
            "x":333,
            "y":760,
            "w":51,
            "h":110,
            "index":36
        },
        {
            "x":267,
            "y":776,
            "w":90,
            "h":158,
            "index":37
        },
        {
            "x":370,
            "y":841,
            "w":10,
            "h":23,
            "index":38
        },
        {
            "x":744,
            "y":858,
            "w":81,
            "h":132,
            "index":39
        },
        {
            "x":727,
            "y":859,
            "w":31,
            "h":77,
            "index":40
        },
        {
            "x":316,
            "y":866,
            "w":59,
            "h":66,
            "index":41
        },
        {
            "x":570,
            "y":878,
            "w":28,
            "h":21,
            "index":42
        },
        {
            "x":548,
            "y":895,
            "w":44,
            "h":101,
            "index":43
        },
        {
            "x":567,
            "y":895,
            "w":26,
            "h":28,
            "index":44
        },
        {
            "x":571,
            "y":902,
            "w":26,
            "h":32,
            "index":45
        },
        {
            "x":575,
            "y":921,
            "w":22,
            "h":43,
            "index":46
        },
        {
            "x":732,
            "y":925,
            "w":3,
            "h":7,
            "index":47
        },
        {
            "x":732,
            "y":935,
            "w":40,
            "h":57,
            "index":48
        }
    ]
}