{
    "image":"game.png",
    "width":1024,
    "height":1024,
    "selectTab":{
        "id":"01"
    },
    "selectColor":{
        "id":"FCCFCA",
        "color":"#FCCFCA"
    },
    "list":[
        {
            "x":0,
            "y":0,
            "w":449,
            "h":1024,
            "index":0
        },
        {
            "x":56,
            "y":0,
            "w":839,
            "h":444,
            "index":1
        },
        {
            "x":830,
            "y":0,
            "w":45,
            "h":67,
            "index":2
        },
        {
            "x":844,
            "y":0,
            "w":45,
            "h":74,
            "index":3
        },
        {
            "x":870,
            "y":0,
            "w":154,
            "h":1024,
            "index":4
        },
        {
            "x":879,
            "y":19,
            "w":53,
            "h":62,
            "index":5
        },
        {
            "x":886,
            "y":63,
            "w":90,
            "h":231,
            "index":6
        },
        {
            "x":885,
            "y":66,
            "w":42,
            "h":41,
            "index":7
        },
        {
            "x":799,
            "y":71,
            "w":90,
            "h":66,
            "index":8
        },
        {
            "x":866,
            "y":108,
            "w":40,
            "h":42,
            "index":9
        },
        {
            "x":905,
            "y":109,
            "w":47,
            "h":87,
            "index":10
        },
        {
            "x":840,
            "y":112,
            "w":4,
            "h":4,
            "index":11
        },
        {
            "x":745,
            "y":122,
            "w":68,
            "h":23,
            "index":12
        },
        {
            "x":809,
            "y":134,
            "w":39,
            "h":38,
            "index":13
        },
        {
            "x":842,
            "y":137,
            "w":38,
            "h":37,
            "index":14
        },
        {
            "x":745,
            "y":140,
            "w":71,
            "h":38,
            "index":15
        },
        {
            "x":881,
            "y":152,
            "w":49,
            "h":151,
            "index":16
        },
        {
            "x":514,
            "y":160,
            "w":38,
            "h":47,
            "index":17
        },
        {
            "x":543,
            "y":160,
            "w":42,
            "h":46,
            "index":18
        },
        {
            "x":566,
            "y":164,
            "w":155,
            "h":61,
            "index":19
        },
        {
            "x":521,
            "y":169,
            "w":22,
            "h":32,
            "index":20
        },
        {
            "x":530,
            "y":182,
            "w":5,
            "h":5,
            "index":21
        },
        {
            "x":915,
            "y":182,
            "w":51,
            "h":55,
            "index":22
        },
        {
            "x":813,
            "y":183,
            "w":85,
            "h":42,
            "index":23
        },
        {
            "x":298,
            "y":187,
            "w":18,
            "h":29,
            "index":24
        },
        {
            "x":701,
            "y":188,
            "w":187,
            "h":199,
            "index":25
        },
        {
            "x":910,
            "y":189,
            "w":1,
            "h":1,
            "index":26
        },
        {
            "x":895,
            "y":190,
            "w":1,
            "h":1,
            "index":27
        },
        {
            "x":482,
            "y":197,
            "w":84,
            "h":45,
            "index":28
        },
        {
            "x":863,
            "y":198,
            "w":53,
            "h":50,
            "index":29
        },
        {
            "x":363,
            "y":205,
            "w":399,
            "h":474,
            "index":30
        },
        {
            "x":592,
            "y":207,
            "w":147,
            "h":55,
            "index":31
        },
        {
            "x":93,
            "y":210,
            "w":98,
            "h":93,
            "index":32
        },
        {
            "x":170,
            "y":222,
            "w":14,
            "h":23,
            "index":33
        },
        {
            "x":170,
            "y":225,
            "w":28,
            "h":38,
            "index":34
        },
        {
            "x":438,
            "y":227,
            "w":1,
            "h":1,
            "index":35
        },
        {
            "x":452,
            "y":230,
            "w":84,
            "h":45,
            "index":36
        },
        {
            "x":201,
            "y":237,
            "w":28,
            "h":36,
            "index":37
        },
        {
            "x":853,
            "y":237,
            "w":65,
            "h":31,
            "index":38
        },
        {
            "x":929,
            "y":238,
            "w":34,
            "h":58,
            "index":39
        },
        {
            "x":273,
            "y":241,
            "w":50,
            "h":24,
            "index":40
        },
        {
            "x":786,
            "y":243,
            "w":41,
            "h":53,
            "index":41
        },
        {
            "x":152,
            "y":248,
            "w":1,
            "h":2,
            "index":42
        },
        {
            "x":916,
            "y":248,
            "w":1,
            "h":1,
            "index":43
        },
        {
            "x":616,
            "y":249,
            "w":122,
            "h":46,
            "index":44
        },
        {
            "x":153,
            "y":250,
            "w":1,
            "h":2,
            "index":45
        },
        {
            "x":886,
            "y":262,
            "w":38,
            "h":37,
            "index":46
        },
        {
            "x":423,
            "y":263,
            "w":86,
            "h":44,
            "index":47
        },
        {
            "x":228,
            "y":265,
            "w":1,
            "h":1,
            "index":48
        },
        {
            "x":230,
            "y":265,
            "w":1,
            "h":1,
            "index":49
        },
        {
            "x":227,
            "y":266,
            "w":1,
            "h":1,
            "index":50
        },
        {
            "x":293,
            "y":269,
            "w":52,
            "h":44,
            "index":51
        },
        {
            "x":772,
            "y":273,
            "w":7,
            "h":9,
            "index":52
        },
        {
            "x":855,
            "y":278,
            "w":61,
            "h":32,
            "index":53
        },
        {
            "x":131,
            "y":280,
            "w":3,
            "h":4,
            "index":54
        },
        {
            "x":763,
            "y":282,
            "w":3,
            "h":3,
            "index":55
        },
        {
            "x":260,
            "y":285,
            "w":26,
            "h":26,
            "index":56
        },
        {
            "x":234,
            "y":286,
            "w":26,
            "h":24,
            "index":57
        },
        {
            "x":638,
            "y":287,
            "w":90,
            "h":42,
            "index":58
        },
        {
            "x":933,
            "y":287,
            "w":11,
            "h":20,
            "index":59
        },
        {
            "x":135,
            "y":289,
            "w":1,
            "h":2,
            "index":60
        },
        {
            "x":768,
            "y":289,
            "w":55,
            "h":52,
            "index":61
        },
        {
            "x":768,
            "y":290,
            "w":14,
            "h":14,
            "index":62
        },
        {
            "x":772,
            "y":290,
            "w":1,
            "h":1,
            "index":63
        },
        {
            "x":773,
            "y":291,
            "w":1,
            "h":2,
            "index":64
        },
        {
            "x":935,
            "y":291,
            "w":54,
            "h":39,
            "index":65
        },
        {
            "x":177,
            "y":292,
            "w":39,
            "h":24,
            "index":66
        },
        {
            "x":720,
            "y":293,
            "w":57,
            "h":44,
            "index":67
        },
        {
            "x":774,
            "y":293,
            "w":1,
            "h":1,
            "index":68
        },
        {
            "x":775,
            "y":294,
            "w":2,
            "h":2,
            "index":69
        },
        {
            "x":392,
            "y":295,
            "w":91,
            "h":46,
            "index":70
        },
        {
            "x":111,
            "y":297,
            "w":38,
            "h":39,
            "index":71
        },
        {
            "x":235,
            "y":297,
            "w":20,
            "h":21,
            "index":72
        },
        {
            "x":292,
            "y":298,
            "w":1,
            "h":5,
            "index":73
        },
        {
            "x":889,
            "y":299,
            "w":82,
            "h":74,
            "index":74
        },
        {
            "x":148,
            "y":300,
            "w":31,
            "h":35,
            "index":75
        },
        {
            "x":267,
            "y":301,
            "w":40,
            "h":70,
            "index":76
        },
        {
            "x":293,
            "y":303,
            "w":1,
            "h":2,
            "index":77
        },
        {
            "x":296,
            "y":311,
            "w":24,
            "h":10,
            "index":78
        },
        {
            "x":934,
            "y":312,
            "w":42,
            "h":98,
            "index":79
        },
        {
            "x":77,
            "y":315,
            "w":43,
            "h":35,
            "index":80
        },
        {
            "x":502,
            "y":323,
            "w":110,
            "h":144,
            "index":81
        },
        {
            "x":658,
            "y":323,
            "w":167,
            "h":64,
            "index":82
        },
        {
            "x":359,
            "y":328,
            "w":95,
            "h":48,
            "index":83
        },
        {
            "x":862,
            "y":328,
            "w":43,
            "h":37,
            "index":84
        },
        {
            "x":144,
            "y":331,
            "w":12,
            "h":123,
            "index":85
        },
        {
            "x":48,
            "y":332,
            "w":28,
            "h":23,
            "index":86
        },
        {
            "x":297,
            "y":332,
            "w":35,
            "h":18,
            "index":87
        },
        {
            "x":153,
            "y":334,
            "w":35,
            "h":47,
            "index":88
        },
        {
            "x":805,
            "y":334,
            "w":79,
            "h":200,
            "index":89
        },
        {
            "x":152,
            "y":335,
            "w":11,
            "h":17,
            "index":90
        },
        {
            "x":104,
            "y":336,
            "w":45,
            "h":95,
            "index":91
        },
        {
            "x":913,
            "y":339,
            "w":3,
            "h":4,
            "index":92
        },
        {
            "x":283,
            "y":342,
            "w":1,
            "h":1,
            "index":93
        },
        {
            "x":900,
            "y":344,
            "w":1,
            "h":1,
            "index":94
        },
        {
            "x":115,
            "y":346,
            "w":33,
            "h":38,
            "index":95
        },
        {
            "x":227,
            "y":347,
            "w":26,
            "h":27,
            "index":96
        },
        {
            "x":56,
            "y":349,
            "w":47,
            "h":47,
            "index":97
        },
        {
            "x":229,
            "y":349,
            "w":1,
            "h":1,
            "index":98
        },
        {
            "x":97,
            "y":351,
            "w":18,
            "h":66,
            "index":99
        },
        {
            "x":198,
            "y":358,
            "w":30,
            "h":37,
            "index":100
        },
        {
            "x":877,
            "y":360,
            "w":70,
            "h":43,
            "index":101
        },
        {
            "x":248,
            "y":362,
            "w":28,
            "h":25,
            "index":102
        },
        {
            "x":680,
            "y":362,
            "w":39,
            "h":17,
            "index":103
        },
        {
            "x":837,
            "y":362,
            "w":101,
            "h":272,
            "index":104
        },
        {
            "x":333,
            "y":363,
            "w":93,
            "h":45,
            "index":105
        },
        {
            "x":278,
            "y":365,
            "w":44,
            "h":26,
            "index":106
        },
        {
            "x":229,
            "y":367,
            "w":6,
            "h":8,
            "index":107
        },
        {
            "x":763,
            "y":368,
            "w":65,
            "h":33,
            "index":108
        },
        {
            "x":227,
            "y":374,
            "w":21,
            "h":14,
            "index":109
        },
        {
            "x":300,
            "y":380,
            "w":65,
            "h":170,
            "index":110
        },
        {
            "x":248,
            "y":383,
            "w":3,
            "h":2,
            "index":111
        },
        {
            "x":56,
            "y":384,
            "w":52,
            "h":48,
            "index":112
        },
        {
            "x":240,
            "y":384,
            "w":59,
            "h":85,
            "index":113
        },
        {
            "x":242,
            "y":385,
            "w":27,
            "h":25,
            "index":114
        },
        {
            "x":217,
            "y":386,
            "w":27,
            "h":30,
            "index":115
        },
        {
            "x":756,
            "y":388,
            "w":62,
            "h":25,
            "index":116
        },
        {
            "x":910,
            "y":392,
            "w":60,
            "h":252,
            "index":117
        },
        {
            "x":338,
            "y":397,
            "w":62,
            "h":57,
            "index":118
        },
        {
            "x":121,
            "y":398,
            "w":30,
            "h":29,
            "index":119
        },
        {
            "x":734,
            "y":402,
            "w":123,
            "h":97,
            "index":120
        },
        {
            "x":917,
            "y":402,
            "w":63,
            "h":47,
            "index":121
        },
        {
            "x":74,
            "y":409,
            "w":24,
            "h":36,
            "index":122
        },
        {
            "x":185,
            "y":410,
            "w":241,
            "h":308,
            "index":123
        },
        {
            "x":736,
            "y":413,
            "w":50,
            "h":45,
            "index":124
        },
        {
            "x":242,
            "y":416,
            "w":41,
            "h":31,
            "index":125
        },
        {
            "x":81,
            "y":418,
            "w":74,
            "h":60,
            "index":126
        },
        {
            "x":797,
            "y":422,
            "w":51,
            "h":38,
            "index":127
        },
        {
            "x":953,
            "y":423,
            "w":23,
            "h":81,
            "index":128
        },
        {
            "x":157,
            "y":424,
            "w":27,
            "h":44,
            "index":129
        },
        {
            "x":271,
            "y":425,
            "w":36,
            "h":37,
            "index":130
        },
        {
            "x":45,
            "y":428,
            "w":36,
            "h":21,
            "index":131
        },
        {
            "x":56,
            "y":440,
            "w":34,
            "h":19,
            "index":132
        },
        {
            "x":922,
            "y":445,
            "w":54,
            "h":102,
            "index":133
        },
        {
            "x":125,
            "y":447,
            "w":9,
            "h":10,
            "index":134
        },
        {
            "x":255,
            "y":456,
            "w":64,
            "h":50,
            "index":135
        },
        {
            "x":671,
            "y":462,
            "w":1,
            "h":1,
            "index":136
        },
        {
            "x":105,
            "y":464,
            "w":27,
            "h":25,
            "index":137
        },
        {
            "x":700,
            "y":464,
            "w":95,
            "h":156,
            "index":138
        },
        {
            "x":501,
            "y":467,
            "w":1,
            "h":1,
            "index":139
        },
        {
            "x":795,
            "y":467,
            "w":67,
            "h":47,
            "index":140
        },
        {
            "x":691,
            "y":472,
            "w":1,
            "h":1,
            "index":141
        },
        {
            "x":842,
            "y":486,
            "w":24,
            "h":15,
            "index":142
        },
        {
            "x":268,
            "y":498,
            "w":52,
            "h":51,
            "index":143
        },
        {
            "x":756,
            "y":500,
            "w":118,
            "h":48,
            "index":144
        },
        {
            "x":94,
            "y":508,
            "w":67,
            "h":116,
            "index":145
        },
        {
            "x":887,
            "y":509,
            "w":31,
            "h":50,
            "index":146
        },
        {
            "x":182,
            "y":511,
            "w":56,
            "h":40,
            "index":147
        },
        {
            "x":286,
            "y":511,
            "w":45,
            "h":46,
            "index":148
        },
        {
            "x":829,
            "y":520,
            "w":66,
            "h":59,
            "index":149
        },
        {
            "x":937,
            "y":531,
            "w":42,
            "h":157,
            "index":150
        },
        {
            "x":884,
            "y":534,
            "w":1,
            "h":1,
            "index":151
        },
        {
            "x":159,
            "y":542,
            "w":98,
            "h":78,
            "index":152
        },
        {
            "x":783,
            "y":547,
            "w":106,
            "h":28,
            "index":153
        },
        {
            "x":238,
            "y":551,
            "w":1,
            "h":1,
            "index":154
        },
        {
            "x":58,
            "y":558,
            "w":74,
            "h":95,
            "index":155
        },
        {
            "x":765,
            "y":565,
            "w":182,
            "h":127,
            "index":156
        },
        {
            "x":911,
            "y":566,
            "w":25,
            "h":44,
            "index":157
        },
        {
            "x":149,
            "y":568,
            "w":69,
            "h":101,
            "index":158
        },
        {
            "x":217,
            "y":574,
            "w":49,
            "h":81,
            "index":159
        },
        {
            "x":696,
            "y":578,
            "w":7,
            "h":3,
            "index":160
        },
        {
            "x":268,
            "y":581,
            "w":1,
            "h":1,
            "index":161
        },
        {
            "x":517,
            "y":581,
            "w":1,
            "h":1,
            "index":162
        },
        {
            "x":624,
            "y":589,
            "w":170,
            "h":190,
            "index":163
        },
        {
            "x":390,
            "y":601,
            "w":191,
            "h":214,
            "index":164
        },
        {
            "x":486,
            "y":606,
            "w":2,
            "h":1,
            "index":165
        },
        {
            "x":42,
            "y":619,
            "w":79,
            "h":71,
            "index":166
        },
        {
            "x":77,
            "y":621,
            "w":91,
            "h":54,
            "index":167
        },
        {
            "x":206,
            "y":622,
            "w":22,
            "h":53,
            "index":168
        },
        {
            "x":284,
            "y":624,
            "w":48,
            "h":48,
            "index":169
        },
        {
            "x":473,
            "y":624,
            "w":38,
            "h":25,
            "index":170
        },
        {
            "x":198,
            "y":630,
            "w":17,
            "h":30,
            "index":171
        },
        {
            "x":489,
            "y":639,
            "w":163,
            "h":129,
            "index":172
        },
        {
            "x":796,
            "y":646,
            "w":100,
            "h":123,
            "index":173
        },
        {
            "x":778,
            "y":648,
            "w":50,
            "h":129,
            "index":174
        },
        {
            "x":948,
            "y":648,
            "w":4,
            "h":5,
            "index":175
        },
        {
            "x":179,
            "y":653,
            "w":73,
            "h":64,
            "index":176
        },
        {
            "x":323,
            "y":658,
            "w":5,
            "h":8,
            "index":177
        },
        {
            "x":963,
            "y":658,
            "w":16,
            "h":20,
            "index":178
        },
        {
            "x":169,
            "y":669,
            "w":1,
            "h":1,
            "index":179
        },
        {
            "x":205,
            "y":675,
            "w":1,
            "h":1,
            "index":180
        },
        {
            "x":892,
            "y":677,
            "w":90,
            "h":70,
            "index":181
        },
        {
            "x":199,
            "y":689,
            "w":240,
            "h":144,
            "index":182
        },
        {
            "x":887,
            "y":691,
            "w":28,
            "h":24,
            "index":183
        },
        {
            "x":632,
            "y":702,
            "w":5,
            "h":7,
            "index":184
        },
        {
            "x":466,
            "y":706,
            "w":95,
            "h":69,
            "index":185
        },
        {
            "x":278,
            "y":708,
            "w":28,
            "h":29,
            "index":186
        },
        {
            "x":131,
            "y":709,
            "w":87,
            "h":96,
            "index":187
        },
        {
            "x":463,
            "y":713,
            "w":1,
            "h":1,
            "index":188
        },
        {
            "x":954,
            "y":713,
            "w":40,
            "h":44,
            "index":189
        },
        {
            "x":293,
            "y":714,
            "w":41,
            "h":11,
            "index":190
        },
        {
            "x":338,
            "y":720,
            "w":14,
            "h":15,
            "index":191
        },
        {
            "x":855,
            "y":721,
            "w":57,
            "h":51,
            "index":192
        },
        {
            "x":104,
            "y":723,
            "w":46,
            "h":55,
            "index":193
        },
        {
            "x":563,
            "y":723,
            "w":41,
            "h":34,
            "index":194
        },
        {
            "x":322,
            "y":725,
            "w":16,
            "h":14,
            "index":195
        },
        {
            "x":304,
            "y":726,
            "w":16,
            "h":13,
            "index":196
        },
        {
            "x":557,
            "y":727,
            "w":2,
            "h":3,
            "index":197
        },
        {
            "x":151,
            "y":731,
            "w":3,
            "h":5,
            "index":198
        },
        {
            "x":480,
            "y":734,
            "w":171,
            "h":82,
            "index":199
        },
        {
            "x":909,
            "y":737,
            "w":47,
            "h":37,
            "index":200
        },
        {
            "x":700,
            "y":740,
            "w":100,
            "h":80,
            "index":201
        },
        {
            "x":812,
            "y":753,
            "w":133,
            "h":116,
            "index":202
        },
        {
            "x":947,
            "y":757,
            "w":29,
            "h":37,
            "index":203
        },
        {
            "x":347,
            "y":767,
            "w":23,
            "h":7,
            "index":204
        },
        {
            "x":467,
            "y":768,
            "w":381,
            "h":256,
            "index":205
        },
        {
            "x":361,
            "y":770,
            "w":34,
            "h":18,
            "index":206
        },
        {
            "x":595,
            "y":770,
            "w":101,
            "h":55,
            "index":207
        },
        {
            "x":353,
            "y":774,
            "w":6,
            "h":3,
            "index":208
        },
        {
            "x":596,
            "y":775,
            "w":174,
            "h":106,
            "index":209
        },
        {
            "x":313,
            "y":776,
            "w":65,
            "h":32,
            "index":210
        },
        {
            "x":375,
            "y":784,
            "w":25,
            "h":26,
            "index":211
        },
        {
            "x":937,
            "y":784,
            "w":42,
            "h":44,
            "index":212
        },
        {
            "x":281,
            "y":785,
            "w":236,
            "h":93,
            "index":213
        },
        {
            "x":297,
            "y":786,
            "w":74,
            "h":42,
            "index":214
        },
        {
            "x":942,
            "y":789,
            "w":5,
            "h":16,
            "index":215
        },
        {
            "x":275,
            "y":790,
            "w":39,
            "h":42,
            "index":216
        },
        {
            "x":882,
            "y":796,
            "w":3,
            "h":5,
            "index":217
        },
        {
            "x":355,
            "y":805,
            "w":10,
            "h":15,
            "index":218
        },
        {
            "x":891,
            "y":807,
            "w":7,
            "h":11,
            "index":219
        },
        {
            "x":943,
            "y":807,
            "w":33,
            "h":38,
            "index":220
        },
        {
            "x":864,
            "y":810,
            "w":5,
            "h":6,
            "index":221
        },
        {
            "x":427,
            "y":813,
            "w":188,
            "h":100,
            "index":222
        },
        {
            "x":869,
            "y":816,
            "w":1,
            "h":1,
            "index":223
        },
        {
            "x":933,
            "y":817,
            "w":3,
            "h":3,
            "index":224
        },
        {
            "x":95,
            "y":824,
            "w":84,
            "h":96,
            "index":225
        },
        {
            "x":875,
            "y":825,
            "w":1,
            "h":1,
            "index":226
        },
        {
            "x":841,
            "y":831,
            "w":47,
            "h":45,
            "index":227
        },
        {
            "x":787,
            "y":832,
            "w":16,
            "h":18,
            "index":228
        },
        {
            "x":106,
            "y":835,
            "w":62,
            "h":11,
            "index":229
        },
        {
            "x":280,
            "y":838,
            "w":137,
            "h":46,
            "index":230
        },
        {
            "x":933,
            "y":839,
            "w":42,
            "h":55,
            "index":231
        },
        {
            "x":178,
            "y":845,
            "w":26,
            "h":49,
            "index":232
        },
        {
            "x":942,
            "y":845,
            "w":1,
            "h":1,
            "index":233
        },
        {
            "x":267,
            "y":846,
            "w":164,
            "h":57,
            "index":234
        },
        {
            "x":760,
            "y":847,
            "w":74,
            "h":26,
            "index":235
        },
        {
            "x":65,
            "y":850,
            "w":30,
            "h":51,
            "index":236
        },
        {
            "x":180,
            "y":857,
            "w":12,
            "h":24,
            "index":237
        },
        {
            "x":922,
            "y":857,
            "w":9,
            "h":25,
            "index":238
        },
        {
            "x":432,
            "y":861,
            "w":245,
            "h":71,
            "index":239
        },
        {
            "x":738,
            "y":862,
            "w":1,
            "h":1,
            "index":240
        },
        {
            "x":78,
            "y":863,
            "w":15,
            "h":24,
            "index":241
        },
        {
            "x":739,
            "y":863,
            "w":1,
            "h":1,
            "index":242
        },
        {
            "x":870,
            "y":863,
            "w":50,
            "h":39,
            "index":243
        },
        {
            "x":132,
            "y":864,
            "w":15,
            "h":13,
            "index":244
        },
        {
            "x":969,
            "y":864,
            "w":6,
            "h":7,
            "index":245
        },
        {
            "x":835,
            "y":865,
            "w":1,
            "h":1,
            "index":246
        },
        {
            "x":736,
            "y":867,
            "w":39,
            "h":113,
            "index":247
        },
        {
            "x":228,
            "y":868,
            "w":2,
            "h":1,
            "index":248
        },
        {
            "x":801,
            "y":868,
            "w":76,
            "h":85,
            "index":249
        },
        {
            "x":227,
            "y":869,
            "w":1,
            "h":1,
            "index":250
        },
        {
            "x":228,
            "y":869,
            "w":32,
            "h":32,
            "index":251
        },
        {
            "x":713,
            "y":869,
            "w":35,
            "h":68,
            "index":252
        },
        {
            "x":134,
            "y":872,
            "w":22,
            "h":14,
            "index":253
        },
        {
            "x":120,
            "y":874,
            "w":14,
            "h":12,
            "index":254
        },
        {
            "x":942,
            "y":874,
            "w":34,
            "h":29,
            "index":255
        },
        {
            "x":421,
            "y":875,
            "w":140,
            "h":46,
            "index":256
        },
        {
            "x":760,
            "y":875,
            "w":41,
            "h":109,
            "index":257
        },
        {
            "x":562,
            "y":879,
            "w":67,
            "h":42,
            "index":258
        },
        {
            "x":134,
            "y":882,
            "w":9,
            "h":7,
            "index":259
        },
        {
            "x":931,
            "y":882,
            "w":1,
            "h":1,
            "index":260
        },
        {
            "x":895,
            "y":883,
            "w":85,
            "h":119,
            "index":261
        },
        {
            "x":123,
            "y":886,
            "w":15,
            "h":15,
            "index":262
        },
        {
            "x":139,
            "y":886,
            "w":13,
            "h":15,
            "index":263
        },
        {
            "x":254,
            "y":887,
            "w":46,
            "h":14,
            "index":264
        },
        {
            "x":634,
            "y":890,
            "w":87,
            "h":83,
            "index":265
        },
        {
            "x":639,
            "y":891,
            "w":1,
            "h":1,
            "index":266
        },
        {
            "x":239,
            "y":893,
            "w":7,
            "h":6,
            "index":267
        },
        {
            "x":231,
            "y":893,
            "w":95,
            "h":53,
            "index":268
        },
        {
            "x":236,
            "y":896,
            "w":2,
            "h":1,
            "index":269
        },
        {
            "x":451,
            "y":899,
            "w":15,
            "h":37,
            "index":270
        },
        {
            "x":858,
            "y":902,
            "w":52,
            "h":50,
            "index":271
        },
        {
            "x":307,
            "y":906,
            "w":7,
            "h":12,
            "index":272
        },
        {
            "x":139,
            "y":910,
            "w":127,
            "h":100,
            "index":273
        },
        {
            "x":702,
            "y":916,
            "w":8,
            "h":19,
            "index":274
        },
        {
            "x":360,
            "y":917,
            "w":184,
            "h":107,
            "index":275
        },
        {
            "x":111,
            "y":918,
            "w":51,
            "h":13,
            "index":276
        },
        {
            "x":914,
            "y":918,
            "w":4,
            "h":4,
            "index":277
        },
        {
            "x":897,
            "y":926,
            "w":14,
            "h":21,
            "index":278
        },
        {
            "x":355,
            "y":937,
            "w":103,
            "h":60,
            "index":279
        },
        {
            "x":282,
            "y":939,
            "w":180,
            "h":85,
            "index":280
        },
        {
            "x":850,
            "y":939,
            "w":18,
            "h":25,
            "index":281
        },
        {
            "x":776,
            "y":941,
            "w":138,
            "h":83,
            "index":282
        },
        {
            "x":79,
            "y":942,
            "w":97,
            "h":82,
            "index":283
        },
        {
            "x":589,
            "y":945,
            "w":35,
            "h":79,
            "index":284
        },
        {
            "x":854,
            "y":947,
            "w":56,
            "h":46,
            "index":285
        },
        {
            "x":529,
            "y":949,
            "w":57,
            "h":75,
            "index":286
        },
        {
            "x":922,
            "y":952,
            "w":53,
            "h":72,
            "index":287
        },
        {
            "x":331,
            "y":965,
            "w":18,
            "h":18,
            "index":288
        },
        {
            "x":817,
            "y":974,
            "w":38,
            "h":41,
            "index":289
        },
        {
            "x":584,
            "y":976,
            "w":17,
            "h":21,
            "index":290
        },
        {
            "x":475,
            "y":980,
            "w":68,
            "h":44,
            "index":291
        },
        {
            "x":682,
            "y":984,
            "w":87,
            "h":38,
            "index":292
        },
        {
            "x":818,
            "y":986,
            "w":5,
            "h":6,
            "index":293
        },
        {
            "x":305,
            "y":988,
            "w":20,
            "h":20,
            "index":294
        },
        {
            "x":554,
            "y":990,
            "w":47,
            "h":34,
            "index":295
        },
        {
            "x":936,
            "y":990,
            "w":44,
            "h":34,
            "index":296
        },
        {
            "x":612,
            "y":1004,
            "w":47,
            "h":20,
            "index":297
        },
        {
            "x":340,
            "y":1005,
            "w":24,
            "h":19,
            "index":298
        },
        {
            "x":791,
            "y":1005,
            "w":46,
            "h":19,
            "index":299
        },
        {
            "x":837,
            "y":1005,
            "w":44,
            "h":19,
            "index":300
        },
        {
            "x":915,
            "y":1005,
            "w":6,
            "h":19,
            "index":301
        },
        {
            "x":737,
            "y":1007,
            "w":51,
            "h":17,
            "index":302
        },
        {
            "x":875,
            "y":1016,
            "w":1,
            "h":1,
            "index":303
        },
        {
            "x":364,
            "y":1019,
            "w":14,
            "h":5,
            "index":304
        }
    ]
}