{
    "image":"game.png",
    "width":1024,
    "height":1024,
    "selectTab":{
        "id":"01"
    },
    "selectColor":{
        "id":"FCCFCA",
        "color":"#FCCFCA"
    },
    "list":[
        {
            "x":0,
            "y":0,
            "w":1024,
            "h":1024,
            "index":0
        },
        {
            "x":917,
            "y":22,
            "w":18,
            "h":18,
            "index":1
        },
        {
            "x":557,
            "y":23,
            "w":18,
            "h":17,
            "index":2
        },
        {
            "x":556,
            "y":33,
            "w":365,
            "h":176,
            "index":3
        },
        {
            "x":682,
            "y":57,
            "w":38,
            "h":56,
            "index":4
        },
        {
            "x":219,
            "y":61,
            "w":8,
            "h":7,
            "index":5
        },
        {
            "x":736,
            "y":66,
            "w":40,
            "h":46,
            "index":6
        },
        {
            "x":699,
            "y":70,
            "w":5,
            "h":5,
            "index":7
        },
        {
            "x":203,
            "y":73,
            "w":39,
            "h":17,
            "index":8
        },
        {
            "x":15,
            "y":85,
            "w":119,
            "h":117,
            "index":9
        },
        {
            "x":698,
            "y":93,
            "w":8,
            "h":7,
            "index":10
        },
        {
            "x":177,
            "y":96,
            "w":98,
            "h":103,
            "index":11
        },
        {
            "x":30,
            "y":101,
            "w":87,
            "h":86,
            "index":12
        },
        {
            "x":191,
            "y":112,
            "w":69,
            "h":73,
            "index":13
        },
        {
            "x":721,
            "y":120,
            "w":14,
            "h":14,
            "index":14
        },
        {
            "x":203,
            "y":122,
            "w":45,
            "h":51,
            "index":15
        },
        {
            "x":623,
            "y":129,
            "w":76,
            "h":45,
            "index":16
        },
        {
            "x":817,
            "y":129,
            "w":40,
            "h":47,
            "index":17
        },
        {
            "x":350,
            "y":130,
            "w":77,
            "h":67,
            "index":18
        },
        {
            "x":754,
            "y":132,
            "w":48,
            "h":45,
            "index":19
        },
        {
            "x":719,
            "y":144,
            "w":15,
            "h":31,
            "index":20
        },
        {
            "x":339,
            "y":167,
            "w":30,
            "h":12,
            "index":21
        },
        {
            "x":419,
            "y":171,
            "w":23,
            "h":36,
            "index":22
        },
        {
            "x":299,
            "y":179,
            "w":104,
            "h":80,
            "index":23
        },
        {
            "x":611,
            "y":209,
            "w":95,
            "h":248,
            "index":24
        },
        {
            "x":689,
            "y":215,
            "w":99,
            "h":247,
            "index":25
        },
        {
            "x":541,
            "y":216,
            "w":83,
            "h":105,
            "index":26
        },
        {
            "x":780,
            "y":233,
            "w":87,
            "h":127,
            "index":27
        },
        {
            "x":474,
            "y":236,
            "w":73,
            "h":77,
            "index":28
        },
        {
            "x":63,
            "y":248,
            "w":141,
            "h":26,
            "index":29
        },
        {
            "x":334,
            "y":261,
            "w":34,
            "h":16,
            "index":30
        },
        {
            "x":60,
            "y":262,
            "w":154,
            "h":105,
            "index":31
        },
        {
            "x":199,
            "y":270,
            "w":36,
            "h":110,
            "index":32
        },
        {
            "x":858,
            "y":270,
            "w":78,
            "h":86,
            "index":33
        },
        {
            "x":436,
            "y":272,
            "w":35,
            "h":47,
            "index":34
        },
        {
            "x":79,
            "y":280,
            "w":19,
            "h":71,
            "index":35
        },
        {
            "x":87,
            "y":281,
            "w":110,
            "h":91,
            "index":36
        },
        {
            "x":333,
            "y":285,
            "w":327,
            "h":384,
            "index":37
        },
        {
            "x":122,
            "y":306,
            "w":45,
            "h":37,
            "index":38
        },
        {
            "x":455,
            "y":315,
            "w":68,
            "h":73,
            "index":39
        },
        {
            "x":700,
            "y":317,
            "w":253,
            "h":210,
            "index":40
        },
        {
            "x":931,
            "y":323,
            "w":58,
            "h":230,
            "index":41
        },
        {
            "x":533,
            "y":325,
            "w":38,
            "h":78,
            "index":42
        },
        {
            "x":591,
            "y":326,
            "w":81,
            "h":150,
            "index":43
        },
        {
            "x":407,
            "y":330,
            "w":41,
            "h":87,
            "index":44
        },
        {
            "x":30,
            "y":356,
            "w":160,
            "h":58,
            "index":45
        },
        {
            "x":202,
            "y":366,
            "w":9,
            "h":17,
            "index":46
        },
        {
            "x":78,
            "y":370,
            "w":57,
            "h":22,
            "index":47
        },
        {
            "x":168,
            "y":378,
            "w":27,
            "h":11,
            "index":48
        },
        {
            "x":126,
            "y":382,
            "w":96,
            "h":43,
            "index":49
        },
        {
            "x":543,
            "y":382,
            "w":11,
            "h":18,
            "index":50
        },
        {
            "x":370,
            "y":385,
            "w":19,
            "h":38,
            "index":51
        },
        {
            "x":165,
            "y":386,
            "w":1,
            "h":1,
            "index":52
        },
        {
            "x":157,
            "y":387,
            "w":8,
            "h":5,
            "index":53
        },
        {
            "x":153,
            "y":390,
            "w":1,
            "h":1,
            "index":54
        },
        {
            "x":160,
            "y":390,
            "w":68,
            "h":78,
            "index":55
        },
        {
            "x":141,
            "y":391,
            "w":12,
            "h":7,
            "index":56
        },
        {
            "x":0,
            "y":391,
            "w":272,
            "h":96,
            "index":57
        },
        {
            "x":425,
            "y":392,
            "w":11,
            "h":17,
            "index":58
        },
        {
            "x":11,
            "y":393,
            "w":25,
            "h":12,
            "index":59
        },
        {
            "x":287,
            "y":393,
            "w":53,
            "h":117,
            "index":60
        },
        {
            "x":5,
            "y":406,
            "w":150,
            "h":63,
            "index":61
        },
        {
            "x":0,
            "y":409,
            "w":273,
            "h":98,
            "index":62
        },
        {
            "x":21,
            "y":424,
            "w":14,
            "h":15,
            "index":63
        },
        {
            "x":55,
            "y":430,
            "w":14,
            "h":9,
            "index":64
        },
        {
            "x":85,
            "y":433,
            "w":14,
            "h":9,
            "index":65
        },
        {
            "x":168,
            "y":437,
            "w":94,
            "h":119,
            "index":66
        },
        {
            "x":120,
            "y":439,
            "w":15,
            "h":15,
            "index":67
        },
        {
            "x":343,
            "y":457,
            "w":11,
            "h":15,
            "index":68
        },
        {
            "x":653,
            "y":458,
            "w":342,
            "h":229,
            "index":69
        },
        {
            "x":387,
            "y":467,
            "w":240,
            "h":172,
            "index":70
        },
        {
            "x":237,
            "y":470,
            "w":57,
            "h":34,
            "index":71
        },
        {
            "x":916,
            "y":485,
            "w":8,
            "h":10,
            "index":72
        },
        {
            "x":0,
            "y":488,
            "w":144,
            "h":84,
            "index":73
        },
        {
            "x":106,
            "y":503,
            "w":856,
            "h":447,
            "index":74
        },
        {
            "x":203,
            "y":507,
            "w":343,
            "h":234,
            "index":75
        },
        {
            "x":146,
            "y":511,
            "w":18,
            "h":77,
            "index":76
        },
        {
            "x":545,
            "y":512,
            "w":48,
            "h":67,
            "index":77
        },
        {
            "x":434,
            "y":518,
            "w":51,
            "h":64,
            "index":78
        },
        {
            "x":40,
            "y":519,
            "w":47,
            "h":18,
            "index":79
        },
        {
            "x":658,
            "y":524,
            "w":343,
            "h":254,
            "index":80
        },
        {
            "x":0,
            "y":552,
            "w":141,
            "h":37,
            "index":81
        },
        {
            "x":510,
            "y":566,
            "w":19,
            "h":16,
            "index":82
        },
        {
            "x":479,
            "y":569,
            "w":1,
            "h":1,
            "index":83
        },
        {
            "x":0,
            "y":570,
            "w":142,
            "h":81,
            "index":84
        },
        {
            "x":478,
            "y":570,
            "w":1,
            "h":1,
            "index":85
        },
        {
            "x":477,
            "y":571,
            "w":1,
            "h":1,
            "index":86
        },
        {
            "x":476,
            "y":572,
            "w":1,
            "h":1,
            "index":87
        },
        {
            "x":717,
            "y":579,
            "w":127,
            "h":51,
            "index":88
        },
        {
            "x":669,
            "y":583,
            "w":176,
            "h":100,
            "index":89
        },
        {
            "x":422,
            "y":586,
            "w":25,
            "h":27,
            "index":90
        },
        {
            "x":576,
            "y":589,
            "w":19,
            "h":18,
            "index":91
        },
        {
            "x":548,
            "y":601,
            "w":21,
            "h":18,
            "index":92
        },
        {
            "x":41,
            "y":602,
            "w":45,
            "h":17,
            "index":93
        },
        {
            "x":451,
            "y":603,
            "w":27,
            "h":19,
            "index":94
        },
        {
            "x":730,
            "y":605,
            "w":56,
            "h":39,
            "index":95
        },
        {
            "x":516,
            "y":610,
            "w":23,
            "h":15,
            "index":96
        },
        {
            "x":485,
            "y":611,
            "w":24,
            "h":15,
            "index":97
        },
        {
            "x":587,
            "y":619,
            "w":76,
            "h":83,
            "index":98
        },
        {
            "x":0,
            "y":633,
            "w":125,
            "h":33,
            "index":99
        },
        {
            "x":511,
            "y":649,
            "w":87,
            "h":40,
            "index":100
        },
        {
            "x":651,
            "y":651,
            "w":80,
            "h":75,
            "index":101
        },
        {
            "x":528,
            "y":674,
            "w":149,
            "h":105,
            "index":102
        },
        {
            "x":13,
            "y":678,
            "w":45,
            "h":28,
            "index":103
        },
        {
            "x":0,
            "y":687,
            "w":10,
            "h":29,
            "index":104
        },
        {
            "x":0,
            "y":689,
            "w":106,
            "h":66,
            "index":105
        },
        {
            "x":44,
            "y":698,
            "w":43,
            "h":35,
            "index":106
        },
        {
            "x":561,
            "y":706,
            "w":57,
            "h":38,
            "index":107
        },
        {
            "x":4,
            "y":707,
            "w":41,
            "h":34,
            "index":108
        },
        {
            "x":76,
            "y":754,
            "w":2,
            "h":1,
            "index":109
        },
        {
            "x":0,
            "y":755,
            "w":76,
            "h":11,
            "index":110
        },
        {
            "x":944,
            "y":774,
            "w":45,
            "h":55,
            "index":111
        },
        {
            "x":131,
            "y":812,
            "w":697,
            "h":189,
            "index":112
        },
        {
            "x":812,
            "y":812,
            "w":177,
            "h":164,
            "index":113
        },
        {
            "x":17,
            "y":816,
            "w":119,
            "h":129,
            "index":114
        }
    ]
}