{
    "image":"game.png",
    "width":1024,
    "height":1024,
    "selectTab":{
        "id":"01"
    },
    "selectColor":{
        "id":"FCCFCA",
        "color":"#FCCFCA"
    },
    "list":[
        {
            "x":0,
            "y":0,
            "w":477,
            "h":512,
            "index":0
        },
        {
            "x":102,
            "y":0,
            "w":922,
            "h":484,
            "index":1
        },
        {
            "x":615,
            "y":32,
            "w":330,
            "h":96,
            "index":2
        },
        {
            "x":106,
            "y":191,
            "w":1,
            "h":1,
            "index":3
        },
        {
            "x":541,
            "y":285,
            "w":95,
            "h":75,
            "index":4
        },
        {
            "x":319,
            "y":288,
            "w":102,
            "h":112,
            "index":5
        },
        {
            "x":339,
            "y":308,
            "w":311,
            "h":98,
            "index":6
        },
        {
            "x":448,
            "y":329,
            "w":75,
            "h":18,
            "index":7
        },
        {
            "x":310,
            "y":331,
            "w":388,
            "h":485,
            "index":8
        },
        {
            "x":0,
            "y":340,
            "w":202,
            "h":272,
            "index":9
        },
        {
            "x":669,
            "y":344,
            "w":355,
            "h":210,
            "index":10
        },
        {
            "x":570,
            "y":347,
            "w":45,
            "h":32,
            "index":11
        },
        {
            "x":719,
            "y":350,
            "w":32,
            "h":26,
            "index":12
        },
        {
            "x":396,
            "y":358,
            "w":13,
            "h":8,
            "index":13
        },
        {
            "x":389,
            "y":369,
            "w":1,
            "h":1,
            "index":14
        },
        {
            "x":388,
            "y":370,
            "w":1,
            "h":1,
            "index":15
        },
        {
            "x":616,
            "y":380,
            "w":1,
            "h":1,
            "index":16
        },
        {
            "x":308,
            "y":405,
            "w":78,
            "h":146,
            "index":17
        },
        {
            "x":649,
            "y":411,
            "w":41,
            "h":124,
            "index":18
        },
        {
            "x":294,
            "y":415,
            "w":63,
            "h":123,
            "index":19
        },
        {
            "x":308,
            "y":418,
            "w":1,
            "h":1,
            "index":20
        },
        {
            "x":676,
            "y":418,
            "w":1,
            "h":1,
            "index":21
        },
        {
            "x":677,
            "y":419,
            "w":28,
            "h":101,
            "index":22
        },
        {
            "x":273,
            "y":425,
            "w":57,
            "h":99,
            "index":23
        },
        {
            "x":56,
            "y":445,
            "w":1,
            "h":1,
            "index":24
        },
        {
            "x":53,
            "y":451,
            "w":287,
            "h":158,
            "index":25
        },
        {
            "x":645,
            "y":467,
            "w":379,
            "h":145,
            "index":26
        },
        {
            "x":906,
            "y":510,
            "w":118,
            "h":102,
            "index":27
        },
        {
            "x":272,
            "y":513,
            "w":1,
            "h":1,
            "index":28
        },
        {
            "x":1023,
            "y":513,
            "w":1,
            "h":2,
            "index":29
        },
        {
            "x":691,
            "y":520,
            "w":1,
            "h":1,
            "index":30
        },
        {
            "x":808,
            "y":573,
            "w":103,
            "h":39,
            "index":31
        },
        {
            "x":644,
            "y":586,
            "w":1,
            "h":1,
            "index":32
        },
        {
            "x":208,
            "y":604,
            "w":20,
            "h":5,
            "index":33
        },
        {
            "x":550,
            "y":608,
            "w":69,
            "h":73,
            "index":34
        },
        {
            "x":794,
            "y":608,
            "w":13,
            "h":5,
            "index":35
        },
        {
            "x":529,
            "y":611,
            "w":44,
            "h":75,
            "index":36
        },
        {
            "x":0,
            "y":612,
            "w":320,
            "h":167,
            "index":37
        },
        {
            "x":635,
            "y":618,
            "w":389,
            "h":245,
            "index":38
        },
        {
            "x":564,
            "y":620,
            "w":44,
            "h":49,
            "index":39
        },
        {
            "x":626,
            "y":634,
            "w":20,
            "h":21,
            "index":40
        },
        {
            "x":489,
            "y":637,
            "w":39,
            "h":21,
            "index":41
        },
        {
            "x":284,
            "y":644,
            "w":24,
            "h":63,
            "index":42
        },
        {
            "x":0,
            "y":646,
            "w":50,
            "h":65,
            "index":43
        },
        {
            "x":143,
            "y":656,
            "w":66,
            "h":64,
            "index":44
        },
        {
            "x":639,
            "y":660,
            "w":1,
            "h":1,
            "index":45
        },
        {
            "x":640,
            "y":660,
            "w":33,
            "h":5,
            "index":46
        },
        {
            "x":53,
            "y":661,
            "w":80,
            "h":66,
            "index":47
        },
        {
            "x":597,
            "y":661,
            "w":40,
            "h":41,
            "index":48
        },
        {
            "x":412,
            "y":663,
            "w":18,
            "h":12,
            "index":49
        },
        {
            "x":12,
            "y":672,
            "w":13,
            "h":13,
            "index":50
        },
        {
            "x":436,
            "y":673,
            "w":1,
            "h":1,
            "index":51
        },
        {
            "x":432,
            "y":674,
            "w":4,
            "h":1,
            "index":52
        },
        {
            "x":216,
            "y":675,
            "w":77,
            "h":74,
            "index":53
        },
        {
            "x":813,
            "y":684,
            "w":47,
            "h":36,
            "index":54
        },
        {
            "x":172,
            "y":685,
            "w":13,
            "h":12,
            "index":55
        },
        {
            "x":695,
            "y":685,
            "w":71,
            "h":65,
            "index":56
        },
        {
            "x":867,
            "y":686,
            "w":78,
            "h":79,
            "index":57
        },
        {
            "x":78,
            "y":687,
            "w":15,
            "h":14,
            "index":58
        },
        {
            "x":960,
            "y":688,
            "w":64,
            "h":70,
            "index":59
        },
        {
            "x":22,
            "y":690,
            "w":154,
            "h":69,
            "index":60
        },
        {
            "x":298,
            "y":691,
            "w":349,
            "h":176,
            "index":61
        },
        {
            "x":478,
            "y":702,
            "w":160,
            "h":169,
            "index":62
        },
        {
            "x":272,
            "y":704,
            "w":51,
            "h":74,
            "index":63
        },
        {
            "x":781,
            "y":704,
            "w":20,
            "h":26,
            "index":64
        },
        {
            "x":867,
            "y":704,
            "w":1,
            "h":1,
            "index":65
        },
        {
            "x":660,
            "y":707,
            "w":21,
            "h":22,
            "index":66
        },
        {
            "x":836,
            "y":708,
            "w":57,
            "h":74,
            "index":67
        },
        {
            "x":244,
            "y":710,
            "w":13,
            "h":13,
            "index":68
        },
        {
            "x":725,
            "y":711,
            "w":13,
            "h":12,
            "index":69
        },
        {
            "x":0,
            "y":713,
            "w":19,
            "h":18,
            "index":70
        },
        {
            "x":126,
            "y":717,
            "w":21,
            "h":40,
            "index":71
        },
        {
            "x":987,
            "y":718,
            "w":14,
            "h":12,
            "index":72
        },
        {
            "x":897,
            "y":719,
            "w":16,
            "h":17,
            "index":73
        },
        {
            "x":22,
            "y":721,
            "w":40,
            "h":34,
            "index":74
        },
        {
            "x":566,
            "y":722,
            "w":40,
            "h":31,
            "index":75
        },
        {
            "x":0,
            "y":724,
            "w":18,
            "h":22,
            "index":76
        },
        {
            "x":177,
            "y":724,
            "w":1,
            "h":1,
            "index":77
        },
        {
            "x":770,
            "y":732,
            "w":88,
            "h":69,
            "index":78
        },
        {
            "x":149,
            "y":733,
            "w":1,
            "h":1,
            "index":79
        },
        {
            "x":148,
            "y":734,
            "w":1,
            "h":1,
            "index":80
        },
        {
            "x":176,
            "y":734,
            "w":22,
            "h":33,
            "index":81
        },
        {
            "x":665,
            "y":734,
            "w":1,
            "h":1,
            "index":82
        },
        {
            "x":147,
            "y":735,
            "w":1,
            "h":1,
            "index":83
        },
        {
            "x":84,
            "y":736,
            "w":46,
            "h":31,
            "index":84
        },
        {
            "x":136,
            "y":737,
            "w":37,
            "h":34,
            "index":85
        },
        {
            "x":325,
            "y":745,
            "w":40,
            "h":24,
            "index":86
        },
        {
            "x":766,
            "y":745,
            "w":1,
            "h":1,
            "index":87
        },
        {
            "x":652,
            "y":747,
            "w":60,
            "h":105,
            "index":88
        },
        {
            "x":276,
            "y":748,
            "w":30,
            "h":33,
            "index":89
        },
        {
            "x":0,
            "y":750,
            "w":1024,
            "h":274,
            "index":90
        },
        {
            "x":671,
            "y":750,
            "w":44,
            "h":61,
            "index":91
        },
        {
            "x":209,
            "y":751,
            "w":18,
            "h":16,
            "index":92
        },
        {
            "x":755,
            "y":751,
            "w":23,
            "h":25,
            "index":93
        },
        {
            "x":474,
            "y":756,
            "w":28,
            "h":24,
            "index":94
        },
        {
            "x":152,
            "y":757,
            "w":18,
            "h":17,
            "index":95
        },
        {
            "x":923,
            "y":763,
            "w":65,
            "h":66,
            "index":96
        },
        {
            "x":253,
            "y":764,
            "w":20,
            "h":27,
            "index":97
        },
        {
            "x":199,
            "y":765,
            "w":22,
            "h":18,
            "index":98
        },
        {
            "x":710,
            "y":765,
            "w":25,
            "h":23,
            "index":99
        },
        {
            "x":801,
            "y":765,
            "w":18,
            "h":17,
            "index":100
        },
        {
            "x":224,
            "y":766,
            "w":17,
            "h":20,
            "index":101
        },
        {
            "x":241,
            "y":769,
            "w":19,
            "h":22,
            "index":102
        },
        {
            "x":862,
            "y":770,
            "w":26,
            "h":34,
            "index":103
        },
        {
            "x":990,
            "y":773,
            "w":32,
            "h":29,
            "index":104
        },
        {
            "x":696,
            "y":774,
            "w":11,
            "h":13,
            "index":105
        },
        {
            "x":279,
            "y":777,
            "w":21,
            "h":21,
            "index":106
        },
        {
            "x":527,
            "y":777,
            "w":131,
            "h":71,
            "index":107
        },
        {
            "x":764,
            "y":778,
            "w":1,
            "h":2,
            "index":108
        },
        {
            "x":802,
            "y":782,
            "w":30,
            "h":34,
            "index":109
        },
        {
            "x":407,
            "y":784,
            "w":91,
            "h":66,
            "index":110
        },
        {
            "x":809,
            "y":787,
            "w":75,
            "h":51,
            "index":111
        },
        {
            "x":889,
            "y":787,
            "w":24,
            "h":28,
            "index":112
        },
        {
            "x":960,
            "y":791,
            "w":64,
            "h":67,
            "index":113
        },
        {
            "x":271,
            "y":792,
            "w":1,
            "h":1,
            "index":114
        },
        {
            "x":738,
            "y":797,
            "w":20,
            "h":17,
            "index":115
        },
        {
            "x":843,
            "y":812,
            "w":32,
            "h":34,
            "index":116
        },
        {
            "x":890,
            "y":816,
            "w":1,
            "h":1,
            "index":117
        },
        {
            "x":0,
            "y":818,
            "w":10,
            "h":32,
            "index":118
        },
        {
            "x":563,
            "y":819,
            "w":26,
            "h":69,
            "index":119
        },
        {
            "x":941,
            "y":820,
            "w":1,
            "h":1,
            "index":120
        },
        {
            "x":753,
            "y":821,
            "w":45,
            "h":48,
            "index":121
        },
        {
            "x":1003,
            "y":821,
            "w":14,
            "h":14,
            "index":122
        },
        {
            "x":713,
            "y":822,
            "w":31,
            "h":33,
            "index":123
        },
        {
            "x":543,
            "y":824,
            "w":88,
            "h":118,
            "index":124
        },
        {
            "x":681,
            "y":828,
            "w":28,
            "h":26,
            "index":125
        },
        {
            "x":879,
            "y":832,
            "w":1,
            "h":2,
            "index":126
        },
        {
            "x":867,
            "y":832,
            "w":46,
            "h":43,
            "index":127
        },
        {
            "x":798,
            "y":834,
            "w":40,
            "h":33,
            "index":128
        },
        {
            "x":878,
            "y":834,
            "w":1,
            "h":2,
            "index":129
        },
        {
            "x":877,
            "y":836,
            "w":1,
            "h":1,
            "index":130
        },
        {
            "x":314,
            "y":838,
            "w":81,
            "h":68,
            "index":131
        },
        {
            "x":926,
            "y":838,
            "w":27,
            "h":36,
            "index":132
        },
        {
            "x":598,
            "y":842,
            "w":62,
            "h":105,
            "index":133
        },
        {
            "x":959,
            "y":842,
            "w":41,
            "h":41,
            "index":134
        },
        {
            "x":0,
            "y":843,
            "w":38,
            "h":24,
            "index":135
        },
        {
            "x":26,
            "y":845,
            "w":179,
            "h":145,
            "index":136
        },
        {
            "x":336,
            "y":845,
            "w":36,
            "h":32,
            "index":137
        },
        {
            "x":563,
            "y":845,
            "w":48,
            "h":69,
            "index":138
        },
        {
            "x":826,
            "y":846,
            "w":45,
            "h":29,
            "index":139
        },
        {
            "x":354,
            "y":849,
            "w":103,
            "h":29,
            "index":140
        },
        {
            "x":526,
            "y":849,
            "w":1,
            "h":3,
            "index":141
        },
        {
            "x":915,
            "y":849,
            "w":12,
            "h":12,
            "index":142
        },
        {
            "x":928,
            "y":861,
            "w":1,
            "h":2,
            "index":143
        },
        {
            "x":993,
            "y":862,
            "w":31,
            "h":25,
            "index":144
        },
        {
            "x":759,
            "y":863,
            "w":5,
            "h":1,
            "index":145
        },
        {
            "x":766,
            "y":863,
            "w":2,
            "h":1,
            "index":146
        },
        {
            "x":770,
            "y":863,
            "w":1,
            "h":1,
            "index":147
        },
        {
            "x":809,
            "y":866,
            "w":14,
            "h":7,
            "index":148
        },
        {
            "x":897,
            "y":867,
            "w":48,
            "h":22,
            "index":149
        },
        {
            "x":852,
            "y":872,
            "w":13,
            "h":8,
            "index":150
        },
        {
            "x":894,
            "y":872,
            "w":1,
            "h":1,
            "index":151
        },
        {
            "x":823,
            "y":873,
            "w":1,
            "h":1,
            "index":152
        },
        {
            "x":877,
            "y":873,
            "w":17,
            "h":10,
            "index":153
        },
        {
            "x":369,
            "y":877,
            "w":45,
            "h":33,
            "index":154
        },
        {
            "x":145,
            "y":878,
            "w":1,
            "h":1,
            "index":155
        },
        {
            "x":959,
            "y":878,
            "w":46,
            "h":25,
            "index":156
        },
        {
            "x":923,
            "y":880,
            "w":31,
            "h":17,
            "index":157
        },
        {
            "x":876,
            "y":882,
            "w":1,
            "h":1,
            "index":158
        },
        {
            "x":888,
            "y":883,
            "w":3,
            "h":1,
            "index":159
        },
        {
            "x":998,
            "y":891,
            "w":26,
            "h":18,
            "index":160
        },
        {
            "x":0,
            "y":906,
            "w":29,
            "h":50,
            "index":161
        },
        {
            "x":110,
            "y":924,
            "w":15,
            "h":15,
            "index":162
        },
        {
            "x":64,
            "y":932,
            "w":65,
            "h":61,
            "index":163
        },
        {
            "x":33,
            "y":934,
            "w":28,
            "h":30,
            "index":164
        },
        {
            "x":217,
            "y":939,
            "w":114,
            "h":85,
            "index":165
        },
        {
            "x":0,
            "y":949,
            "w":20,
            "h":17,
            "index":166
        },
        {
            "x":0,
            "y":960,
            "w":73,
            "h":64,
            "index":167
        },
        {
            "x":182,
            "y":969,
            "w":39,
            "h":55,
            "index":168
        },
        {
            "x":114,
            "y":986,
            "w":63,
            "h":38,
            "index":169
        },
        {
            "x":267,
            "y":988,
            "w":12,
            "h":11,
            "index":170
        },
        {
            "x":178,
            "y":993,
            "w":1,
            "h":1,
            "index":171
        },
        {
            "x":297,
            "y":994,
            "w":1,
            "h":1,
            "index":172
        },
        {
            "x":79,
            "y":995,
            "w":32,
            "h":29,
            "index":173
        },
        {
            "x":135,
            "y":1005,
            "w":48,
            "h":19,
            "index":174
        },
        {
            "x":220,
            "y":1005,
            "w":22,
            "h":19,
            "index":175
        },
        {
            "x":352,
            "y":1009,
            "w":29,
            "h":15,
            "index":176
        },
        {
            "x":52,
            "y":1010,
            "w":43,
            "h":14,
            "index":177
        },
        {
            "x":243,
            "y":1016,
            "w":1,
            "h":1,
            "index":178
        },
        {
            "x":31,
            "y":1020,
            "w":15,
            "h":4,
            "index":179
        },
        {
            "x":983,
            "y":1021,
            "w":26,
            "h":3,
            "index":180
        },
        {
            "x":388,
            "y":1023,
            "w":8,
            "h":1,
            "index":181
        }
    ]
}