{
    "image":"game.png",
    "width":1024,
    "height":1024,
    "selectTab":{
        "id":"01"
    },
    "selectColor":{
        "id":"FCCFCA",
        "color":"#FCCFCA"
    },
    "list":[
        {
            "x":0,
            "y":0,
            "w":1024,
            "h":1024,
            "index":0
        },
        {
            "x":535,
            "y":36,
            "w":160,
            "h":247,
            "index":1
        },
        {
            "x":312,
            "y":42,
            "w":153,
            "h":242,
            "index":2
        },
        {
            "x":569,
            "y":93,
            "w":84,
            "h":116,
            "index":3
        },
        {
            "x":349,
            "y":98,
            "w":81,
            "h":112,
            "index":4
        },
        {
            "x":589,
            "y":156,
            "w":44,
            "h":43,
            "index":5
        },
        {
            "x":374,
            "y":167,
            "w":35,
            "h":32,
            "index":6
        },
        {
            "x":535,
            "y":200,
            "w":110,
            "h":120,
            "index":7
        },
        {
            "x":357,
            "y":201,
            "w":113,
            "h":122,
            "index":8
        },
        {
            "x":473,
            "y":239,
            "w":59,
            "h":56,
            "index":9
        },
        {
            "x":224,
            "y":287,
            "w":567,
            "h":410,
            "index":10
        },
        {
            "x":301,
            "y":335,
            "w":380,
            "h":165,
            "index":11
        },
        {
            "x":308,
            "y":408,
            "w":393,
            "h":264,
            "index":12
        },
        {
            "x":550,
            "y":466,
            "w":87,
            "h":92,
            "index":13
        },
        {
            "x":366,
            "y":468,
            "w":85,
            "h":92,
            "index":14
        },
        {
            "x":418,
            "y":490,
            "w":18,
            "h":20,
            "index":15
        },
        {
            "x":567,
            "y":491,
            "w":18,
            "h":19,
            "index":16
        },
        {
            "x":649,
            "y":539,
            "w":24,
            "h":33,
            "index":17
        },
        {
            "x":481,
            "y":542,
            "w":36,
            "h":28,
            "index":18
        },
        {
            "x":334,
            "y":544,
            "w":22,
            "h":30,
            "index":19
        },
        {
            "x":614,
            "y":570,
            "w":29,
            "h":33,
            "index":20
        },
        {
            "x":645,
            "y":570,
            "w":21,
            "h":35,
            "index":21
        },
        {
            "x":342,
            "y":571,
            "w":22,
            "h":35,
            "index":22
        },
        {
            "x":366,
            "y":572,
            "w":28,
            "h":31,
            "index":23
        },
        {
            "x":403,
            "y":591,
            "w":34,
            "h":34,
            "index":24
        },
        {
            "x":570,
            "y":591,
            "w":35,
            "h":34,
            "index":25
        },
        {
            "x":369,
            "y":592,
            "w":40,
            "h":38,
            "index":26
        },
        {
            "x":599,
            "y":592,
            "w":41,
            "h":39,
            "index":27
        },
        {
            "x":445,
            "y":603,
            "w":32,
            "h":29,
            "index":28
        },
        {
            "x":528,
            "y":604,
            "w":33,
            "h":31,
            "index":29
        },
        {
            "x":415,
            "y":606,
            "w":41,
            "h":33,
            "index":30
        },
        {
            "x":485,
            "y":607,
            "w":34,
            "h":30,
            "index":31
        },
        {
            "x":551,
            "y":607,
            "w":43,
            "h":34,
            "index":32
        },
        {
            "x":462,
            "y":612,
            "w":37,
            "h":31,
            "index":33
        },
        {
            "x":506,
            "y":612,
            "w":38,
            "h":31,
            "index":34
        },
        {
            "x":328,
            "y":653,
            "w":237,
            "h":222,
            "index":35
        },
        {
            "x":281,
            "y":661,
            "w":98,
            "h":150,
            "index":36
        },
        {
            "x":437,
            "y":663,
            "w":268,
            "h":316,
            "index":37
        },
        {
            "x":442,
            "y":674,
            "w":26,
            "h":15,
            "index":38
        },
        {
            "x":469,
            "y":675,
            "w":211,
            "h":156,
            "index":39
        },
        {
            "x":244,
            "y":797,
            "w":191,
            "h":152,
            "index":40
        },
        {
            "x":701,
            "y":800,
            "w":97,
            "h":111,
            "index":41
        },
        {
            "x":257,
            "y":823,
            "w":55,
            "h":110,
            "index":42
        },
        {
            "x":453,
            "y":845,
            "w":70,
            "h":113,
            "index":43
        }
    ]
}