{
    "image":"game.png",
    "width":1024,
    "height":1024,
    "selectTab":{
        "id":"01"
    },
    "selectColor":{
        "id":"FCCFCA",
        "color":"#FCCFCA"
    },
    "list":[
        {
            "x":0,
            "y":0,
            "w":1024,
            "h":1024,
            "index":0
        },
        {
            "x":535,
            "y":37,
            "w":159,
            "h":245,
            "index":1
        },
        {
            "x":313,
            "y":43,
            "w":151,
            "h":239,
            "index":2
        },
        {
            "x":570,
            "y":94,
            "w":82,
            "h":113,
            "index":3
        },
        {
            "x":350,
            "y":99,
            "w":79,
            "h":109,
            "index":4
        },
        {
            "x":590,
            "y":157,
            "w":42,
            "h":42,
            "index":5
        },
        {
            "x":374,
            "y":168,
            "w":34,
            "h":30,
            "index":6
        },
        {
            "x":536,
            "y":201,
            "w":108,
            "h":118,
            "index":7
        },
        {
            "x":358,
            "y":202,
            "w":111,
            "h":120,
            "index":8
        },
        {
            "x":474,
            "y":240,
            "w":56,
            "h":54,
            "index":9
        },
        {
            "x":225,
            "y":288,
            "w":565,
            "h":407,
            "index":10
        },
        {
            "x":302,
            "y":337,
            "w":378,
            "h":162,
            "index":11
        },
        {
            "x":308,
            "y":411,
            "w":392,
            "h":260,
            "index":12
        },
        {
            "x":551,
            "y":467,
            "w":85,
            "h":90,
            "index":13
        },
        {
            "x":366,
            "y":468,
            "w":85,
            "h":91,
            "index":14
        },
        {
            "x":418,
            "y":491,
            "w":17,
            "h":18,
            "index":15
        },
        {
            "x":568,
            "y":492,
            "w":16,
            "h":17,
            "index":16
        },
        {
            "x":651,
            "y":540,
            "w":22,
            "h":31,
            "index":17
        },
        {
            "x":482,
            "y":543,
            "w":35,
            "h":26,
            "index":18
        },
        {
            "x":335,
            "y":547,
            "w":20,
            "h":26,
            "index":19
        },
        {
            "x":343,
            "y":572,
            "w":19,
            "h":32,
            "index":20
        },
        {
            "x":615,
            "y":572,
            "w":27,
            "h":30,
            "index":21
        },
        {
            "x":646,
            "y":572,
            "w":19,
            "h":32,
            "index":22
        },
        {
            "x":367,
            "y":574,
            "w":25,
            "h":28,
            "index":23
        },
        {
            "x":404,
            "y":592,
            "w":31,
            "h":31,
            "index":24
        },
        {
            "x":571,
            "y":593,
            "w":33,
            "h":30,
            "index":25
        },
        {
            "x":600,
            "y":593,
            "w":39,
            "h":37,
            "index":26
        },
        {
            "x":370,
            "y":594,
            "w":38,
            "h":34,
            "index":27
        },
        {
            "x":446,
            "y":603,
            "w":30,
            "h":28,
            "index":28
        },
        {
            "x":529,
            "y":605,
            "w":30,
            "h":29,
            "index":29
        },
        {
            "x":417,
            "y":607,
            "w":38,
            "h":31,
            "index":30
        },
        {
            "x":486,
            "y":608,
            "w":31,
            "h":27,
            "index":31
        },
        {
            "x":552,
            "y":608,
            "w":41,
            "h":31,
            "index":32
        },
        {
            "x":507,
            "y":613,
            "w":35,
            "h":29,
            "index":33
        },
        {
            "x":463,
            "y":614,
            "w":34,
            "h":28,
            "index":34
        },
        {
            "x":329,
            "y":654,
            "w":235,
            "h":221,
            "index":35
        },
        {
            "x":282,
            "y":663,
            "w":96,
            "h":147,
            "index":36
        },
        {
            "x":438,
            "y":664,
            "w":266,
            "h":314,
            "index":37
        },
        {
            "x":444,
            "y":675,
            "w":22,
            "h":13,
            "index":38
        },
        {
            "x":469,
            "y":676,
            "w":210,
            "h":154,
            "index":39
        },
        {
            "x":246,
            "y":798,
            "w":188,
            "h":150,
            "index":40
        },
        {
            "x":702,
            "y":801,
            "w":95,
            "h":109,
            "index":41
        },
        {
            "x":258,
            "y":824,
            "w":54,
            "h":109,
            "index":42
        },
        {
            "x":454,
            "y":846,
            "w":68,
            "h":111,
            "index":43
        }
    ]
}