{
    "image":"game.png",
    "width":1024,
    "height":1024,
    "selectTab":{
        "id":"01"
    },
    "selectColor":{
        "id":"FCCFCA",
        "color":"#FCCFCA"
    },
    "list":[
        {
            "x":0,
            "y":0,
            "w":1024,
            "h":1024,
            "index":0
        },
        {
            "x":593,
            "y":105,
            "w":168,
            "h":459,
            "index":1
        },
        {
            "x":580,
            "y":108,
            "w":29,
            "h":45,
            "index":2
        },
        {
            "x":546,
            "y":117,
            "w":40,
            "h":46,
            "index":3
        },
        {
            "x":604,
            "y":150,
            "w":52,
            "h":43,
            "index":4
        },
        {
            "x":582,
            "y":155,
            "w":21,
            "h":13,
            "index":5
        },
        {
            "x":384,
            "y":159,
            "w":291,
            "h":384,
            "index":6
        },
        {
            "x":548,
            "y":284,
            "w":14,
            "h":28,
            "index":7
        },
        {
            "x":591,
            "y":343,
            "w":23,
            "h":59,
            "index":8
        },
        {
            "x":394,
            "y":347,
            "w":23,
            "h":61,
            "index":9
        },
        {
            "x":599,
            "y":401,
            "w":24,
            "h":20,
            "index":10
        },
        {
            "x":386,
            "y":452,
            "w":109,
            "h":27,
            "index":11
        },
        {
            "x":388,
            "y":463,
            "w":102,
            "h":37,
            "index":12
        },
        {
            "x":488,
            "y":474,
            "w":15,
            "h":32,
            "index":13
        },
        {
            "x":370,
            "y":475,
            "w":20,
            "h":28,
            "index":14
        },
        {
            "x":423,
            "y":483,
            "w":244,
            "h":310,
            "index":15
        },
        {
            "x":393,
            "y":485,
            "w":56,
            "h":51,
            "index":16
        },
        {
            "x":364,
            "y":492,
            "w":35,
            "h":39,
            "index":17
        },
        {
            "x":450,
            "y":497,
            "w":23,
            "h":20,
            "index":18
        },
        {
            "x":507,
            "y":506,
            "w":96,
            "h":129,
            "index":19
        },
        {
            "x":549,
            "y":508,
            "w":82,
            "h":153,
            "index":20
        },
        {
            "x":387,
            "y":509,
            "w":4,
            "h":7,
            "index":21
        },
        {
            "x":313,
            "y":515,
            "w":106,
            "h":252,
            "index":22
        },
        {
            "x":571,
            "y":518,
            "w":119,
            "h":169,
            "index":23
        },
        {
            "x":438,
            "y":519,
            "w":6,
            "h":4,
            "index":24
        },
        {
            "x":383,
            "y":529,
            "w":75,
            "h":50,
            "index":25
        },
        {
            "x":385,
            "y":571,
            "w":74,
            "h":17,
            "index":26
        },
        {
            "x":346,
            "y":584,
            "w":26,
            "h":41,
            "index":27
        },
        {
            "x":401,
            "y":589,
            "w":39,
            "h":195,
            "index":28
        },
        {
            "x":424,
            "y":590,
            "w":109,
            "h":188,
            "index":29
        },
        {
            "x":387,
            "y":617,
            "w":23,
            "h":146,
            "index":30
        },
        {
            "x":344,
            "y":624,
            "w":11,
            "h":10,
            "index":31
        },
        {
            "x":668,
            "y":674,
            "w":20,
            "h":13,
            "index":32
        },
        {
            "x":532,
            "y":725,
            "w":23,
            "h":70,
            "index":33
        },
        {
            "x":557,
            "y":761,
            "w":12,
            "h":15,
            "index":34
        },
        {
            "x":345,
            "y":765,
            "w":310,
            "h":229,
            "index":35
        },
        {
            "x":407,
            "y":768,
            "w":9,
            "h":11,
            "index":36
        },
        {
            "x":538,
            "y":778,
            "w":10,
            "h":11,
            "index":37
        },
        {
            "x":561,
            "y":875,
            "w":28,
            "h":26,
            "index":38
        },
        {
            "x":336,
            "y":947,
            "w":143,
            "h":69,
            "index":39
        },
        {
            "x":479,
            "y":957,
            "w":184,
            "h":66,
            "index":40
        },
        {
            "x":359,
            "y":997,
            "w":125,
            "h":27,
            "index":41
        },
        {
            "x":566,
            "y":1002,
            "w":77,
            "h":22,
            "index":42
        }
    ]
}