{
    "image":"game.png",
    "width":1024,
    "height":1024,
    "selectTab":{
        "id":"01"
    },
    "selectColor":{
        "id":"FCCFCA",
        "color":"#FCCFCA"
    },
    "list":[
        {
            "x":0,
            "y":0,
            "w":1024,
            "h":686,
            "index":0
        },
        {
            "x":633,
            "y":35,
            "w":252,
            "h":238,
            "index":1
        },
        {
            "x":813,
            "y":35,
            "w":188,
            "h":317,
            "index":2
        },
        {
            "x":917,
            "y":35,
            "w":85,
            "h":206,
            "index":3
        },
        {
            "x":601,
            "y":36,
            "w":97,
            "h":320,
            "index":4
        },
        {
            "x":124,
            "y":37,
            "w":58,
            "h":65,
            "index":5
        },
        {
            "x":187,
            "y":48,
            "w":59,
            "h":63,
            "index":6
        },
        {
            "x":688,
            "y":73,
            "w":20,
            "h":21,
            "index":7
        },
        {
            "x":456,
            "y":75,
            "w":11,
            "h":8,
            "index":8
        },
        {
            "x":762,
            "y":77,
            "w":77,
            "h":81,
            "index":9
        },
        {
            "x":950,
            "y":79,
            "w":30,
            "h":30,
            "index":10
        },
        {
            "x":25,
            "y":84,
            "w":95,
            "h":133,
            "index":11
        },
        {
            "x":442,
            "y":86,
            "w":36,
            "h":20,
            "index":12
        },
        {
            "x":13,
            "y":87,
            "w":16,
            "h":129,
            "index":13
        },
        {
            "x":226,
            "y":93,
            "w":58,
            "h":35,
            "index":14
        },
        {
            "x":115,
            "y":100,
            "w":69,
            "h":50,
            "index":15
        },
        {
            "x":316,
            "y":103,
            "w":25,
            "h":43,
            "index":16
        },
        {
            "x":42,
            "y":104,
            "w":59,
            "h":91,
            "index":17
        },
        {
            "x":404,
            "y":109,
            "w":113,
            "h":114,
            "index":18
        },
        {
            "x":190,
            "y":111,
            "w":61,
            "h":57,
            "index":19
        },
        {
            "x":58,
            "y":125,
            "w":30,
            "h":53,
            "index":20
        },
        {
            "x":421,
            "y":125,
            "w":80,
            "h":82,
            "index":21
        },
        {
            "x":179,
            "y":132,
            "w":12,
            "h":26,
            "index":22
        },
        {
            "x":118,
            "y":140,
            "w":57,
            "h":77,
            "index":23
        },
        {
            "x":298,
            "y":143,
            "w":26,
            "h":18,
            "index":24
        },
        {
            "x":328,
            "y":145,
            "w":29,
            "h":16,
            "index":25
        },
        {
            "x":437,
            "y":150,
            "w":48,
            "h":42,
            "index":26
        },
        {
            "x":196,
            "y":153,
            "w":9,
            "h":5,
            "index":27
        },
        {
            "x":143,
            "y":164,
            "w":96,
            "h":25,
            "index":28
        },
        {
            "x":296,
            "y":164,
            "w":60,
            "h":21,
            "index":29
        },
        {
            "x":944,
            "y":167,
            "w":20,
            "h":17,
            "index":30
        },
        {
            "x":684,
            "y":169,
            "w":25,
            "h":24,
            "index":31
        },
        {
            "x":71,
            "y":181,
            "w":3,
            "h":4,
            "index":32
        },
        {
            "x":147,
            "y":181,
            "w":90,
            "h":36,
            "index":33
        },
        {
            "x":295,
            "y":189,
            "w":63,
            "h":28,
            "index":34
        },
        {
            "x":832,
            "y":198,
            "w":21,
            "h":23,
            "index":35
        },
        {
            "x":0,
            "y":222,
            "w":392,
            "h":35,
            "index":36
        },
        {
            "x":437,
            "y":229,
            "w":410,
            "h":543,
            "index":37
        },
        {
            "x":917,
            "y":233,
            "w":85,
            "h":85,
            "index":38
        },
        {
            "x":818,
            "y":258,
            "w":67,
            "h":60,
            "index":39
        },
        {
            "x":634,
            "y":259,
            "w":93,
            "h":59,
            "index":40
        },
        {
            "x":0,
            "y":262,
            "w":75,
            "h":55,
            "index":41
        },
        {
            "x":79,
            "y":262,
            "w":104,
            "h":48,
            "index":42
        },
        {
            "x":187,
            "y":262,
            "w":136,
            "h":57,
            "index":43
        },
        {
            "x":327,
            "y":262,
            "w":45,
            "h":57,
            "index":44
        },
        {
            "x":511,
            "y":275,
            "w":54,
            "h":104,
            "index":45
        },
        {
            "x":717,
            "y":280,
            "w":65,
            "h":110,
            "index":46
        },
        {
            "x":49,
            "y":305,
            "w":97,
            "h":53,
            "index":47
        },
        {
            "x":142,
            "y":309,
            "w":99,
            "h":77,
            "index":48
        },
        {
            "x":0,
            "y":312,
            "w":55,
            "h":72,
            "index":49
        },
        {
            "x":218,
            "y":323,
            "w":59,
            "h":47,
            "index":50
        },
        {
            "x":282,
            "y":324,
            "w":88,
            "h":65,
            "index":51
        },
        {
            "x":210,
            "y":349,
            "w":87,
            "h":87,
            "index":52
        },
        {
            "x":0,
            "y":360,
            "w":255,
            "h":261,
            "index":53
        },
        {
            "x":723,
            "y":373,
            "w":238,
            "h":560,
            "index":54
        },
        {
            "x":8,
            "y":389,
            "w":206,
            "h":186,
            "index":55
        },
        {
            "x":294,
            "y":393,
            "w":40,
            "h":60,
            "index":56
        },
        {
            "x":338,
            "y":393,
            "w":32,
            "h":60,
            "index":57
        },
        {
            "x":248,
            "y":423,
            "w":65,
            "h":77,
            "index":58
        },
        {
            "x":475,
            "y":453,
            "w":298,
            "h":198,
            "index":59
        },
        {
            "x":314,
            "y":457,
            "w":56,
            "h":63,
            "index":60
        },
        {
            "x":55,
            "y":491,
            "w":104,
            "h":75,
            "index":61
        },
        {
            "x":260,
            "y":504,
            "w":54,
            "h":63,
            "index":62
        },
        {
            "x":513,
            "y":508,
            "w":56,
            "h":72,
            "index":63
        },
        {
            "x":653,
            "y":513,
            "w":64,
            "h":74,
            "index":64
        },
        {
            "x":319,
            "y":524,
            "w":51,
            "h":61,
            "index":65
        },
        {
            "x":551,
            "y":534,
            "w":6,
            "h":13,
            "index":66
        },
        {
            "x":685,
            "y":537,
            "w":6,
            "h":13,
            "index":67
        },
        {
            "x":591,
            "y":561,
            "w":24,
            "h":18,
            "index":68
        },
        {
            "x":80,
            "y":566,
            "w":138,
            "h":55,
            "index":69
        },
        {
            "x":43,
            "y":571,
            "w":43,
            "h":50,
            "index":70
        },
        {
            "x":260,
            "y":572,
            "w":54,
            "h":55,
            "index":71
        },
        {
            "x":15,
            "y":579,
            "w":34,
            "h":42,
            "index":72
        },
        {
            "x":59,
            "y":584,
            "w":14,
            "h":23,
            "index":73
        },
        {
            "x":319,
            "y":589,
            "w":51,
            "h":38,
            "index":74
        },
        {
            "x":553,
            "y":600,
            "w":18,
            "h":14,
            "index":75
        },
        {
            "x":641,
            "y":603,
            "w":29,
            "h":17,
            "index":76
        },
        {
            "x":313,
            "y":606,
            "w":178,
            "h":284,
            "index":77
        },
        {
            "x":573,
            "y":607,
            "w":28,
            "h":20,
            "index":78
        },
        {
            "x":605,
            "y":610,
            "w":31,
            "h":19,
            "index":79
        },
        {
            "x":163,
            "y":624,
            "w":199,
            "h":23,
            "index":80
        },
        {
            "x":0,
            "y":626,
            "w":83,
            "h":21,
            "index":81
        },
        {
            "x":71,
            "y":626,
            "w":115,
            "h":21,
            "index":82
        },
        {
            "x":434,
            "y":632,
            "w":43,
            "h":35,
            "index":83
        },
        {
            "x":195,
            "y":651,
            "w":135,
            "h":34,
            "index":84
        },
        {
            "x":0,
            "y":652,
            "w":86,
            "h":33,
            "index":85
        },
        {
            "x":90,
            "y":652,
            "w":101,
            "h":33,
            "index":86
        },
        {
            "x":434,
            "y":664,
            "w":90,
            "h":75,
            "index":87
        },
        {
            "x":657,
            "y":668,
            "w":55,
            "h":28,
            "index":88
        },
        {
            "x":0,
            "y":690,
            "w":124,
            "h":64,
            "index":89
        },
        {
            "x":128,
            "y":690,
            "w":189,
            "h":53,
            "index":90
        },
        {
            "x":931,
            "y":691,
            "w":93,
            "h":34,
            "index":91
        },
        {
            "x":522,
            "y":700,
            "w":19,
            "h":20,
            "index":92
        },
        {
            "x":487,
            "y":703,
            "w":122,
            "h":62,
            "index":93
        },
        {
            "x":221,
            "y":704,
            "w":25,
            "h":35,
            "index":94
        },
        {
            "x":234,
            "y":704,
            "w":35,
            "h":48,
            "index":95
        },
        {
            "x":244,
            "y":710,
            "w":39,
            "h":49,
            "index":96
        },
        {
            "x":209,
            "y":711,
            "w":13,
            "h":17,
            "index":97
        },
        {
            "x":559,
            "y":712,
            "w":39,
            "h":23,
            "index":98
        },
        {
            "x":263,
            "y":721,
            "w":28,
            "h":19,
            "index":99
        },
        {
            "x":687,
            "y":721,
            "w":108,
            "h":218,
            "index":100
        },
        {
            "x":160,
            "y":728,
            "w":38,
            "h":52,
            "index":101
        },
        {
            "x":174,
            "y":730,
            "w":52,
            "h":56,
            "index":102
        },
        {
            "x":406,
            "y":730,
            "w":66,
            "h":70,
            "index":103
        },
        {
            "x":0,
            "y":730,
            "w":1024,
            "h":294,
            "index":104
        },
        {
            "x":146,
            "y":733,
            "w":26,
            "h":42,
            "index":105
        },
        {
            "x":251,
            "y":739,
            "w":65,
            "h":44,
            "index":106
        },
        {
            "x":295,
            "y":739,
            "w":36,
            "h":38,
            "index":107
        },
        {
            "x":465,
            "y":739,
            "w":136,
            "h":69,
            "index":108
        },
        {
            "x":215,
            "y":744,
            "w":25,
            "h":32,
            "index":109
        },
        {
            "x":117,
            "y":746,
            "w":29,
            "h":51,
            "index":110
        },
        {
            "x":618,
            "y":753,
            "w":229,
            "h":243,
            "index":111
        },
        {
            "x":567,
            "y":754,
            "w":113,
            "h":150,
            "index":112
        },
        {
            "x":202,
            "y":757,
            "w":34,
            "h":32,
            "index":113
        },
        {
            "x":137,
            "y":758,
            "w":6,
            "h":7,
            "index":114
        },
        {
            "x":374,
            "y":762,
            "w":75,
            "h":106,
            "index":115
        },
        {
            "x":244,
            "y":763,
            "w":47,
            "h":23,
            "index":116
        },
        {
            "x":644,
            "y":769,
            "w":45,
            "h":54,
            "index":117
        },
        {
            "x":199,
            "y":775,
            "w":27,
            "h":13,
            "index":118
        },
        {
            "x":137,
            "y":776,
            "w":37,
            "h":36,
            "index":119
        },
        {
            "x":302,
            "y":777,
            "w":31,
            "h":36,
            "index":120
        },
        {
            "x":240,
            "y":781,
            "w":27,
            "h":7,
            "index":121
        },
        {
            "x":452,
            "y":784,
            "w":117,
            "h":71,
            "index":122
        },
        {
            "x":173,
            "y":788,
            "w":40,
            "h":30,
            "index":123
        },
        {
            "x":264,
            "y":788,
            "w":37,
            "h":31,
            "index":124
        },
        {
            "x":215,
            "y":793,
            "w":48,
            "h":27,
            "index":125
        },
        {
            "x":126,
            "y":799,
            "w":27,
            "h":31,
            "index":126
        },
        {
            "x":325,
            "y":811,
            "w":10,
            "h":18,
            "index":127
        },
        {
            "x":156,
            "y":814,
            "w":41,
            "h":27,
            "index":128
        },
        {
            "x":291,
            "y":814,
            "w":32,
            "h":24,
            "index":129
        },
        {
            "x":849,
            "y":815,
            "w":27,
            "h":60,
            "index":130
        },
        {
            "x":248,
            "y":822,
            "w":40,
            "h":21,
            "index":131
        },
        {
            "x":201,
            "y":823,
            "w":45,
            "h":20,
            "index":132
        },
        {
            "x":435,
            "y":826,
            "w":132,
            "h":76,
            "index":133
        },
        {
            "x":133,
            "y":828,
            "w":42,
            "h":42,
            "index":134
        },
        {
            "x":308,
            "y":830,
            "w":29,
            "h":34,
            "index":135
        },
        {
            "x":269,
            "y":841,
            "w":38,
            "h":32,
            "index":136
        },
        {
            "x":176,
            "y":843,
            "w":44,
            "h":32,
            "index":137
        },
        {
            "x":224,
            "y":847,
            "w":43,
            "h":29,
            "index":138
        },
        {
            "x":390,
            "y":851,
            "w":33,
            "h":44,
            "index":139
        },
        {
            "x":550,
            "y":857,
            "w":154,
            "h":83,
            "index":140
        },
        {
            "x":408,
            "y":870,
            "w":142,
            "h":84,
            "index":141
        },
        {
            "x":874,
            "y":873,
            "w":27,
            "h":9,
            "index":142
        },
        {
            "x":857,
            "y":874,
            "w":68,
            "h":115,
            "index":143
        },
        {
            "x":116,
            "y":880,
            "w":39,
            "h":81,
            "index":144
        },
        {
            "x":90,
            "y":881,
            "w":51,
            "h":92,
            "index":145
        },
        {
            "x":875,
            "y":881,
            "w":68,
            "h":113,
            "index":146
        },
        {
            "x":858,
            "y":882,
            "w":28,
            "h":17,
            "index":147
        },
        {
            "x":140,
            "y":883,
            "w":22,
            "h":45,
            "index":148
        },
        {
            "x":77,
            "y":890,
            "w":49,
            "h":84,
            "index":149
        },
        {
            "x":360,
            "y":890,
            "w":43,
            "h":35,
            "index":150
        },
        {
            "x":845,
            "y":892,
            "w":27,
            "h":27,
            "index":151
        },
        {
            "x":893,
            "y":892,
            "w":60,
            "h":103,
            "index":152
        },
        {
            "x":741,
            "y":899,
            "w":99,
            "h":86,
            "index":153
        },
        {
            "x":68,
            "y":903,
            "w":37,
            "h":31,
            "index":154
        },
        {
            "x":131,
            "y":904,
            "w":42,
            "h":70,
            "index":155
        },
        {
            "x":943,
            "y":904,
            "w":22,
            "h":37,
            "index":156
        },
        {
            "x":838,
            "y":908,
            "w":23,
            "h":32,
            "index":157
        },
        {
            "x":370,
            "y":909,
            "w":147,
            "h":78,
            "index":158
        },
        {
            "x":929,
            "y":917,
            "w":34,
            "h":47,
            "index":159
        },
        {
            "x":67,
            "y":923,
            "w":42,
            "h":28,
            "index":160
        },
        {
            "x":835,
            "y":925,
            "w":20,
            "h":30,
            "index":161
        },
        {
            "x":919,
            "y":931,
            "w":34,
            "h":45,
            "index":162
        },
        {
            "x":335,
            "y":936,
            "w":140,
            "h":69,
            "index":163
        },
        {
            "x":725,
            "y":941,
            "w":13,
            "h":20,
            "index":164
        },
        {
            "x":70,
            "y":945,
            "w":39,
            "h":26,
            "index":165
        },
        {
            "x":688,
            "y":945,
            "w":43,
            "h":43,
            "index":166
        },
        {
            "x":836,
            "y":946,
            "w":17,
            "h":31,
            "index":167
        },
        {
            "x":283,
            "y":949,
            "w":154,
            "h":70,
            "index":168
        },
        {
            "x":913,
            "y":951,
            "w":30,
            "h":36,
            "index":169
        },
        {
            "x":164,
            "y":961,
            "w":55,
            "h":37,
            "index":170
        },
        {
            "x":910,
            "y":970,
            "w":17,
            "h":24,
            "index":171
        }
    ]
}