{
    "image":"game.png",
    "width":1024,
    "height":1024,
    "selectTab":{
        "id":"01"
    },
    "selectColor":{
        "id":"FCCFCA",
        "color":"#FCCFCA"
    },
    "list":[
        {
            "x":0,
            "y":0,
            "w":1024,
            "h":1024,
            "index":0
        },
        {
            "x":521,
            "y":43,
            "w":149,
            "h":205,
            "index":1
        },
        {
            "x":345,
            "y":44,
            "w":139,
            "h":211,
            "index":2
        },
        {
            "x":556,
            "y":84,
            "w":84,
            "h":156,
            "index":3
        },
        {
            "x":380,
            "y":85,
            "w":75,
            "h":157,
            "index":4
        },
        {
            "x":404,
            "y":173,
            "w":109,
            "h":136,
            "index":5
        },
        {
            "x":403,
            "y":176,
            "w":29,
            "h":54,
            "index":6
        },
        {
            "x":581,
            "y":177,
            "w":40,
            "h":58,
            "index":7
        },
        {
            "x":243,
            "y":225,
            "w":540,
            "h":431,
            "index":8
        },
        {
            "x":253,
            "y":235,
            "w":126,
            "h":142,
            "index":9
        },
        {
            "x":354,
            "y":243,
            "w":81,
            "h":79,
            "index":10
        },
        {
            "x":425,
            "y":247,
            "w":31,
            "h":34,
            "index":11
        },
        {
            "x":327,
            "y":281,
            "w":34,
            "h":34,
            "index":12
        },
        {
            "x":303,
            "y":327,
            "w":420,
            "h":296,
            "index":13
        },
        {
            "x":549,
            "y":429,
            "w":93,
            "h":117,
            "index":14
        },
        {
            "x":386,
            "y":431,
            "w":93,
            "h":115,
            "index":15
        },
        {
            "x":435,
            "y":456,
            "w":13,
            "h":20,
            "index":16
        },
        {
            "x":580,
            "y":457,
            "w":13,
            "h":19,
            "index":17
        },
        {
            "x":691,
            "y":472,
            "w":25,
            "h":36,
            "index":18
        },
        {
            "x":494,
            "y":501,
            "w":41,
            "h":31,
            "index":19
        },
        {
            "x":665,
            "y":513,
            "w":24,
            "h":30,
            "index":20
        },
        {
            "x":330,
            "y":519,
            "w":31,
            "h":26,
            "index":21
        },
        {
            "x":632,
            "y":543,
            "w":29,
            "h":25,
            "index":22
        },
        {
            "x":365,
            "y":547,
            "w":29,
            "h":28,
            "index":23
        },
        {
            "x":591,
            "y":567,
            "w":33,
            "h":27,
            "index":24
        },
        {
            "x":400,
            "y":568,
            "w":38,
            "h":29,
            "index":25
        },
        {
            "x":446,
            "y":584,
            "w":43,
            "h":25,
            "index":26
        },
        {
            "x":544,
            "y":584,
            "w":38,
            "h":22,
            "index":27
        },
        {
            "x":498,
            "y":593,
            "w":38,
            "h":19,
            "index":28
        },
        {
            "x":333,
            "y":633,
            "w":66,
            "h":68,
            "index":29
        },
        {
            "x":616,
            "y":637,
            "w":64,
            "h":69,
            "index":30
        },
        {
            "x":347,
            "y":640,
            "w":321,
            "h":208,
            "index":31
        },
        {
            "x":453,
            "y":653,
            "w":109,
            "h":19,
            "index":32
        },
        {
            "x":324,
            "y":663,
            "w":55,
            "h":51,
            "index":33
        },
        {
            "x":637,
            "y":667,
            "w":54,
            "h":52,
            "index":34
        },
        {
            "x":300,
            "y":675,
            "w":74,
            "h":78,
            "index":35
        },
        {
            "x":641,
            "y":678,
            "w":73,
            "h":81,
            "index":36
        },
        {
            "x":507,
            "y":681,
            "w":30,
            "h":36,
            "index":37
        },
        {
            "x":539,
            "y":683,
            "w":28,
            "h":18,
            "index":38
        },
        {
            "x":443,
            "y":687,
            "w":130,
            "h":106,
            "index":39
        },
        {
            "x":524,
            "y":699,
            "w":7,
            "h":8,
            "index":40
        },
        {
            "x":531,
            "y":701,
            "w":20,
            "h":20,
            "index":41
        },
        {
            "x":547,
            "y":703,
            "w":26,
            "h":29,
            "index":42
        },
        {
            "x":291,
            "y":713,
            "w":53,
            "h":60,
            "index":43
        },
        {
            "x":552,
            "y":714,
            "w":5,
            "h":6,
            "index":44
        },
        {
            "x":673,
            "y":719,
            "w":47,
            "h":53,
            "index":45
        },
        {
            "x":502,
            "y":763,
            "w":11,
            "h":6,
            "index":46
        },
        {
            "x":365,
            "y":831,
            "w":140,
            "h":92,
            "index":47
        },
        {
            "x":506,
            "y":837,
            "w":138,
            "h":88,
            "index":48
        },
        {
            "x":469,
            "y":850,
            "w":69,
            "h":5,
            "index":49
        },
        {
            "x":409,
            "y":908,
            "w":82,
            "h":44,
            "index":50
        },
        {
            "x":513,
            "y":911,
            "w":87,
            "h":42,
            "index":51
        }
    ]
}