{
    "image":"game.png",
    "width":1024,
    "height":1024,
    "selectTab":{
        "id":"01"
    },
    "selectColor":{
        "id":"FCCFCA",
        "color":"#FCCFCA"
    },
    "list":[
        {
            "x":0,
            "y":0,
            "w":158,
            "h":217,
            "index":0
        },
        {
            "x":82,
            "y":0,
            "w":231,
            "h":169,
            "index":1
        },
        {
            "x":89,
            "y":0,
            "w":935,
            "h":420,
            "index":2
        },
        {
            "x":510,
            "y":58,
            "w":148,
            "h":114,
            "index":3
        },
        {
            "x":625,
            "y":58,
            "w":131,
            "h":113,
            "index":4
        },
        {
            "x":734,
            "y":58,
            "w":121,
            "h":113,
            "index":5
        },
        {
            "x":842,
            "y":58,
            "w":113,
            "h":113,
            "index":6
        },
        {
            "x":948,
            "y":58,
            "w":76,
            "h":113,
            "index":7
        },
        {
            "x":282,
            "y":59,
            "w":174,
            "h":113,
            "index":8
        },
        {
            "x":401,
            "y":59,
            "w":155,
            "h":113,
            "index":9
        },
        {
            "x":89,
            "y":123,
            "w":164,
            "h":178,
            "index":10
        },
        {
            "x":0,
            "y":147,
            "w":25,
            "h":79,
            "index":11
        },
        {
            "x":279,
            "y":176,
            "w":114,
            "h":70,
            "index":12
        },
        {
            "x":398,
            "y":176,
            "w":106,
            "h":70,
            "index":13
        },
        {
            "x":508,
            "y":176,
            "w":111,
            "h":69,
            "index":14
        },
        {
            "x":624,
            "y":176,
            "w":104,
            "h":69,
            "index":15
        },
        {
            "x":732,
            "y":176,
            "w":105,
            "h":69,
            "index":16
        },
        {
            "x":841,
            "y":176,
            "w":104,
            "h":69,
            "index":17
        },
        {
            "x":949,
            "y":176,
            "w":75,
            "h":70,
            "index":18
        },
        {
            "x":0,
            "y":194,
            "w":140,
            "h":490,
            "index":19
        },
        {
            "x":0,
            "y":217,
            "w":18,
            "h":54,
            "index":20
        },
        {
            "x":469,
            "y":219,
            "w":529,
            "h":171,
            "index":21
        },
        {
            "x":371,
            "y":222,
            "w":24,
            "h":254,
            "index":22
        },
        {
            "x":402,
            "y":231,
            "w":27,
            "h":211,
            "index":23
        },
        {
            "x":144,
            "y":239,
            "w":42,
            "h":53,
            "index":24
        },
        {
            "x":320,
            "y":249,
            "w":44,
            "h":270,
            "index":25
        },
        {
            "x":1005,
            "y":251,
            "w":19,
            "h":120,
            "index":26
        },
        {
            "x":435,
            "y":252,
            "w":27,
            "h":155,
            "index":27
        },
        {
            "x":575,
            "y":267,
            "w":183,
            "h":119,
            "index":28
        },
        {
            "x":864,
            "y":287,
            "w":112,
            "h":47,
            "index":29
        },
        {
            "x":790,
            "y":297,
            "w":16,
            "h":80,
            "index":30
        },
        {
            "x":0,
            "y":311,
            "w":16,
            "h":295,
            "index":31
        },
        {
            "x":91,
            "y":331,
            "w":222,
            "h":189,
            "index":32
        },
        {
            "x":625,
            "y":333,
            "w":26,
            "h":10,
            "index":33
        },
        {
            "x":815,
            "y":365,
            "w":88,
            "h":78,
            "index":34
        },
        {
            "x":957,
            "y":373,
            "w":67,
            "h":93,
            "index":35
        },
        {
            "x":776,
            "y":383,
            "w":40,
            "h":14,
            "index":36
        },
        {
            "x":408,
            "y":392,
            "w":117,
            "h":56,
            "index":37
        },
        {
            "x":565,
            "y":392,
            "w":151,
            "h":20,
            "index":38
        },
        {
            "x":687,
            "y":392,
            "w":83,
            "h":78,
            "index":39
        },
        {
            "x":674,
            "y":393,
            "w":65,
            "h":69,
            "index":40
        },
        {
            "x":508,
            "y":395,
            "w":74,
            "h":63,
            "index":41
        },
        {
            "x":907,
            "y":395,
            "w":50,
            "h":10,
            "index":42
        },
        {
            "x":749,
            "y":400,
            "w":89,
            "h":87,
            "index":43
        },
        {
            "x":579,
            "y":404,
            "w":81,
            "h":83,
            "index":44
        },
        {
            "x":882,
            "y":405,
            "w":91,
            "h":113,
            "index":45
        },
        {
            "x":434,
            "y":414,
            "w":84,
            "h":69,
            "index":46
        },
        {
            "x":660,
            "y":417,
            "w":34,
            "h":29,
            "index":47
        },
        {
            "x":856,
            "y":426,
            "w":168,
            "h":113,
            "index":48
        },
        {
            "x":721,
            "y":436,
            "w":23,
            "h":31,
            "index":49
        },
        {
            "x":823,
            "y":446,
            "w":80,
            "h":72,
            "index":50
        },
        {
            "x":554,
            "y":451,
            "w":64,
            "h":65,
            "index":51
        },
        {
            "x":381,
            "y":452,
            "w":78,
            "h":63,
            "index":52
        },
        {
            "x":507,
            "y":454,
            "w":440,
            "h":458,
            "index":53
        },
        {
            "x":485,
            "y":457,
            "w":77,
            "h":59,
            "index":54
        },
        {
            "x":972,
            "y":468,
            "w":52,
            "h":128,
            "index":55
        },
        {
            "x":934,
            "y":470,
            "w":50,
            "h":48,
            "index":56
        },
        {
            "x":342,
            "y":481,
            "w":35,
            "h":39,
            "index":57
        },
        {
            "x":442,
            "y":485,
            "w":43,
            "h":31,
            "index":58
        },
        {
            "x":154,
            "y":510,
            "w":94,
            "h":10,
            "index":59
        },
        {
            "x":374,
            "y":510,
            "w":8,
            "h":6,
            "index":60
        },
        {
            "x":363,
            "y":522,
            "w":210,
            "h":16,
            "index":61
        },
        {
            "x":58,
            "y":526,
            "w":299,
            "h":223,
            "index":62
        },
        {
            "x":364,
            "y":543,
            "w":187,
            "h":52,
            "index":63
        },
        {
            "x":863,
            "y":545,
            "w":103,
            "h":50,
            "index":64
        },
        {
            "x":993,
            "y":557,
            "w":31,
            "h":39,
            "index":65
        },
        {
            "x":171,
            "y":598,
            "w":11,
            "h":11,
            "index":66
        },
        {
            "x":266,
            "y":598,
            "w":10,
            "h":11,
            "index":67
        },
        {
            "x":318,
            "y":601,
            "w":73,
            "h":177,
            "index":68
        },
        {
            "x":143,
            "y":602,
            "w":6,
            "h":10,
            "index":69
        },
        {
            "x":396,
            "y":602,
            "w":185,
            "h":145,
            "index":70
        },
        {
            "x":885,
            "y":602,
            "w":61,
            "h":151,
            "index":71
        },
        {
            "x":951,
            "y":602,
            "w":39,
            "h":178,
            "index":72
        },
        {
            "x":995,
            "y":602,
            "w":29,
            "h":178,
            "index":73
        },
        {
            "x":460,
            "y":641,
            "w":22,
            "h":39,
            "index":74
        },
        {
            "x":196,
            "y":656,
            "w":11,
            "h":11,
            "index":75
        },
        {
            "x":167,
            "y":662,
            "w":5,
            "h":8,
            "index":76
        },
        {
            "x":406,
            "y":679,
            "w":113,
            "h":95,
            "index":77
        },
        {
            "x":0,
            "y":690,
            "w":1024,
            "h":334,
            "index":78
        },
        {
            "x":704,
            "y":727,
            "w":186,
            "h":214,
            "index":79
        },
        {
            "x":713,
            "y":744,
            "w":99,
            "h":75,
            "index":80
        },
        {
            "x":372,
            "y":753,
            "w":109,
            "h":63,
            "index":81
        },
        {
            "x":685,
            "y":789,
            "w":25,
            "h":63,
            "index":82
        },
        {
            "x":793,
            "y":797,
            "w":22,
            "h":16,
            "index":83
        },
        {
            "x":483,
            "y":803,
            "w":45,
            "h":12,
            "index":84
        },
        {
            "x":357,
            "y":805,
            "w":11,
            "h":6,
            "index":85
        },
        {
            "x":352,
            "y":813,
            "w":185,
            "h":38,
            "index":86
        },
        {
            "x":557,
            "y":842,
            "w":75,
            "h":74,
            "index":87
        },
        {
            "x":364,
            "y":848,
            "w":38,
            "h":49,
            "index":88
        },
        {
            "x":499,
            "y":849,
            "w":28,
            "h":48,
            "index":89
        },
        {
            "x":918,
            "y":851,
            "w":47,
            "h":56,
            "index":90
        },
        {
            "x":401,
            "y":855,
            "w":50,
            "h":45,
            "index":91
        },
        {
            "x":454,
            "y":855,
            "w":45,
            "h":45,
            "index":92
        },
        {
            "x":655,
            "y":857,
            "w":94,
            "h":86,
            "index":93
        },
        {
            "x":371,
            "y":896,
            "w":35,
            "h":38,
            "index":94
        },
        {
            "x":493,
            "y":898,
            "w":26,
            "h":35,
            "index":95
        },
        {
            "x":452,
            "y":903,
            "w":40,
            "h":33,
            "index":96
        },
        {
            "x":408,
            "y":904,
            "w":41,
            "h":32,
            "index":97
        }
    ]
}