{
    "image":"game.png",
    "width":1024,
    "height":1024,
    "selectTab":{
        "id":"01"
    },
    "selectColor":{
        "id":"FCCFCA",
        "color":"#FCCFCA"
    },
    "list":[
        {
            "x":0,
            "y":0,
            "w":199,
            "h":1024,
            "index":0
        },
        {
            "x":72,
            "y":0,
            "w":884,
            "h":511,
            "index":1
        },
        {
            "x":486,
            "y":0,
            "w":87,
            "h":13,
            "index":2
        },
        {
            "x":566,
            "y":0,
            "w":37,
            "h":62,
            "index":3
        },
        {
            "x":596,
            "y":0,
            "w":81,
            "h":13,
            "index":4
        },
        {
            "x":667,
            "y":0,
            "w":82,
            "h":62,
            "index":5
        },
        {
            "x":829,
            "y":0,
            "w":195,
            "h":1024,
            "index":6
        },
        {
            "x":748,
            "y":6,
            "w":21,
            "h":34,
            "index":7
        },
        {
            "x":285,
            "y":7,
            "w":7,
            "h":7,
            "index":8
        },
        {
            "x":724,
            "y":14,
            "w":20,
            "h":26,
            "index":9
        },
        {
            "x":495,
            "y":16,
            "w":70,
            "h":46,
            "index":10
        },
        {
            "x":603,
            "y":16,
            "w":64,
            "h":46,
            "index":11
        },
        {
            "x":285,
            "y":18,
            "w":14,
            "h":47,
            "index":12
        },
        {
            "x":293,
            "y":18,
            "w":25,
            "h":56,
            "index":13
        },
        {
            "x":261,
            "y":20,
            "w":24,
            "h":59,
            "index":14
        },
        {
            "x":765,
            "y":20,
            "w":22,
            "h":20,
            "index":15
        },
        {
            "x":623,
            "y":31,
            "w":23,
            "h":14,
            "index":16
        },
        {
            "x":796,
            "y":34,
            "w":5,
            "h":6,
            "index":17
        },
        {
            "x":711,
            "y":43,
            "w":96,
            "h":20,
            "index":18
        },
        {
            "x":255,
            "y":66,
            "w":49,
            "h":65,
            "index":19
        },
        {
            "x":478,
            "y":66,
            "w":334,
            "h":18,
            "index":20
        },
        {
            "x":216,
            "y":67,
            "w":47,
            "h":73,
            "index":21
        },
        {
            "x":240,
            "y":67,
            "w":20,
            "h":27,
            "index":22
        },
        {
            "x":305,
            "y":68,
            "w":75,
            "h":68,
            "index":23
        },
        {
            "x":194,
            "y":85,
            "w":33,
            "h":59,
            "index":24
        },
        {
            "x":505,
            "y":87,
            "w":20,
            "h":29,
            "index":25
        },
        {
            "x":777,
            "y":87,
            "w":21,
            "h":30,
            "index":26
        },
        {
            "x":226,
            "y":93,
            "w":1,
            "h":1,
            "index":27
        },
        {
            "x":300,
            "y":93,
            "w":38,
            "h":49,
            "index":28
        },
        {
            "x":234,
            "y":110,
            "w":9,
            "h":7,
            "index":29
        },
        {
            "x":309,
            "y":110,
            "w":9,
            "h":7,
            "index":30
        },
        {
            "x":289,
            "y":112,
            "w":24,
            "h":33,
            "index":31
        },
        {
            "x":338,
            "y":114,
            "w":42,
            "h":102,
            "index":32
        },
        {
            "x":558,
            "y":123,
            "w":102,
            "h":137,
            "index":33
        },
        {
            "x":841,
            "y":124,
            "w":50,
            "h":40,
            "index":34
        },
        {
            "x":155,
            "y":125,
            "w":28,
            "h":28,
            "index":35
        },
        {
            "x":228,
            "y":125,
            "w":117,
            "h":37,
            "index":36
        },
        {
            "x":509,
            "y":142,
            "w":309,
            "h":364,
            "index":37
        },
        {
            "x":403,
            "y":143,
            "w":47,
            "h":47,
            "index":38
        },
        {
            "x":234,
            "y":158,
            "w":104,
            "h":38,
            "index":39
        },
        {
            "x":821,
            "y":173,
            "w":69,
            "h":52,
            "index":40
        },
        {
            "x":138,
            "y":194,
            "w":37,
            "h":68,
            "index":41
        },
        {
            "x":361,
            "y":194,
            "w":57,
            "h":151,
            "index":42
        },
        {
            "x":178,
            "y":198,
            "w":20,
            "h":55,
            "index":43
        },
        {
            "x":472,
            "y":206,
            "w":42,
            "h":40,
            "index":44
        },
        {
            "x":229,
            "y":216,
            "w":235,
            "h":316,
            "index":45
        },
        {
            "x":871,
            "y":216,
            "w":37,
            "h":60,
            "index":46
        },
        {
            "x":90,
            "y":217,
            "w":96,
            "h":359,
            "index":47
        },
        {
            "x":845,
            "y":221,
            "w":25,
            "h":50,
            "index":48
        },
        {
            "x":111,
            "y":223,
            "w":79,
            "h":348,
            "index":49
        },
        {
            "x":784,
            "y":226,
            "w":95,
            "h":569,
            "index":50
        },
        {
            "x":905,
            "y":233,
            "w":40,
            "h":39,
            "index":51
        },
        {
            "x":433,
            "y":247,
            "w":37,
            "h":42,
            "index":52
        },
        {
            "x":820,
            "y":257,
            "w":34,
            "h":55,
            "index":53
        },
        {
            "x":181,
            "y":261,
            "w":54,
            "h":315,
            "index":54
        },
        {
            "x":56,
            "y":268,
            "w":96,
            "h":120,
            "index":55
        },
        {
            "x":883,
            "y":278,
            "w":59,
            "h":406,
            "index":56
        },
        {
            "x":201,
            "y":279,
            "w":32,
            "h":32,
            "index":57
        },
        {
            "x":822,
            "y":279,
            "w":67,
            "h":437,
            "index":58
        },
        {
            "x":456,
            "y":290,
            "w":49,
            "h":33,
            "index":59
        },
        {
            "x":205,
            "y":297,
            "w":78,
            "h":201,
            "index":60
        },
        {
            "x":72,
            "y":316,
            "w":1,
            "h":3,
            "index":61
        },
        {
            "x":75,
            "y":320,
            "w":68,
            "h":87,
            "index":62
        },
        {
            "x":907,
            "y":324,
            "w":55,
            "h":62,
            "index":63
        },
        {
            "x":167,
            "y":327,
            "w":20,
            "h":58,
            "index":64
        },
        {
            "x":211,
            "y":328,
            "w":33,
            "h":55,
            "index":65
        },
        {
            "x":950,
            "y":332,
            "w":3,
            "h":2,
            "index":66
        },
        {
            "x":549,
            "y":333,
            "w":25,
            "h":52,
            "index":67
        },
        {
            "x":463,
            "y":347,
            "w":21,
            "h":21,
            "index":68
        },
        {
            "x":265,
            "y":357,
            "w":50,
            "h":52,
            "index":69
        },
        {
            "x":872,
            "y":362,
            "w":15,
            "h":67,
            "index":70
        },
        {
            "x":913,
            "y":377,
            "w":44,
            "h":61,
            "index":71
        },
        {
            "x":158,
            "y":380,
            "w":32,
            "h":36,
            "index":72
        },
        {
            "x":217,
            "y":380,
            "w":37,
            "h":42,
            "index":73
        },
        {
            "x":285,
            "y":381,
            "w":7,
            "h":8,
            "index":74
        },
        {
            "x":59,
            "y":389,
            "w":64,
            "h":41,
            "index":75
        },
        {
            "x":155,
            "y":404,
            "w":39,
            "h":47,
            "index":76
        },
        {
            "x":481,
            "y":407,
            "w":13,
            "h":15,
            "index":77
        },
        {
            "x":61,
            "y":415,
            "w":59,
            "h":47,
            "index":78
        },
        {
            "x":866,
            "y":421,
            "w":25,
            "h":45,
            "index":79
        },
        {
            "x":918,
            "y":426,
            "w":35,
            "h":47,
            "index":80
        },
        {
            "x":871,
            "y":429,
            "w":1,
            "h":1,
            "index":81
        },
        {
            "x":151,
            "y":436,
            "w":60,
            "h":99,
            "index":82
        },
        {
            "x":151,
            "y":440,
            "w":8,
            "h":11,
            "index":83
        },
        {
            "x":588,
            "y":440,
            "w":41,
            "h":19,
            "index":84
        },
        {
            "x":486,
            "y":448,
            "w":46,
            "h":45,
            "index":85
        },
        {
            "x":628,
            "y":450,
            "w":168,
            "h":211,
            "index":86
        },
        {
            "x":146,
            "y":451,
            "w":46,
            "h":60,
            "index":87
        },
        {
            "x":97,
            "y":454,
            "w":16,
            "h":18,
            "index":88
        },
        {
            "x":860,
            "y":456,
            "w":36,
            "h":64,
            "index":89
        },
        {
            "x":532,
            "y":464,
            "w":106,
            "h":198,
            "index":90
        },
        {
            "x":923,
            "y":468,
            "w":43,
            "h":42,
            "index":91
        },
        {
            "x":394,
            "y":476,
            "w":18,
            "h":8,
            "index":92
        },
        {
            "x":434,
            "y":479,
            "w":39,
            "h":36,
            "index":93
        },
        {
            "x":226,
            "y":480,
            "w":45,
            "h":102,
            "index":94
        },
        {
            "x":137,
            "y":488,
            "w":20,
            "h":36,
            "index":95
        },
        {
            "x":244,
            "y":496,
            "w":71,
            "h":164,
            "index":96
        },
        {
            "x":62,
            "y":498,
            "w":39,
            "h":93,
            "index":97
        },
        {
            "x":861,
            "y":498,
            "w":40,
            "h":100,
            "index":98
        },
        {
            "x":424,
            "y":501,
            "w":132,
            "h":135,
            "index":99
        },
        {
            "x":398,
            "y":503,
            "w":89,
            "h":105,
            "index":100
        },
        {
            "x":781,
            "y":512,
            "w":39,
            "h":34,
            "index":101
        },
        {
            "x":928,
            "y":512,
            "w":39,
            "h":66,
            "index":102
        },
        {
            "x":835,
            "y":524,
            "w":37,
            "h":186,
            "index":103
        },
        {
            "x":128,
            "y":525,
            "w":90,
            "h":75,
            "index":104
        },
        {
            "x":392,
            "y":527,
            "w":40,
            "h":44,
            "index":105
        },
        {
            "x":313,
            "y":529,
            "w":82,
            "h":37,
            "index":106
        },
        {
            "x":338,
            "y":534,
            "w":44,
            "h":12,
            "index":107
        },
        {
            "x":307,
            "y":535,
            "w":5,
            "h":3,
            "index":108
        },
        {
            "x":639,
            "y":535,
            "w":8,
            "h":8,
            "index":109
        },
        {
            "x":262,
            "y":539,
            "w":214,
            "h":124,
            "index":110
        },
        {
            "x":791,
            "y":546,
            "w":25,
            "h":28,
            "index":111
        },
        {
            "x":880,
            "y":550,
            "w":25,
            "h":35,
            "index":112
        },
        {
            "x":579,
            "y":552,
            "w":110,
            "h":126,
            "index":113
        },
        {
            "x":497,
            "y":571,
            "w":71,
            "h":87,
            "index":114
        },
        {
            "x":77,
            "y":572,
            "w":92,
            "h":57,
            "index":115
        },
        {
            "x":365,
            "y":574,
            "w":35,
            "h":66,
            "index":116
        },
        {
            "x":715,
            "y":574,
            "w":97,
            "h":191,
            "index":117
        },
        {
            "x":166,
            "y":579,
            "w":83,
            "h":35,
            "index":118
        },
        {
            "x":936,
            "y":579,
            "w":13,
            "h":25,
            "index":119
        },
        {
            "x":336,
            "y":582,
            "w":55,
            "h":63,
            "index":120
        },
        {
            "x":869,
            "y":582,
            "w":39,
            "h":40,
            "index":121
        },
        {
            "x":164,
            "y":584,
            "w":88,
            "h":58,
            "index":122
        },
        {
            "x":51,
            "y":593,
            "w":28,
            "h":54,
            "index":123
        },
        {
            "x":437,
            "y":593,
            "w":40,
            "h":30,
            "index":124
        },
        {
            "x":73,
            "y":597,
            "w":72,
            "h":64,
            "index":125
        },
        {
            "x":939,
            "y":606,
            "w":29,
            "h":62,
            "index":126
        },
        {
            "x":476,
            "y":607,
            "w":1,
            "h":1,
            "index":127
        },
        {
            "x":691,
            "y":609,
            "w":90,
            "h":85,
            "index":128
        },
        {
            "x":442,
            "y":610,
            "w":102,
            "h":90,
            "index":129
        },
        {
            "x":216,
            "y":611,
            "w":33,
            "h":60,
            "index":130
        },
        {
            "x":866,
            "y":611,
            "w":51,
            "h":90,
            "index":131
        },
        {
            "x":180,
            "y":625,
            "w":39,
            "h":74,
            "index":132
        },
        {
            "x":70,
            "y":627,
            "w":27,
            "h":30,
            "index":133
        },
        {
            "x":137,
            "y":630,
            "w":28,
            "h":23,
            "index":134
        },
        {
            "x":157,
            "y":640,
            "w":25,
            "h":70,
            "index":135
        },
        {
            "x":620,
            "y":642,
            "w":132,
            "h":85,
            "index":136
        },
        {
            "x":197,
            "y":645,
            "w":368,
            "h":105,
            "index":137
        },
        {
            "x":90,
            "y":647,
            "w":29,
            "h":27,
            "index":138
        },
        {
            "x":65,
            "y":649,
            "w":42,
            "h":48,
            "index":139
        },
        {
            "x":141,
            "y":652,
            "w":19,
            "h":32,
            "index":140
        },
        {
            "x":872,
            "y":652,
            "w":31,
            "h":32,
            "index":141
        },
        {
            "x":860,
            "y":656,
            "w":50,
            "h":59,
            "index":142
        },
        {
            "x":109,
            "y":662,
            "w":29,
            "h":43,
            "index":143
        },
        {
            "x":476,
            "y":663,
            "w":116,
            "h":159,
            "index":144
        },
        {
            "x":913,
            "y":666,
            "w":66,
            "h":70,
            "index":145
        },
        {
            "x":37,
            "y":672,
            "w":70,
            "h":50,
            "index":146
        },
        {
            "x":582,
            "y":675,
            "w":47,
            "h":56,
            "index":147
        },
        {
            "x":110,
            "y":685,
            "w":57,
            "h":36,
            "index":148
        },
        {
            "x":161,
            "y":695,
            "w":39,
            "h":20,
            "index":149
        },
        {
            "x":578,
            "y":696,
            "w":168,
            "h":141,
            "index":150
        },
        {
            "x":805,
            "y":699,
            "w":104,
            "h":93,
            "index":151
        },
        {
            "x":136,
            "y":712,
            "w":92,
            "h":19,
            "index":152
        },
        {
            "x":47,
            "y":717,
            "w":65,
            "h":56,
            "index":153
        },
        {
            "x":857,
            "y":717,
            "w":79,
            "h":93,
            "index":154
        },
        {
            "x":574,
            "y":719,
            "w":41,
            "h":29,
            "index":155
        },
        {
            "x":595,
            "y":720,
            "w":1,
            "h":1,
            "index":156
        },
        {
            "x":67,
            "y":722,
            "w":65,
            "h":64,
            "index":157
        },
        {
            "x":120,
            "y":723,
            "w":154,
            "h":166,
            "index":158
        },
        {
            "x":615,
            "y":726,
            "w":45,
            "h":29,
            "index":159
        },
        {
            "x":747,
            "y":727,
            "w":43,
            "h":57,
            "index":160
        },
        {
            "x":262,
            "y":732,
            "w":57,
            "h":72,
            "index":161
        },
        {
            "x":309,
            "y":734,
            "w":70,
            "h":78,
            "index":162
        },
        {
            "x":424,
            "y":735,
            "w":60,
            "h":20,
            "index":163
        },
        {
            "x":927,
            "y":736,
            "w":57,
            "h":59,
            "index":164
        },
        {
            "x":131,
            "y":743,
            "w":38,
            "h":40,
            "index":165
        },
        {
            "x":321,
            "y":744,
            "w":398,
            "h":280,
            "index":166
        },
        {
            "x":571,
            "y":762,
            "w":13,
            "h":54,
            "index":167
        },
        {
            "x":682,
            "y":763,
            "w":62,
            "h":51,
            "index":168
        },
        {
            "x":160,
            "y":765,
            "w":46,
            "h":57,
            "index":169
        },
        {
            "x":103,
            "y":766,
            "w":36,
            "h":28,
            "index":170
        },
        {
            "x":703,
            "y":775,
            "w":60,
            "h":60,
            "index":171
        },
        {
            "x":117,
            "y":778,
            "w":52,
            "h":42,
            "index":172
        },
        {
            "x":812,
            "y":781,
            "w":10,
            "h":28,
            "index":173
        },
        {
            "x":822,
            "y":781,
            "w":32,
            "h":37,
            "index":174
        },
        {
            "x":748,
            "y":783,
            "w":34,
            "h":28,
            "index":175
        },
        {
            "x":882,
            "y":784,
            "w":67,
            "h":53,
            "index":176
        },
        {
            "x":46,
            "y":785,
            "w":56,
            "h":46,
            "index":177
        },
        {
            "x":88,
            "y":794,
            "w":40,
            "h":73,
            "index":178
        },
        {
            "x":141,
            "y":795,
            "w":48,
            "h":50,
            "index":179
        },
        {
            "x":774,
            "y":796,
            "w":42,
            "h":42,
            "index":180
        },
        {
            "x":408,
            "y":797,
            "w":33,
            "h":33,
            "index":181
        },
        {
            "x":853,
            "y":798,
            "w":19,
            "h":44,
            "index":182
        },
        {
            "x":257,
            "y":800,
            "w":133,
            "h":112,
            "index":183
        },
        {
            "x":365,
            "y":803,
            "w":46,
            "h":37,
            "index":184
        },
        {
            "x":682,
            "y":804,
            "w":153,
            "h":149,
            "index":185
        },
        {
            "x":470,
            "y":805,
            "w":99,
            "h":56,
            "index":186
        },
        {
            "x":202,
            "y":806,
            "w":25,
            "h":24,
            "index":187
        },
        {
            "x":814,
            "y":811,
            "w":35,
            "h":35,
            "index":188
        },
        {
            "x":871,
            "y":811,
            "w":11,
            "h":43,
            "index":189
        },
        {
            "x":680,
            "y":813,
            "w":28,
            "h":39,
            "index":190
        },
        {
            "x":881,
            "y":813,
            "w":89,
            "h":52,
            "index":191
        },
        {
            "x":569,
            "y":819,
            "w":113,
            "h":57,
            "index":192
        },
        {
            "x":187,
            "y":820,
            "w":33,
            "h":39,
            "index":193
        },
        {
            "x":116,
            "y":821,
            "w":46,
            "h":70,
            "index":194
        },
        {
            "x":289,
            "y":827,
            "w":54,
            "h":50,
            "index":195
        },
        {
            "x":729,
            "y":828,
            "w":57,
            "h":58,
            "index":196
        },
        {
            "x":67,
            "y":829,
            "w":23,
            "h":20,
            "index":197
        },
        {
            "x":736,
            "y":829,
            "w":108,
            "h":86,
            "index":198
        },
        {
            "x":147,
            "y":832,
            "w":24,
            "h":26,
            "index":199
        },
        {
            "x":829,
            "y":841,
            "w":45,
            "h":73,
            "index":200
        },
        {
            "x":58,
            "y":844,
            "w":63,
            "h":33,
            "index":201
        },
        {
            "x":381,
            "y":854,
            "w":58,
            "h":47,
            "index":202
        },
        {
            "x":872,
            "y":857,
            "w":26,
            "h":20,
            "index":203
        },
        {
            "x":449,
            "y":858,
            "w":107,
            "h":71,
            "index":204
        },
        {
            "x":924,
            "y":863,
            "w":24,
            "h":19,
            "index":205
        },
        {
            "x":186,
            "y":868,
            "w":128,
            "h":70,
            "index":206
        },
        {
            "x":865,
            "y":869,
            "w":97,
            "h":67,
            "index":207
        },
        {
            "x":547,
            "y":872,
            "w":107,
            "h":80,
            "index":208
        },
        {
            "x":67,
            "y":874,
            "w":7,
            "h":10,
            "index":209
        },
        {
            "x":57,
            "y":875,
            "w":86,
            "h":49,
            "index":210
        },
        {
            "x":146,
            "y":881,
            "w":30,
            "h":32,
            "index":211
        },
        {
            "x":178,
            "y":891,
            "w":6,
            "h":24,
            "index":212
        },
        {
            "x":189,
            "y":897,
            "w":213,
            "h":127,
            "index":213
        },
        {
            "x":110,
            "y":905,
            "w":86,
            "h":91,
            "index":214
        },
        {
            "x":308,
            "y":909,
            "w":13,
            "h":39,
            "index":215
        },
        {
            "x":831,
            "y":909,
            "w":115,
            "h":98,
            "index":216
        },
        {
            "x":68,
            "y":916,
            "w":46,
            "h":30,
            "index":217
        },
        {
            "x":315,
            "y":917,
            "w":93,
            "h":71,
            "index":218
        },
        {
            "x":794,
            "y":934,
            "w":104,
            "h":82,
            "index":219
        },
        {
            "x":238,
            "y":935,
            "w":76,
            "h":81,
            "index":220
        },
        {
            "x":917,
            "y":935,
            "w":31,
            "h":29,
            "index":221
        },
        {
            "x":58,
            "y":936,
            "w":67,
            "h":66,
            "index":222
        },
        {
            "x":720,
            "y":938,
            "w":54,
            "h":28,
            "index":223
        },
        {
            "x":785,
            "y":943,
            "w":14,
            "h":28,
            "index":224
        },
        {
            "x":400,
            "y":945,
            "w":71,
            "h":71,
            "index":225
        },
        {
            "x":485,
            "y":946,
            "w":38,
            "h":39,
            "index":226
        },
        {
            "x":776,
            "y":951,
            "w":9,
            "h":15,
            "index":227
        },
        {
            "x":701,
            "y":960,
            "w":93,
            "h":64,
            "index":228
        },
        {
            "x":547,
            "y":966,
            "w":81,
            "h":52,
            "index":229
        },
        {
            "x":160,
            "y":969,
            "w":60,
            "h":55,
            "index":230
        },
        {
            "x":152,
            "y":986,
            "w":10,
            "h":38,
            "index":231
        },
        {
            "x":788,
            "y":987,
            "w":137,
            "h":37,
            "index":232
        },
        {
            "x":85,
            "y":989,
            "w":68,
            "h":35,
            "index":233
        },
        {
            "x":683,
            "y":1007,
            "w":23,
            "h":17,
            "index":234
        },
        {
            "x":163,
            "y":1011,
            "w":26,
            "h":13,
            "index":235
        },
        {
            "x":776,
            "y":1016,
            "w":11,
            "h":8,
            "index":236
        }
    ]
}