{
    "image":"game.png",
    "width":1024,
    "height":1024,
    "selectTab":{
        "id":"01"
    },
    "selectColor":{
        "id":"FCCFCA",
        "color":"#FCCFCA"
    },
    "list":[
        {
            "x":1,
            "y":0,
            "w":1022,
            "h":1024,
            "index":0
        },
        {
            "x":605,
            "y":16,
            "w":379,
            "h":377,
            "index":1
        },
        {
            "x":807,
            "y":43,
            "w":41,
            "h":30,
            "index":2
        },
        {
            "x":343,
            "y":57,
            "w":18,
            "h":21,
            "index":3
        },
        {
            "x":534,
            "y":171,
            "w":10,
            "h":12,
            "index":4
        },
        {
            "x":924,
            "y":197,
            "w":19,
            "h":24,
            "index":5
        },
        {
            "x":60,
            "y":205,
            "w":15,
            "h":18,
            "index":6
        },
        {
            "x":816,
            "y":210,
            "w":7,
            "h":9,
            "index":7
        },
        {
            "x":857,
            "y":261,
            "w":48,
            "h":43,
            "index":8
        },
        {
            "x":437,
            "y":300,
            "w":118,
            "h":166,
            "index":9
        },
        {
            "x":814,
            "y":332,
            "w":33,
            "h":25,
            "index":10
        },
        {
            "x":330,
            "y":345,
            "w":64,
            "h":128,
            "index":11
        },
        {
            "x":78,
            "y":353,
            "w":12,
            "h":16,
            "index":12
        },
        {
            "x":484,
            "y":397,
            "w":30,
            "h":53,
            "index":13
        },
        {
            "x":945,
            "y":406,
            "w":9,
            "h":11,
            "index":14
        },
        {
            "x":348,
            "y":407,
            "w":30,
            "h":53,
            "index":15
        },
        {
            "x":658,
            "y":427,
            "w":13,
            "h":15,
            "index":16
        },
        {
            "x":140,
            "y":482,
            "w":121,
            "h":46,
            "index":17
        },
        {
            "x":779,
            "y":483,
            "w":7,
            "h":11,
            "index":18
        },
        {
            "x":779,
            "y":483,
            "w":23,
            "h":24,
            "index":19
        },
        {
            "x":498,
            "y":500,
            "w":279,
            "h":265,
            "index":20
        },
        {
            "x":165,
            "y":518,
            "w":89,
            "h":23,
            "index":21
        },
        {
            "x":300,
            "y":525,
            "w":304,
            "h":226,
            "index":22
        },
        {
            "x":917,
            "y":538,
            "w":9,
            "h":10,
            "index":23
        },
        {
            "x":210,
            "y":542,
            "w":45,
            "h":28,
            "index":24
        },
        {
            "x":165,
            "y":543,
            "w":44,
            "h":28,
            "index":25
        },
        {
            "x":190,
            "y":572,
            "w":43,
            "h":28,
            "index":26
        },
        {
            "x":234,
            "y":572,
            "w":15,
            "h":28,
            "index":27
        },
        {
            "x":165,
            "y":573,
            "w":24,
            "h":27,
            "index":28
        },
        {
            "x":492,
            "y":592,
            "w":68,
            "h":86,
            "index":29
        },
        {
            "x":363,
            "y":601,
            "w":75,
            "h":89,
            "index":30
        },
        {
            "x":165,
            "y":602,
            "w":45,
            "h":33,
            "index":31
        },
        {
            "x":211,
            "y":602,
            "w":31,
            "h":32,
            "index":32
        },
        {
            "x":69,
            "y":620,
            "w":94,
            "h":18,
            "index":33
        },
        {
            "x":1,
            "y":621,
            "w":72,
            "h":17,
            "index":34
        },
        {
            "x":531,
            "y":630,
            "w":8,
            "h":11,
            "index":35
        },
        {
            "x":165,
            "y":636,
            "w":79,
            "h":43,
            "index":36
        },
        {
            "x":408,
            "y":638,
            "w":8,
            "h":12,
            "index":37
        },
        {
            "x":1,
            "y":640,
            "w":305,
            "h":166,
            "index":38
        },
        {
            "x":572,
            "y":642,
            "w":14,
            "h":28,
            "index":39
        },
        {
            "x":514,
            "y":647,
            "w":117,
            "h":114,
            "index":40
        },
        {
            "x":457,
            "y":650,
            "w":24,
            "h":18,
            "index":41
        },
        {
            "x":317,
            "y":653,
            "w":21,
            "h":35,
            "index":42
        },
        {
            "x":730,
            "y":667,
            "w":95,
            "h":89,
            "index":43
        },
        {
            "x":566,
            "y":672,
            "w":19,
            "h":18,
            "index":44
        },
        {
            "x":540,
            "y":677,
            "w":59,
            "h":56,
            "index":45
        },
        {
            "x":547,
            "y":679,
            "w":17,
            "h":19,
            "index":46
        },
        {
            "x":345,
            "y":687,
            "w":25,
            "h":22,
            "index":47
        },
        {
            "x":534,
            "y":696,
            "w":23,
            "h":26,
            "index":48
        },
        {
            "x":514,
            "y":699,
            "w":24,
            "h":21,
            "index":49
        },
        {
            "x":855,
            "y":701,
            "w":10,
            "h":12,
            "index":50
        },
        {
            "x":381,
            "y":706,
            "w":32,
            "h":22,
            "index":51
        },
        {
            "x":473,
            "y":713,
            "w":29,
            "h":17,
            "index":52
        },
        {
            "x":427,
            "y":717,
            "w":36,
            "h":18,
            "index":53
        },
        {
            "x":141,
            "y":748,
            "w":186,
            "h":276,
            "index":54
        },
        {
            "x":303,
            "y":755,
            "w":239,
            "h":218,
            "index":55
        },
        {
            "x":465,
            "y":759,
            "w":92,
            "h":69,
            "index":56
        },
        {
            "x":1,
            "y":781,
            "w":271,
            "h":194,
            "index":57
        },
        {
            "x":463,
            "y":798,
            "w":7,
            "h":9,
            "index":58
        },
        {
            "x":364,
            "y":817,
            "w":81,
            "h":74,
            "index":59
        },
        {
            "x":178,
            "y":820,
            "w":513,
            "h":204,
            "index":60
        },
        {
            "x":947,
            "y":828,
            "w":12,
            "h":13,
            "index":61
        },
        {
            "x":518,
            "y":829,
            "w":200,
            "h":195,
            "index":62
        },
        {
            "x":739,
            "y":880,
            "w":125,
            "h":144,
            "index":63
        },
        {
            "x":688,
            "y":912,
            "w":8,
            "h":11,
            "index":64
        },
        {
            "x":732,
            "y":923,
            "w":109,
            "h":77,
            "index":65
        },
        {
            "x":419,
            "y":934,
            "w":57,
            "h":42,
            "index":66
        },
        {
            "x":743,
            "y":938,
            "w":32,
            "h":41,
            "index":67
        },
        {
            "x":792,
            "y":939,
            "w":32,
            "h":39,
            "index":68
        },
        {
            "x":1,
            "y":951,
            "w":56,
            "h":73,
            "index":69
        },
        {
            "x":32,
            "y":953,
            "w":135,
            "h":71,
            "index":70
        },
        {
            "x":778,
            "y":968,
            "w":8,
            "h":8,
            "index":71
        }
    ]
}