{
    "image":"game.png",
    "width":1024,
    "height":1024,
    "selectTab":{
        "id":"01"
    },
    "selectColor":{
        "id":"FCCFCA",
        "color":"#FCCFCA"
    },
    "list":[
        {
            "x":0,
            "y":0,
            "w":984,
            "h":328,
            "index":0
        },
        {
            "x":622,
            "y":0,
            "w":94,
            "h":80,
            "index":1
        },
        {
            "x":676,
            "y":0,
            "w":117,
            "h":80,
            "index":2
        },
        {
            "x":789,
            "y":0,
            "w":52,
            "h":54,
            "index":3
        },
        {
            "x":839,
            "y":0,
            "w":30,
            "h":31,
            "index":4
        },
        {
            "x":802,
            "y":0,
            "w":222,
            "h":114,
            "index":5
        },
        {
            "x":732,
            "y":8,
            "w":292,
            "h":275,
            "index":6
        },
        {
            "x":0,
            "y":15,
            "w":571,
            "h":336,
            "index":7
        },
        {
            "x":595,
            "y":46,
            "w":150,
            "h":61,
            "index":8
        },
        {
            "x":781,
            "y":66,
            "w":38,
            "h":70,
            "index":9
        },
        {
            "x":590,
            "y":84,
            "w":136,
            "h":52,
            "index":10
        },
        {
            "x":58,
            "y":117,
            "w":53,
            "h":88,
            "index":11
        },
        {
            "x":98,
            "y":119,
            "w":11,
            "h":15,
            "index":12
        },
        {
            "x":109,
            "y":122,
            "w":29,
            "h":79,
            "index":13
        },
        {
            "x":912,
            "y":154,
            "w":112,
            "h":126,
            "index":14
        },
        {
            "x":0,
            "y":201,
            "w":84,
            "h":76,
            "index":15
        },
        {
            "x":89,
            "y":210,
            "w":22,
            "h":76,
            "index":16
        },
        {
            "x":643,
            "y":252,
            "w":85,
            "h":52,
            "index":17
        },
        {
            "x":113,
            "y":264,
            "w":93,
            "h":138,
            "index":18
        },
        {
            "x":584,
            "y":269,
            "w":64,
            "h":56,
            "index":19
        },
        {
            "x":0,
            "y":278,
            "w":248,
            "h":225,
            "index":20
        },
        {
            "x":988,
            "y":281,
            "w":32,
            "h":179,
            "index":21
        },
        {
            "x":837,
            "y":287,
            "w":38,
            "h":33,
            "index":22
        },
        {
            "x":1017,
            "y":302,
            "w":7,
            "h":201,
            "index":23
        },
        {
            "x":521,
            "y":304,
            "w":292,
            "h":94,
            "index":24
        },
        {
            "x":892,
            "y":306,
            "w":90,
            "h":102,
            "index":25
        },
        {
            "x":229,
            "y":308,
            "w":363,
            "h":85,
            "index":26
        },
        {
            "x":676,
            "y":315,
            "w":226,
            "h":154,
            "index":27
        },
        {
            "x":867,
            "y":327,
            "w":157,
            "h":224,
            "index":28
        },
        {
            "x":340,
            "y":337,
            "w":1,
            "h":1,
            "index":29
        },
        {
            "x":198,
            "y":345,
            "w":37,
            "h":68,
            "index":30
        },
        {
            "x":218,
            "y":378,
            "w":240,
            "h":97,
            "index":31
        },
        {
            "x":527,
            "y":385,
            "w":136,
            "h":62,
            "index":32
        },
        {
            "x":437,
            "y":386,
            "w":133,
            "h":86,
            "index":33
        },
        {
            "x":664,
            "y":399,
            "w":151,
            "h":52,
            "index":34
        },
        {
            "x":674,
            "y":400,
            "w":2,
            "h":1,
            "index":35
        },
        {
            "x":982,
            "y":409,
            "w":1,
            "h":1,
            "index":36
        },
        {
            "x":730,
            "y":421,
            "w":105,
            "h":263,
            "index":37
        },
        {
            "x":635,
            "y":423,
            "w":33,
            "h":14,
            "index":38
        },
        {
            "x":829,
            "y":430,
            "w":105,
            "h":131,
            "index":39
        },
        {
            "x":0,
            "y":432,
            "w":89,
            "h":76,
            "index":40
        },
        {
            "x":532,
            "y":433,
            "w":111,
            "h":122,
            "index":41
        },
        {
            "x":545,
            "y":436,
            "w":256,
            "h":345,
            "index":42
        },
        {
            "x":188,
            "y":467,
            "w":95,
            "h":83,
            "index":43
        },
        {
            "x":30,
            "y":469,
            "w":85,
            "h":48,
            "index":44
        },
        {
            "x":817,
            "y":473,
            "w":108,
            "h":139,
            "index":45
        },
        {
            "x":275,
            "y":476,
            "w":37,
            "h":48,
            "index":46
        },
        {
            "x":310,
            "y":476,
            "w":292,
            "h":258,
            "index":47
        },
        {
            "x":938,
            "y":489,
            "w":80,
            "h":78,
            "index":48
        },
        {
            "x":112,
            "y":495,
            "w":44,
            "h":23,
            "index":49
        },
        {
            "x":751,
            "y":509,
            "w":111,
            "h":193,
            "index":50
        },
        {
            "x":162,
            "y":510,
            "w":19,
            "h":13,
            "index":51
        },
        {
            "x":0,
            "y":514,
            "w":209,
            "h":180,
            "index":52
        },
        {
            "x":149,
            "y":514,
            "w":363,
            "h":347,
            "index":53
        },
        {
            "x":1018,
            "y":559,
            "w":1,
            "h":1,
            "index":54
        },
        {
            "x":322,
            "y":562,
            "w":702,
            "h":462,
            "index":55
        },
        {
            "x":0,
            "y":584,
            "w":159,
            "h":154,
            "index":56
        },
        {
            "x":849,
            "y":654,
            "w":111,
            "h":37,
            "index":57
        },
        {
            "x":765,
            "y":671,
            "w":197,
            "h":219,
            "index":58
        },
        {
            "x":798,
            "y":679,
            "w":118,
            "h":81,
            "index":59
        },
        {
            "x":718,
            "y":686,
            "w":25,
            "h":22,
            "index":60
        },
        {
            "x":0,
            "y":691,
            "w":216,
            "h":333,
            "index":61
        },
        {
            "x":387,
            "y":696,
            "w":21,
            "h":19,
            "index":62
        },
        {
            "x":682,
            "y":704,
            "w":127,
            "h":84,
            "index":63
        },
        {
            "x":465,
            "y":723,
            "w":117,
            "h":117,
            "index":64
        },
        {
            "x":637,
            "y":746,
            "w":68,
            "h":48,
            "index":65
        },
        {
            "x":46,
            "y":756,
            "w":64,
            "h":94,
            "index":66
        },
        {
            "x":216,
            "y":761,
            "w":1,
            "h":1,
            "index":67
        },
        {
            "x":148,
            "y":767,
            "w":101,
            "h":48,
            "index":68
        },
        {
            "x":613,
            "y":776,
            "w":128,
            "h":53,
            "index":69
        },
        {
            "x":560,
            "y":778,
            "w":77,
            "h":58,
            "index":70
        },
        {
            "x":964,
            "y":782,
            "w":43,
            "h":21,
            "index":71
        },
        {
            "x":635,
            "y":783,
            "w":1,
            "h":1,
            "index":72
        },
        {
            "x":146,
            "y":794,
            "w":557,
            "h":182,
            "index":73
        },
        {
            "x":606,
            "y":797,
            "w":237,
            "h":168,
            "index":74
        },
        {
            "x":471,
            "y":813,
            "w":33,
            "h":29,
            "index":75
        },
        {
            "x":919,
            "y":849,
            "w":82,
            "h":57,
            "index":76
        },
        {
            "x":37,
            "y":855,
            "w":39,
            "h":169,
            "index":77
        },
        {
            "x":164,
            "y":913,
            "w":71,
            "h":59,
            "index":78
        },
        {
            "x":100,
            "y":923,
            "w":60,
            "h":74,
            "index":79
        },
        {
            "x":241,
            "y":931,
            "w":60,
            "h":68,
            "index":80
        },
        {
            "x":811,
            "y":965,
            "w":111,
            "h":59,
            "index":81
        },
        {
            "x":299,
            "y":971,
            "w":38,
            "h":53,
            "index":82
        },
        {
            "x":156,
            "y":973,
            "w":90,
            "h":51,
            "index":83
        },
        {
            "x":58,
            "y":979,
            "w":92,
            "h":45,
            "index":84
        },
        {
            "x":760,
            "y":983,
            "w":49,
            "h":41,
            "index":85
        },
        {
            "x":183,
            "y":990,
            "w":20,
            "h":12,
            "index":86
        },
        {
            "x":212,
            "y":992,
            "w":16,
            "h":9,
            "index":87
        },
        {
            "x":510,
            "y":994,
            "w":68,
            "h":30,
            "index":88
        },
        {
            "x":910,
            "y":997,
            "w":62,
            "h":27,
            "index":89
        },
        {
            "x":233,
            "y":1001,
            "w":61,
            "h":23,
            "index":90
        },
        {
            "x":57,
            "y":1012,
            "w":9,
            "h":12,
            "index":91
        },
        {
            "x":153,
            "y":1014,
            "w":46,
            "h":10,
            "index":92
        },
        {
            "x":477,
            "y":1016,
            "w":27,
            "h":8,
            "index":93
        }
    ]
}