{
    "image":"game.png",
    "width":1024,
    "height":1024,
    "selectTab":{
        "id":"01"
    },
    "selectColor":{
        "id":"FCCFCA",
        "color":"#FCCFCA"
    },
    "list":[
        {
            "x":0,
            "y":0,
            "w":677,
            "h":155,
            "index":0
        },
        {
            "x":470,
            "y":0,
            "w":554,
            "h":204,
            "index":1
        },
        {
            "x":957,
            "y":0,
            "w":67,
            "h":52,
            "index":2
        },
        {
            "x":82,
            "y":11,
            "w":16,
            "h":21,
            "index":3
        },
        {
            "x":0,
            "y":22,
            "w":554,
            "h":280,
            "index":4
        },
        {
            "x":120,
            "y":24,
            "w":11,
            "h":14,
            "index":5
        },
        {
            "x":325,
            "y":30,
            "w":15,
            "h":10,
            "index":6
        },
        {
            "x":199,
            "y":43,
            "w":12,
            "h":13,
            "index":7
        },
        {
            "x":288,
            "y":70,
            "w":7,
            "h":12,
            "index":8
        },
        {
            "x":124,
            "y":88,
            "w":26,
            "h":17,
            "index":9
        },
        {
            "x":67,
            "y":106,
            "w":6,
            "h":11,
            "index":10
        },
        {
            "x":0,
            "y":106,
            "w":1024,
            "h":288,
            "index":11
        },
        {
            "x":59,
            "y":110,
            "w":7,
            "h":7,
            "index":12
        },
        {
            "x":396,
            "y":111,
            "w":6,
            "h":14,
            "index":13
        },
        {
            "x":409,
            "y":126,
            "w":5,
            "h":5,
            "index":14
        },
        {
            "x":258,
            "y":127,
            "w":22,
            "h":14,
            "index":15
        },
        {
            "x":17,
            "y":152,
            "w":23,
            "h":14,
            "index":16
        },
        {
            "x":112,
            "y":161,
            "w":22,
            "h":19,
            "index":17
        },
        {
            "x":194,
            "y":163,
            "w":28,
            "h":20,
            "index":18
        },
        {
            "x":358,
            "y":172,
            "w":7,
            "h":5,
            "index":19
        },
        {
            "x":762,
            "y":177,
            "w":23,
            "h":14,
            "index":20
        },
        {
            "x":419,
            "y":188,
            "w":8,
            "h":9,
            "index":21
        },
        {
            "x":429,
            "y":190,
            "w":6,
            "h":6,
            "index":22
        },
        {
            "x":0,
            "y":197,
            "w":303,
            "h":113,
            "index":23
        },
        {
            "x":295,
            "y":201,
            "w":19,
            "h":13,
            "index":24
        },
        {
            "x":199,
            "y":209,
            "w":11,
            "h":7,
            "index":25
        },
        {
            "x":931,
            "y":217,
            "w":22,
            "h":13,
            "index":26
        },
        {
            "x":361,
            "y":227,
            "w":17,
            "h":12,
            "index":27
        },
        {
            "x":725,
            "y":228,
            "w":27,
            "h":20,
            "index":28
        },
        {
            "x":255,
            "y":238,
            "w":28,
            "h":18,
            "index":29
        },
        {
            "x":521,
            "y":259,
            "w":1,
            "h":1,
            "index":30
        },
        {
            "x":0,
            "y":265,
            "w":1024,
            "h":759,
            "index":31
        },
        {
            "x":30,
            "y":271,
            "w":32,
            "h":20,
            "index":32
        },
        {
            "x":291,
            "y":274,
            "w":430,
            "h":344,
            "index":33
        },
        {
            "x":129,
            "y":284,
            "w":37,
            "h":21,
            "index":34
        },
        {
            "x":965,
            "y":305,
            "w":40,
            "h":21,
            "index":35
        },
        {
            "x":885,
            "y":315,
            "w":44,
            "h":27,
            "index":36
        },
        {
            "x":829,
            "y":353,
            "w":33,
            "h":19,
            "index":37
        },
        {
            "x":950,
            "y":360,
            "w":74,
            "h":58,
            "index":38
        },
        {
            "x":734,
            "y":370,
            "w":47,
            "h":33,
            "index":39
        },
        {
            "x":16,
            "y":371,
            "w":56,
            "h":33,
            "index":40
        },
        {
            "x":975,
            "y":387,
            "w":36,
            "h":35,
            "index":41
        },
        {
            "x":159,
            "y":388,
            "w":51,
            "h":36,
            "index":42
        },
        {
            "x":861,
            "y":399,
            "w":44,
            "h":25,
            "index":43
        },
        {
            "x":1007,
            "y":416,
            "w":17,
            "h":40,
            "index":44
        },
        {
            "x":89,
            "y":421,
            "w":60,
            "h":35,
            "index":45
        },
        {
            "x":783,
            "y":421,
            "w":59,
            "h":36,
            "index":46
        },
        {
            "x":244,
            "y":425,
            "w":54,
            "h":31,
            "index":47
        },
        {
            "x":0,
            "y":431,
            "w":61,
            "h":43,
            "index":48
        },
        {
            "x":875,
            "y":443,
            "w":103,
            "h":68,
            "index":49
        },
        {
            "x":995,
            "y":447,
            "w":23,
            "h":18,
            "index":50
        },
        {
            "x":167,
            "y":461,
            "w":67,
            "h":29,
            "index":51
        },
        {
            "x":187,
            "y":477,
            "w":66,
            "h":45,
            "index":52
        },
        {
            "x":157,
            "y":486,
            "w":38,
            "h":35,
            "index":53
        },
        {
            "x":764,
            "y":486,
            "w":68,
            "h":50,
            "index":54
        },
        {
            "x":60,
            "y":487,
            "w":57,
            "h":34,
            "index":55
        },
        {
            "x":945,
            "y":514,
            "w":79,
            "h":69,
            "index":56
        },
        {
            "x":0,
            "y":518,
            "w":68,
            "h":47,
            "index":57
        },
        {
            "x":841,
            "y":531,
            "w":48,
            "h":32,
            "index":58
        },
        {
            "x":914,
            "y":541,
            "w":39,
            "h":61,
            "index":59
        },
        {
            "x":230,
            "y":548,
            "w":27,
            "h":24,
            "index":60
        },
        {
            "x":184,
            "y":554,
            "w":31,
            "h":23,
            "index":61
        },
        {
            "x":0,
            "y":556,
            "w":59,
            "h":29,
            "index":62
        },
        {
            "x":726,
            "y":559,
            "w":39,
            "h":26,
            "index":63
        },
        {
            "x":943,
            "y":560,
            "w":81,
            "h":57,
            "index":64
        },
        {
            "x":557,
            "y":570,
            "w":124,
            "h":69,
            "index":65
        },
        {
            "x":99,
            "y":582,
            "w":79,
            "h":59,
            "index":66
        },
        {
            "x":794,
            "y":585,
            "w":79,
            "h":39,
            "index":67
        },
        {
            "x":0,
            "y":588,
            "w":9,
            "h":35,
            "index":68
        },
        {
            "x":342,
            "y":595,
            "w":67,
            "h":41,
            "index":69
        },
        {
            "x":469,
            "y":601,
            "w":29,
            "h":27,
            "index":70
        },
        {
            "x":256,
            "y":602,
            "w":60,
            "h":51,
            "index":71
        },
        {
            "x":406,
            "y":604,
            "w":71,
            "h":45,
            "index":72
        },
        {
            "x":687,
            "y":605,
            "w":38,
            "h":34,
            "index":73
        },
        {
            "x":120,
            "y":611,
            "w":34,
            "h":28,
            "index":74
        },
        {
            "x":294,
            "y":611,
            "w":56,
            "h":62,
            "index":75
        },
        {
            "x":497,
            "y":612,
            "w":25,
            "h":27,
            "index":76
        },
        {
            "x":18,
            "y":614,
            "w":98,
            "h":80,
            "index":77
        },
        {
            "x":798,
            "y":615,
            "w":82,
            "h":35,
            "index":78
        },
        {
            "x":524,
            "y":616,
            "w":23,
            "h":19,
            "index":79
        },
        {
            "x":365,
            "y":621,
            "w":22,
            "h":19,
            "index":80
        },
        {
            "x":595,
            "y":621,
            "w":68,
            "h":66,
            "index":81
        },
        {
            "x":548,
            "y":623,
            "w":29,
            "h":44,
            "index":82
        },
        {
            "x":661,
            "y":626,
            "w":73,
            "h":71,
            "index":83
        },
        {
            "x":0,
            "y":627,
            "w":27,
            "h":41,
            "index":84
        },
        {
            "x":480,
            "y":627,
            "w":21,
            "h":20,
            "index":85
        },
        {
            "x":381,
            "y":629,
            "w":26,
            "h":30,
            "index":86
        },
        {
            "x":539,
            "y":634,
            "w":16,
            "h":15,
            "index":87
        },
        {
            "x":348,
            "y":635,
            "w":30,
            "h":26,
            "index":88
        },
        {
            "x":423,
            "y":635,
            "w":25,
            "h":28,
            "index":89
        },
        {
            "x":580,
            "y":637,
            "w":17,
            "h":19,
            "index":90
        },
        {
            "x":519,
            "y":639,
            "w":28,
            "h":27,
            "index":91
        },
        {
            "x":728,
            "y":639,
            "w":36,
            "h":38,
            "index":92
        },
        {
            "x":935,
            "y":640,
            "w":39,
            "h":53,
            "index":93
        },
        {
            "x":485,
            "y":641,
            "w":42,
            "h":50,
            "index":94
        },
        {
            "x":989,
            "y":645,
            "w":23,
            "h":54,
            "index":95
        },
        {
            "x":388,
            "y":647,
            "w":34,
            "h":34,
            "index":96
        },
        {
            "x":478,
            "y":647,
            "w":9,
            "h":4,
            "index":97
        },
        {
            "x":451,
            "y":649,
            "w":32,
            "h":21,
            "index":98
        },
        {
            "x":621,
            "y":649,
            "w":17,
            "h":15,
            "index":99
        },
        {
            "x":561,
            "y":650,
            "w":40,
            "h":52,
            "index":100
        },
        {
            "x":171,
            "y":651,
            "w":60,
            "h":45,
            "index":101
        },
        {
            "x":263,
            "y":654,
            "w":34,
            "h":12,
            "index":102
        },
        {
            "x":0,
            "y":657,
            "w":61,
            "h":54,
            "index":103
        },
        {
            "x":373,
            "y":657,
            "w":14,
            "h":15,
            "index":104
        },
        {
            "x":725,
            "y":657,
            "w":1,
            "h":1,
            "index":105
        },
        {
            "x":349,
            "y":663,
            "w":35,
            "h":14,
            "index":106
        },
        {
            "x":414,
            "y":663,
            "w":21,
            "h":20,
            "index":107
        },
        {
            "x":699,
            "y":663,
            "w":14,
            "h":12,
            "index":108
        },
        {
            "x":651,
            "y":664,
            "w":29,
            "h":30,
            "index":109
        },
        {
            "x":261,
            "y":665,
            "w":370,
            "h":194,
            "index":110
        },
        {
            "x":439,
            "y":665,
            "w":53,
            "h":27,
            "index":111
        },
        {
            "x":528,
            "y":665,
            "w":45,
            "h":62,
            "index":112
        },
        {
            "x":766,
            "y":665,
            "w":18,
            "h":8,
            "index":113
        },
        {
            "x":47,
            "y":667,
            "w":53,
            "h":48,
            "index":114
        },
        {
            "x":531,
            "y":669,
            "w":3,
            "h":5,
            "index":115
        },
        {
            "x":864,
            "y":669,
            "w":73,
            "h":54,
            "index":116
        },
        {
            "x":651,
            "y":672,
            "w":137,
            "h":183,
            "index":117
        },
        {
            "x":505,
            "y":674,
            "w":28,
            "h":23,
            "index":118
        },
        {
            "x":734,
            "y":678,
            "w":16,
            "h":5,
            "index":119
        },
        {
            "x":436,
            "y":679,
            "w":3,
            "h":5,
            "index":120
        },
        {
            "x":595,
            "y":679,
            "w":32,
            "h":29,
            "index":121
        },
        {
            "x":638,
            "y":682,
            "w":53,
            "h":30,
            "index":122
        },
        {
            "x":621,
            "y":691,
            "w":14,
            "h":19,
            "index":123
        },
        {
            "x":695,
            "y":691,
            "w":7,
            "h":5,
            "index":124
        },
        {
            "x":891,
            "y":691,
            "w":17,
            "h":12,
            "index":125
        },
        {
            "x":142,
            "y":694,
            "w":17,
            "h":42,
            "index":126
        },
        {
            "x":304,
            "y":700,
            "w":115,
            "h":74,
            "index":127
        },
        {
            "x":591,
            "y":701,
            "w":2,
            "h":2,
            "index":128
        },
        {
            "x":575,
            "y":704,
            "w":8,
            "h":4,
            "index":129
        },
        {
            "x":0,
            "y":705,
            "w":24,
            "h":49,
            "index":130
        },
        {
            "x":621,
            "y":714,
            "w":13,
            "h":8,
            "index":131
        },
        {
            "x":1012,
            "y":714,
            "w":12,
            "h":43,
            "index":132
        },
        {
            "x":638,
            "y":715,
            "w":14,
            "h":8,
            "index":133
        },
        {
            "x":172,
            "y":724,
            "w":39,
            "h":22,
            "index":134
        },
        {
            "x":581,
            "y":725,
            "w":111,
            "h":88,
            "index":135
        },
        {
            "x":340,
            "y":727,
            "w":7,
            "h":7,
            "index":136
        },
        {
            "x":115,
            "y":728,
            "w":34,
            "h":18,
            "index":137
        },
        {
            "x":362,
            "y":731,
            "w":4,
            "h":5,
            "index":138
        },
        {
            "x":955,
            "y":737,
            "w":49,
            "h":34,
            "index":139
        },
        {
            "x":0,
            "y":739,
            "w":5,
            "h":19,
            "index":140
        },
        {
            "x":17,
            "y":742,
            "w":53,
            "h":29,
            "index":141
        },
        {
            "x":825,
            "y":745,
            "w":78,
            "h":62,
            "index":142
        },
        {
            "x":1018,
            "y":747,
            "w":6,
            "h":10,
            "index":143
        },
        {
            "x":621,
            "y":754,
            "w":7,
            "h":11,
            "index":144
        },
        {
            "x":670,
            "y":754,
            "w":7,
            "h":6,
            "index":145
        },
        {
            "x":5,
            "y":758,
            "w":1,
            "h":1,
            "index":146
        },
        {
            "x":856,
            "y":772,
            "w":14,
            "h":13,
            "index":147
        },
        {
            "x":42,
            "y":775,
            "w":124,
            "h":75,
            "index":148
        },
        {
            "x":611,
            "y":781,
            "w":6,
            "h":3,
            "index":149
        },
        {
            "x":647,
            "y":783,
            "w":8,
            "h":11,
            "index":150
        },
        {
            "x":611,
            "y":788,
            "w":8,
            "h":7,
            "index":151
        },
        {
            "x":950,
            "y":789,
            "w":51,
            "h":29,
            "index":152
        },
        {
            "x":19,
            "y":791,
            "w":32,
            "h":50,
            "index":153
        },
        {
            "x":292,
            "y":796,
            "w":60,
            "h":53,
            "index":154
        },
        {
            "x":931,
            "y":801,
            "w":68,
            "h":31,
            "index":155
        },
        {
            "x":194,
            "y":813,
            "w":71,
            "h":64,
            "index":156
        },
        {
            "x":634,
            "y":814,
            "w":13,
            "h":44,
            "index":157
        },
        {
            "x":315,
            "y":817,
            "w":11,
            "h":11,
            "index":158
        },
        {
            "x":749,
            "y":821,
            "w":1,
            "h":1,
            "index":159
        },
        {
            "x":113,
            "y":826,
            "w":66,
            "h":67,
            "index":160
        },
        {
            "x":55,
            "y":829,
            "w":87,
            "h":62,
            "index":161
        },
        {
            "x":25,
            "y":837,
            "w":51,
            "h":53,
            "index":162
        },
        {
            "x":767,
            "y":846,
            "w":175,
            "h":100,
            "index":163
        },
        {
            "x":373,
            "y":853,
            "w":64,
            "h":63,
            "index":164
        },
        {
            "x":453,
            "y":860,
            "w":70,
            "h":61,
            "index":165
        },
        {
            "x":659,
            "y":869,
            "w":69,
            "h":58,
            "index":166
        },
        {
            "x":289,
            "y":871,
            "w":64,
            "h":53,
            "index":167
        },
        {
            "x":942,
            "y":871,
            "w":38,
            "h":63,
            "index":168
        },
        {
            "x":560,
            "y":883,
            "w":38,
            "h":32,
            "index":169
        },
        {
            "x":975,
            "y":885,
            "w":25,
            "h":58,
            "index":170
        },
        {
            "x":816,
            "y":887,
            "w":138,
            "h":73,
            "index":171
        },
        {
            "x":239,
            "y":891,
            "w":22,
            "h":27,
            "index":172
        },
        {
            "x":683,
            "y":894,
            "w":18,
            "h":13,
            "index":173
        },
        {
            "x":203,
            "y":899,
            "w":28,
            "h":20,
            "index":174
        },
        {
            "x":13,
            "y":903,
            "w":52,
            "h":62,
            "index":175
        },
        {
            "x":78,
            "y":918,
            "w":62,
            "h":40,
            "index":176
        },
        {
            "x":836,
            "y":929,
            "w":92,
            "h":90,
            "index":177
        },
        {
            "x":917,
            "y":931,
            "w":73,
            "h":81,
            "index":178
        },
        {
            "x":748,
            "y":932,
            "w":113,
            "h":90,
            "index":179
        },
        {
            "x":481,
            "y":933,
            "w":65,
            "h":40,
            "index":180
        },
        {
            "x":365,
            "y":938,
            "w":44,
            "h":21,
            "index":181
        },
        {
            "x":420,
            "y":938,
            "w":31,
            "h":24,
            "index":182
        },
        {
            "x":292,
            "y":947,
            "w":23,
            "h":19,
            "index":183
        },
        {
            "x":73,
            "y":956,
            "w":1,
            "h":1,
            "index":184
        },
        {
            "x":92,
            "y":956,
            "w":177,
            "h":68,
            "index":185
        },
        {
            "x":326,
            "y":958,
            "w":19,
            "h":13,
            "index":186
        },
        {
            "x":457,
            "y":969,
            "w":14,
            "h":10,
            "index":187
        },
        {
            "x":680,
            "y":974,
            "w":28,
            "h":19,
            "index":188
        },
        {
            "x":13,
            "y":994,
            "w":14,
            "h":30,
            "index":189
        },
        {
            "x":982,
            "y":998,
            "w":28,
            "h":26,
            "index":190
        },
        {
            "x":119,
            "y":1001,
            "w":49,
            "h":23,
            "index":191
        },
        {
            "x":376,
            "y":1004,
            "w":38,
            "h":20,
            "index":192
        },
        {
            "x":559,
            "y":1013,
            "w":40,
            "h":11,
            "index":193
        },
        {
            "x":333,
            "y":1014,
            "w":24,
            "h":10,
            "index":194
        },
        {
            "x":526,
            "y":1016,
            "w":29,
            "h":8,
            "index":195
        },
        {
            "x":74,
            "y":1017,
            "w":27,
            "h":7,
            "index":196
        },
        {
            "x":191,
            "y":1022,
            "w":22,
            "h":2,
            "index":197
        },
        {
            "x":862,
            "y":1022,
            "w":18,
            "h":2,
            "index":198
        },
        {
            "x":883,
            "y":1022,
            "w":14,
            "h":2,
            "index":199
        },
        {
            "x":316,
            "y":1023,
            "w":4,
            "h":1,
            "index":200
        }
    ]
}