{
    "image":"game.png",
    "width":1024,
    "height":1024,
    "selectTab":{
        "id":"01"
    },
    "selectColor":{
        "id":"FCCFCA",
        "color":"#FCCFCA"
    },
    "list":[
        {
            "x":0,
            "y":0,
            "w":163,
            "h":14,
            "index":0
        },
        {
            "x":167,
            "y":0,
            "w":26,
            "h":249,
            "index":1
        },
        {
            "x":197,
            "y":0,
            "w":25,
            "h":284,
            "index":2
        },
        {
            "x":223,
            "y":0,
            "w":37,
            "h":298,
            "index":3
        },
        {
            "x":261,
            "y":0,
            "w":41,
            "h":178,
            "index":4
        },
        {
            "x":304,
            "y":0,
            "w":40,
            "h":123,
            "index":5
        },
        {
            "x":345,
            "y":0,
            "w":42,
            "h":89,
            "index":6
        },
        {
            "x":388,
            "y":0,
            "w":36,
            "h":66,
            "index":7
        },
        {
            "x":425,
            "y":0,
            "w":40,
            "h":52,
            "index":8
        },
        {
            "x":467,
            "y":0,
            "w":42,
            "h":44,
            "index":9
        },
        {
            "x":510,
            "y":0,
            "w":42,
            "h":43,
            "index":10
        },
        {
            "x":553,
            "y":0,
            "w":42,
            "h":51,
            "index":11
        },
        {
            "x":596,
            "y":0,
            "w":42,
            "h":67,
            "index":12
        },
        {
            "x":639,
            "y":0,
            "w":42,
            "h":91,
            "index":13
        },
        {
            "x":682,
            "y":0,
            "w":42,
            "h":127,
            "index":14
        },
        {
            "x":725,
            "y":0,
            "w":39,
            "h":179,
            "index":15
        },
        {
            "x":766,
            "y":0,
            "w":42,
            "h":225,
            "index":16
        },
        {
            "x":809,
            "y":0,
            "w":35,
            "h":440,
            "index":17
        },
        {
            "x":848,
            "y":0,
            "w":23,
            "h":438,
            "index":18
        },
        {
            "x":875,
            "y":0,
            "w":22,
            "h":360,
            "index":19
        },
        {
            "x":900,
            "y":0,
            "w":124,
            "h":160,
            "index":20
        },
        {
            "x":0,
            "y":15,
            "w":107,
            "h":65,
            "index":21
        },
        {
            "x":0,
            "y":15,
            "w":163,
            "h":239,
            "index":22
        },
        {
            "x":101,
            "y":17,
            "w":30,
            "h":45,
            "index":23
        },
        {
            "x":933,
            "y":26,
            "w":23,
            "h":38,
            "index":24
        },
        {
            "x":65,
            "y":35,
            "w":35,
            "h":23,
            "index":25
        },
        {
            "x":234,
            "y":46,
            "w":547,
            "h":412,
            "index":26
        },
        {
            "x":72,
            "y":57,
            "w":52,
            "h":35,
            "index":27
        },
        {
            "x":984,
            "y":65,
            "w":24,
            "h":38,
            "index":28
        },
        {
            "x":0,
            "y":71,
            "w":149,
            "h":50,
            "index":29
        },
        {
            "x":916,
            "y":76,
            "w":53,
            "h":35,
            "index":30
        },
        {
            "x":523,
            "y":80,
            "w":220,
            "h":238,
            "index":31
        },
        {
            "x":353,
            "y":81,
            "w":138,
            "h":237,
            "index":32
        },
        {
            "x":916,
            "y":88,
            "w":52,
            "h":72,
            "index":33
        },
        {
            "x":972,
            "y":114,
            "w":48,
            "h":20,
            "index":34
        },
        {
            "x":972,
            "y":126,
            "w":48,
            "h":33,
            "index":35
        },
        {
            "x":565,
            "y":127,
            "w":44,
            "h":49,
            "index":36
        },
        {
            "x":277,
            "y":130,
            "w":100,
            "h":188,
            "index":37
        },
        {
            "x":0,
            "y":133,
            "w":131,
            "h":76,
            "index":38
        },
        {
            "x":12,
            "y":140,
            "w":16,
            "h":16,
            "index":39
        },
        {
            "x":60,
            "y":143,
            "w":20,
            "h":20,
            "index":40
        },
        {
            "x":98,
            "y":154,
            "w":23,
            "h":23,
            "index":41
        },
        {
            "x":883,
            "y":162,
            "w":141,
            "h":27,
            "index":42
        },
        {
            "x":0,
            "y":173,
            "w":6,
            "h":19,
            "index":43
        },
        {
            "x":28,
            "y":173,
            "w":22,
            "h":22,
            "index":44
        },
        {
            "x":325,
            "y":175,
            "w":63,
            "h":84,
            "index":45
        },
        {
            "x":391,
            "y":176,
            "w":73,
            "h":96,
            "index":46
        },
        {
            "x":83,
            "y":186,
            "w":13,
            "h":12,
            "index":47
        },
        {
            "x":900,
            "y":193,
            "w":124,
            "h":176,
            "index":48
        },
        {
            "x":670,
            "y":206,
            "w":21,
            "h":32,
            "index":49
        },
        {
            "x":958,
            "y":208,
            "w":52,
            "h":47,
            "index":50
        },
        {
            "x":0,
            "y":209,
            "w":32,
            "h":45,
            "index":51
        },
        {
            "x":485,
            "y":211,
            "w":346,
            "h":366,
            "index":52
        },
        {
            "x":30,
            "y":212,
            "w":56,
            "h":42,
            "index":53
        },
        {
            "x":905,
            "y":225,
            "w":48,
            "h":41,
            "index":54
        },
        {
            "x":290,
            "y":238,
            "w":73,
            "h":146,
            "index":55
        },
        {
            "x":144,
            "y":242,
            "w":280,
            "h":354,
            "index":56
        },
        {
            "x":0,
            "y":258,
            "w":140,
            "h":26,
            "index":57
        },
        {
            "x":957,
            "y":259,
            "w":4,
            "h":51,
            "index":58
        },
        {
            "x":964,
            "y":259,
            "w":53,
            "h":35,
            "index":59
        },
        {
            "x":910,
            "y":278,
            "w":45,
            "h":32,
            "index":60
        },
        {
            "x":0,
            "y":288,
            "w":164,
            "h":110,
            "index":61
        },
        {
            "x":173,
            "y":294,
            "w":59,
            "h":111,
            "index":62
        },
        {
            "x":942,
            "y":300,
            "w":13,
            "h":10,
            "index":63
        },
        {
            "x":62,
            "y":309,
            "w":18,
            "h":22,
            "index":64
        },
        {
            "x":928,
            "y":314,
            "w":69,
            "h":17,
            "index":65
        },
        {
            "x":14,
            "y":328,
            "w":46,
            "h":74,
            "index":66
        },
        {
            "x":84,
            "y":328,
            "w":45,
            "h":77,
            "index":67
        },
        {
            "x":934,
            "y":333,
            "w":57,
            "h":41,
            "index":68
        },
        {
            "x":44,
            "y":334,
            "w":52,
            "h":71,
            "index":69
        },
        {
            "x":295,
            "y":341,
            "w":49,
            "h":64,
            "index":70
        },
        {
            "x":277,
            "y":350,
            "w":15,
            "h":15,
            "index":71
        },
        {
            "x":362,
            "y":350,
            "w":129,
            "h":224,
            "index":72
        },
        {
            "x":523,
            "y":350,
            "w":17,
            "h":61,
            "index":73
        },
        {
            "x":222,
            "y":359,
            "w":55,
            "h":68,
            "index":74
        },
        {
            "x":876,
            "y":360,
            "w":148,
            "h":38,
            "index":75
        },
        {
            "x":273,
            "y":367,
            "w":1,
            "h":1,
            "index":76
        },
        {
            "x":167,
            "y":368,
            "w":25,
            "h":132,
            "index":77
        },
        {
            "x":275,
            "y":368,
            "w":23,
            "h":30,
            "index":78
        },
        {
            "x":875,
            "y":368,
            "w":149,
            "h":60,
            "index":79
        },
        {
            "x":798,
            "y":374,
            "w":14,
            "h":53,
            "index":80
        },
        {
            "x":110,
            "y":389,
            "w":50,
            "h":17,
            "index":81
        },
        {
            "x":875,
            "y":393,
            "w":149,
            "h":268,
            "index":82
        },
        {
            "x":0,
            "y":397,
            "w":164,
            "h":71,
            "index":83
        },
        {
            "x":0,
            "y":398,
            "w":98,
            "h":36,
            "index":84
        },
        {
            "x":104,
            "y":406,
            "w":6,
            "h":2,
            "index":85
        },
        {
            "x":218,
            "y":407,
            "w":1,
            "h":1,
            "index":86
        },
        {
            "x":100,
            "y":408,
            "w":3,
            "h":1,
            "index":87
        },
        {
            "x":195,
            "y":410,
            "w":6,
            "h":12,
            "index":88
        },
        {
            "x":0,
            "y":425,
            "w":164,
            "h":157,
            "index":89
        },
        {
            "x":806,
            "y":431,
            "w":193,
            "h":261,
            "index":90
        },
        {
            "x":785,
            "y":477,
            "w":76,
            "h":123,
            "index":91
        },
        {
            "x":827,
            "y":479,
            "w":79,
            "h":171,
            "index":92
        },
        {
            "x":90,
            "y":489,
            "w":90,
            "h":96,
            "index":93
        },
        {
            "x":690,
            "y":489,
            "w":27,
            "h":17,
            "index":94
        },
        {
            "x":362,
            "y":495,
            "w":8,
            "h":10,
            "index":95
        },
        {
            "x":873,
            "y":500,
            "w":82,
            "h":150,
            "index":96
        },
        {
            "x":288,
            "y":505,
            "w":8,
            "h":10,
            "index":97
        },
        {
            "x":403,
            "y":506,
            "w":123,
            "h":103,
            "index":98
        },
        {
            "x":745,
            "y":521,
            "w":64,
            "h":61,
            "index":99
        },
        {
            "x":523,
            "y":522,
            "w":34,
            "h":52,
            "index":100
        },
        {
            "x":702,
            "y":536,
            "w":72,
            "h":75,
            "index":101
        },
        {
            "x":537,
            "y":537,
            "w":32,
            "h":33,
            "index":102
        },
        {
            "x":0,
            "y":538,
            "w":145,
            "h":146,
            "index":103
        },
        {
            "x":550,
            "y":539,
            "w":33,
            "h":41,
            "index":104
        },
        {
            "x":544,
            "y":543,
            "w":87,
            "h":132,
            "index":105
        },
        {
            "x":717,
            "y":543,
            "w":2,
            "h":1,
            "index":106
        },
        {
            "x":232,
            "y":544,
            "w":25,
            "h":13,
            "index":107
        },
        {
            "x":625,
            "y":544,
            "w":92,
            "h":104,
            "index":108
        },
        {
            "x":152,
            "y":551,
            "w":59,
            "h":68,
            "index":109
        },
        {
            "x":63,
            "y":562,
            "w":9,
            "h":9,
            "index":110
        },
        {
            "x":777,
            "y":566,
            "w":50,
            "h":77,
            "index":111
        },
        {
            "x":671,
            "y":569,
            "w":58,
            "h":70,
            "index":112
        },
        {
            "x":514,
            "y":570,
            "w":32,
            "h":47,
            "index":113
        },
        {
            "x":525,
            "y":573,
            "w":39,
            "h":49,
            "index":114
        },
        {
            "x":380,
            "y":575,
            "w":25,
            "h":53,
            "index":115
        },
        {
            "x":187,
            "y":576,
            "w":35,
            "h":49,
            "index":116
        },
        {
            "x":363,
            "y":577,
            "w":29,
            "h":52,
            "index":117
        },
        {
            "x":201,
            "y":582,
            "w":60,
            "h":56,
            "index":118
        },
        {
            "x":124,
            "y":585,
            "w":30,
            "h":15,
            "index":119
        },
        {
            "x":732,
            "y":586,
            "w":60,
            "h":88,
            "index":120
        },
        {
            "x":217,
            "y":588,
            "w":153,
            "h":163,
            "index":121
        },
        {
            "x":396,
            "y":593,
            "w":23,
            "h":35,
            "index":122
        },
        {
            "x":31,
            "y":598,
            "w":9,
            "h":10,
            "index":123
        },
        {
            "x":109,
            "y":602,
            "w":75,
            "h":142,
            "index":124
        },
        {
            "x":88,
            "y":610,
            "w":10,
            "h":10,
            "index":125
        },
        {
            "x":656,
            "y":611,
            "w":35,
            "h":45,
            "index":126
        },
        {
            "x":419,
            "y":612,
            "w":86,
            "h":61,
            "index":127
        },
        {
            "x":795,
            "y":612,
            "w":51,
            "h":105,
            "index":128
        },
        {
            "x":694,
            "y":614,
            "w":54,
            "h":83,
            "index":129
        },
        {
            "x":487,
            "y":615,
            "w":33,
            "h":30,
            "index":130
        },
        {
            "x":0,
            "y":617,
            "w":4,
            "h":9,
            "index":131
        },
        {
            "x":504,
            "y":620,
            "w":32,
            "h":26,
            "index":132
        },
        {
            "x":162,
            "y":622,
            "w":36,
            "h":77,
            "index":133
        },
        {
            "x":122,
            "y":628,
            "w":10,
            "h":10,
            "index":134
        },
        {
            "x":174,
            "y":628,
            "w":62,
            "h":85,
            "index":135
        },
        {
            "x":503,
            "y":628,
            "w":72,
            "h":58,
            "index":136
        },
        {
            "x":326,
            "y":631,
            "w":116,
            "h":129,
            "index":137
        },
        {
            "x":604,
            "y":634,
            "w":75,
            "h":97,
            "index":138
        },
        {
            "x":53,
            "y":636,
            "w":10,
            "h":11,
            "index":139
        },
        {
            "x":859,
            "y":636,
            "w":165,
            "h":147,
            "index":140
        },
        {
            "x":480,
            "y":639,
            "w":21,
            "h":25,
            "index":141
        },
        {
            "x":675,
            "y":643,
            "w":33,
            "h":67,
            "index":142
        },
        {
            "x":360,
            "y":644,
            "w":66,
            "h":10,
            "index":143
        },
        {
            "x":751,
            "y":647,
            "w":64,
            "h":102,
            "index":144
        },
        {
            "x":95,
            "y":654,
            "w":10,
            "h":10,
            "index":145
        },
        {
            "x":430,
            "y":654,
            "w":12,
            "h":22,
            "index":146
        },
        {
            "x":452,
            "y":654,
            "w":91,
            "h":70,
            "index":147
        },
        {
            "x":22,
            "y":655,
            "w":9,
            "h":10,
            "index":148
        },
        {
            "x":288,
            "y":664,
            "w":54,
            "h":72,
            "index":149
        },
        {
            "x":359,
            "y":667,
            "w":22,
            "h":22,
            "index":150
        },
        {
            "x":446,
            "y":671,
            "w":23,
            "h":69,
            "index":151
        },
        {
            "x":504,
            "y":671,
            "w":126,
            "h":82,
            "index":152
        },
        {
            "x":0,
            "y":675,
            "w":109,
            "h":94,
            "index":153
        },
        {
            "x":711,
            "y":678,
            "w":60,
            "h":90,
            "index":154
        },
        {
            "x":818,
            "y":682,
            "w":46,
            "h":68,
            "index":155
        },
        {
            "x":398,
            "y":694,
            "w":22,
            "h":22,
            "index":156
        },
        {
            "x":143,
            "y":697,
            "w":28,
            "h":55,
            "index":157
        },
        {
            "x":822,
            "y":697,
            "w":129,
            "h":158,
            "index":158
        },
        {
            "x":684,
            "y":701,
            "w":47,
            "h":75,
            "index":159
        },
        {
            "x":501,
            "y":702,
            "w":19,
            "h":32,
            "index":160
        },
        {
            "x":155,
            "y":703,
            "w":59,
            "h":67,
            "index":161
        },
        {
            "x":488,
            "y":708,
            "w":20,
            "h":36,
            "index":162
        },
        {
            "x":91,
            "y":711,
            "w":23,
            "h":35,
            "index":163
        },
        {
            "x":577,
            "y":713,
            "w":131,
            "h":153,
            "index":164
        },
        {
            "x":774,
            "y":721,
            "w":69,
            "h":60,
            "index":165
        },
        {
            "x":431,
            "y":723,
            "w":11,
            "h":21,
            "index":166
        },
        {
            "x":98,
            "y":724,
            "w":27,
            "h":34,
            "index":167
        },
        {
            "x":469,
            "y":725,
            "w":23,
            "h":20,
            "index":168
        },
        {
            "x":359,
            "y":726,
            "w":22,
            "h":21,
            "index":169
        },
        {
            "x":496,
            "y":726,
            "w":123,
            "h":130,
            "index":170
        },
        {
            "x":0,
            "y":729,
            "w":96,
            "h":80,
            "index":171
        },
        {
            "x":257,
            "y":730,
            "w":170,
            "h":79,
            "index":172
        },
        {
            "x":108,
            "y":735,
            "w":31,
            "h":34,
            "index":173
        },
        {
            "x":200,
            "y":739,
            "w":35,
            "h":62,
            "index":174
        },
        {
            "x":423,
            "y":739,
            "w":75,
            "h":30,
            "index":175
        },
        {
            "x":939,
            "y":739,
            "w":85,
            "h":84,
            "index":176
        },
        {
            "x":122,
            "y":747,
            "w":30,
            "h":31,
            "index":177
        },
        {
            "x":219,
            "y":749,
            "w":48,
            "h":60,
            "index":178
        },
        {
            "x":735,
            "y":752,
            "w":62,
            "h":49,
            "index":179
        },
        {
            "x":140,
            "y":755,
            "w":31,
            "h":33,
            "index":180
        },
        {
            "x":78,
            "y":757,
            "w":49,
            "h":160,
            "index":181
        },
        {
            "x":157,
            "y":763,
            "w":33,
            "h":32,
            "index":182
        },
        {
            "x":177,
            "y":769,
            "w":28,
            "h":27,
            "index":183
        },
        {
            "x":35,
            "y":770,
            "w":42,
            "h":176,
            "index":184
        },
        {
            "x":703,
            "y":771,
            "w":54,
            "h":36,
            "index":185
        },
        {
            "x":448,
            "y":772,
            "w":75,
            "h":101,
            "index":186
        },
        {
            "x":824,
            "y":772,
            "w":1,
            "h":1,
            "index":187
        },
        {
            "x":395,
            "y":773,
            "w":52,
            "h":100,
            "index":188
        },
        {
            "x":747,
            "y":773,
            "w":77,
            "h":59,
            "index":189
        },
        {
            "x":355,
            "y":777,
            "w":50,
            "h":151,
            "index":190
        },
        {
            "x":130,
            "y":780,
            "w":49,
            "h":102,
            "index":191
        },
        {
            "x":295,
            "y":781,
            "w":70,
            "h":154,
            "index":192
        },
        {
            "x":937,
            "y":782,
            "w":37,
            "h":151,
            "index":193
        },
        {
            "x":181,
            "y":793,
            "w":75,
            "h":80,
            "index":194
        },
        {
            "x":0,
            "y":794,
            "w":34,
            "h":177,
            "index":195
        },
        {
            "x":975,
            "y":796,
            "w":33,
            "h":163,
            "index":196
        },
        {
            "x":698,
            "y":799,
            "w":48,
            "h":59,
            "index":197
        },
        {
            "x":286,
            "y":801,
            "w":9,
            "h":8,
            "index":198
        },
        {
            "x":257,
            "y":806,
            "w":42,
            "h":67,
            "index":199
        },
        {
            "x":657,
            "y":806,
            "w":40,
            "h":66,
            "index":200
        },
        {
            "x":832,
            "y":811,
            "w":36,
            "h":34,
            "index":201
        },
        {
            "x":764,
            "y":812,
            "w":53,
            "h":52,
            "index":202
        },
        {
            "x":874,
            "y":817,
            "w":70,
            "h":84,
            "index":203
        },
        {
            "x":1008,
            "y":817,
            "w":16,
            "h":154,
            "index":204
        },
        {
            "x":115,
            "y":829,
            "w":171,
            "h":154,
            "index":205
        },
        {
            "x":746,
            "y":832,
            "w":1,
            "h":1,
            "index":206
        },
        {
            "x":752,
            "y":832,
            "w":24,
            "h":14,
            "index":207
        },
        {
            "x":809,
            "y":834,
            "w":30,
            "h":17,
            "index":208
        },
        {
            "x":682,
            "y":838,
            "w":219,
            "h":157,
            "index":209
        },
        {
            "x":868,
            "y":845,
            "w":1,
            "h":1,
            "index":210
        },
        {
            "x":579,
            "y":855,
            "w":19,
            "h":17,
            "index":211
        },
        {
            "x":500,
            "y":857,
            "w":78,
            "h":81,
            "index":212
        },
        {
            "x":572,
            "y":868,
            "w":84,
            "h":84,
            "index":213
        },
        {
            "x":921,
            "y":874,
            "w":14,
            "h":30,
            "index":214
        },
        {
            "x":0,
            "y":876,
            "w":147,
            "h":137,
            "index":215
        },
        {
            "x":149,
            "y":876,
            "w":24,
            "h":27,
            "index":216
        },
        {
            "x":268,
            "y":876,
            "w":36,
            "h":27,
            "index":217
        },
        {
            "x":401,
            "y":876,
            "w":122,
            "h":27,
            "index":218
        },
        {
            "x":575,
            "y":876,
            "w":23,
            "h":27,
            "index":219
        },
        {
            "x":657,
            "y":876,
            "w":29,
            "h":27,
            "index":220
        },
        {
            "x":904,
            "y":895,
            "w":120,
            "h":118,
            "index":221
        },
        {
            "x":0,
            "y":906,
            "w":1024,
            "h":118,
            "index":222
        },
        {
            "x":974,
            "y":933,
            "w":1,
            "h":1,
            "index":223
        }
    ]
}