{
    "image":"game.png",
    "width":1024,
    "height":1024,
    "selectTab":{
        "id":"01"
    },
    "selectColor":{
        "id":"FCCFCA",
        "color":"#FCCFCA"
    },
    "list":[
        {
            "x":0,
            "y":0,
            "w":1024,
            "h":1024,
            "index":0
        },
        {
            "x":452,
            "y":17,
            "w":19,
            "h":19,
            "index":1
        },
        {
            "x":697,
            "y":24,
            "w":33,
            "h":26,
            "index":2
        },
        {
            "x":333,
            "y":25,
            "w":26,
            "h":22,
            "index":3
        },
        {
            "x":348,
            "y":30,
            "w":107,
            "h":125,
            "index":4
        },
        {
            "x":108,
            "y":31,
            "w":160,
            "h":142,
            "index":5
        },
        {
            "x":704,
            "y":43,
            "w":169,
            "h":262,
            "index":6
        },
        {
            "x":179,
            "y":46,
            "w":9,
            "h":8,
            "index":7
        },
        {
            "x":864,
            "y":67,
            "w":19,
            "h":26,
            "index":8
        },
        {
            "x":559,
            "y":75,
            "w":9,
            "h":15,
            "index":9
        },
        {
            "x":509,
            "y":87,
            "w":76,
            "h":91,
            "index":10
        },
        {
            "x":452,
            "y":150,
            "w":12,
            "h":14,
            "index":11
        },
        {
            "x":338,
            "y":152,
            "w":13,
            "h":13,
            "index":12
        },
        {
            "x":966,
            "y":186,
            "w":12,
            "h":17,
            "index":13
        },
        {
            "x":891,
            "y":187,
            "w":121,
            "h":133,
            "index":14
        },
        {
            "x":116,
            "y":192,
            "w":377,
            "h":279,
            "index":15
        },
        {
            "x":146,
            "y":217,
            "w":322,
            "h":143,
            "index":16
        },
        {
            "x":273,
            "y":224,
            "w":72,
            "h":44,
            "index":17
        },
        {
            "x":559,
            "y":232,
            "w":7,
            "h":14,
            "index":18
        },
        {
            "x":696,
            "y":233,
            "w":16,
            "h":17,
            "index":19
        },
        {
            "x":49,
            "y":241,
            "w":9,
            "h":15,
            "index":20
        },
        {
            "x":538,
            "y":243,
            "w":52,
            "h":67,
            "index":21
        },
        {
            "x":22,
            "y":254,
            "w":65,
            "h":97,
            "index":22
        },
        {
            "x":549,
            "y":260,
            "w":387,
            "h":640,
            "index":23
        },
        {
            "x":369,
            "y":263,
            "w":99,
            "h":60,
            "index":24
        },
        {
            "x":651,
            "y":301,
            "w":35,
            "h":88,
            "index":25
        },
        {
            "x":314,
            "y":305,
            "w":154,
            "h":109,
            "index":26
        },
        {
            "x":778,
            "y":305,
            "w":43,
            "h":93,
            "index":27
        },
        {
            "x":147,
            "y":308,
            "w":219,
            "h":134,
            "index":28
        },
        {
            "x":530,
            "y":338,
            "w":98,
            "h":99,
            "index":29
        },
        {
            "x":547,
            "y":357,
            "w":78,
            "h":86,
            "index":30
        },
        {
            "x":565,
            "y":375,
            "w":10,
            "h":19,
            "index":31
        },
        {
            "x":136,
            "y":415,
            "w":445,
            "h":257,
            "index":32
        },
        {
            "x":946,
            "y":420,
            "w":67,
            "h":305,
            "index":33
        },
        {
            "x":428,
            "y":426,
            "w":33,
            "h":12,
            "index":34
        },
        {
            "x":0,
            "y":431,
            "w":99,
            "h":69,
            "index":35
        },
        {
            "x":578,
            "y":459,
            "w":289,
            "h":222,
            "index":36
        },
        {
            "x":451,
            "y":460,
            "w":48,
            "h":28,
            "index":37
        },
        {
            "x":177,
            "y":464,
            "w":34,
            "h":14,
            "index":38
        },
        {
            "x":405,
            "y":465,
            "w":50,
            "h":32,
            "index":39
        },
        {
            "x":356,
            "y":473,
            "w":53,
            "h":33,
            "index":40
        },
        {
            "x":0,
            "y":477,
            "w":523,
            "h":371,
            "index":41
        },
        {
            "x":306,
            "y":480,
            "w":53,
            "h":35,
            "index":42
        },
        {
            "x":256,
            "y":488,
            "w":54,
            "h":38,
            "index":43
        },
        {
            "x":450,
            "y":490,
            "w":75,
            "h":37,
            "index":44
        },
        {
            "x":0,
            "y":491,
            "w":101,
            "h":56,
            "index":45
        },
        {
            "x":209,
            "y":497,
            "w":52,
            "h":38,
            "index":46
        },
        {
            "x":401,
            "y":501,
            "w":57,
            "h":36,
            "index":47
        },
        {
            "x":170,
            "y":506,
            "w":46,
            "h":37,
            "index":48
        },
        {
            "x":351,
            "y":511,
            "w":56,
            "h":36,
            "index":49
        },
        {
            "x":131,
            "y":515,
            "w":354,
            "h":177,
            "index":50
        },
        {
            "x":617,
            "y":516,
            "w":53,
            "h":78,
            "index":51
        },
        {
            "x":301,
            "y":520,
            "w":58,
            "h":38,
            "index":52
        },
        {
            "x":743,
            "y":527,
            "w":66,
            "h":79,
            "index":53
        },
        {
            "x":248,
            "y":530,
            "w":59,
            "h":39,
            "index":54
        },
        {
            "x":449,
            "y":532,
            "w":57,
            "h":33,
            "index":55
        },
        {
            "x":0,
            "y":539,
            "w":115,
            "h":47,
            "index":56
        },
        {
            "x":189,
            "y":541,
            "w":65,
            "h":40,
            "index":57
        },
        {
            "x":398,
            "y":541,
            "w":57,
            "h":35,
            "index":58
        },
        {
            "x":346,
            "y":551,
            "w":56,
            "h":35,
            "index":59
        },
        {
            "x":650,
            "y":556,
            "w":9,
            "h":13,
            "index":60
        },
        {
            "x":471,
            "y":561,
            "w":136,
            "h":131,
            "index":61
        },
        {
            "x":294,
            "y":562,
            "w":58,
            "h":36,
            "index":62
        },
        {
            "x":773,
            "y":563,
            "w":10,
            "h":14,
            "index":63
        },
        {
            "x":0,
            "y":570,
            "w":115,
            "h":57,
            "index":64
        },
        {
            "x":294,
            "y":571,
            "w":180,
            "h":65,
            "index":65
        },
        {
            "x":245,
            "y":574,
            "w":56,
            "h":36,
            "index":66
        },
        {
            "x":685,
            "y":583,
            "w":24,
            "h":18,
            "index":67
        },
        {
            "x":214,
            "y":584,
            "w":38,
            "h":30,
            "index":68
        },
        {
            "x":0,
            "y":611,
            "w":126,
            "h":48,
            "index":69
        },
        {
            "x":624,
            "y":618,
            "w":18,
            "h":25,
            "index":70
        },
        {
            "x":790,
            "y":627,
            "w":7,
            "h":14,
            "index":71
        },
        {
            "x":645,
            "y":628,
            "w":19,
            "h":17,
            "index":72
        },
        {
            "x":763,
            "y":631,
            "w":21,
            "h":21,
            "index":73
        },
        {
            "x":0,
            "y":635,
            "w":122,
            "h":54,
            "index":74
        },
        {
            "x":677,
            "y":637,
            "w":25,
            "h":20,
            "index":75
        },
        {
            "x":657,
            "y":639,
            "w":23,
            "h":19,
            "index":76
        },
        {
            "x":717,
            "y":639,
            "w":30,
            "h":23,
            "index":77
        },
        {
            "x":742,
            "y":640,
            "w":28,
            "h":22,
            "index":78
        },
        {
            "x":696,
            "y":645,
            "w":26,
            "h":18,
            "index":79
        },
        {
            "x":467,
            "y":680,
            "w":113,
            "h":45,
            "index":80
        },
        {
            "x":105,
            "y":697,
            "w":27,
            "h":13,
            "index":81
        },
        {
            "x":136,
            "y":697,
            "w":101,
            "h":32,
            "index":82
        },
        {
            "x":0,
            "y":705,
            "w":459,
            "h":201,
            "index":83
        },
        {
            "x":461,
            "y":706,
            "w":124,
            "h":49,
            "index":84
        },
        {
            "x":241,
            "y":717,
            "w":16,
            "h":13,
            "index":85
        },
        {
            "x":785,
            "y":726,
            "w":202,
            "h":102,
            "index":86
        },
        {
            "x":549,
            "y":733,
            "w":31,
            "h":58,
            "index":87
        },
        {
            "x":387,
            "y":750,
            "w":109,
            "h":119,
            "index":88
        },
        {
            "x":500,
            "y":750,
            "w":44,
            "h":58,
            "index":89
        },
        {
            "x":768,
            "y":752,
            "w":223,
            "h":108,
            "index":90
        },
        {
            "x":0,
            "y":778,
            "w":380,
            "h":246,
            "index":91
        },
        {
            "x":510,
            "y":789,
            "w":83,
            "h":102,
            "index":92
        },
        {
            "x":925,
            "y":795,
            "w":49,
            "h":119,
            "index":93
        },
        {
            "x":638,
            "y":812,
            "w":87,
            "h":106,
            "index":94
        },
        {
            "x":842,
            "y":823,
            "w":82,
            "h":82,
            "index":95
        },
        {
            "x":453,
            "y":828,
            "w":351,
            "h":184,
            "index":96
        },
        {
            "x":0,
            "y":830,
            "w":341,
            "h":194,
            "index":97
        },
        {
            "x":597,
            "y":851,
            "w":21,
            "h":16,
            "index":98
        },
        {
            "x":386,
            "y":856,
            "w":258,
            "h":168,
            "index":99
        },
        {
            "x":794,
            "y":864,
            "w":46,
            "h":109,
            "index":100
        },
        {
            "x":840,
            "y":875,
            "w":86,
            "h":85,
            "index":101
        },
        {
            "x":290,
            "y":963,
            "w":24,
            "h":28,
            "index":102
        }
    ]
}