{
    "image":"game.png",
    "width":1024,
    "height":1024,
    "selectTab":{
        "id":"01"
    },
    "selectColor":{
        "id":"FCCFCA",
        "color":"#FCCFCA"
    },
    "list":[
        {
            "x":0,
            "y":0,
            "w":1024,
            "h":1024,
            "index":0
        },
        {
            "x":322,
            "y":26,
            "w":132,
            "h":117,
            "index":1
        },
        {
            "x":559,
            "y":35,
            "w":143,
            "h":136,
            "index":2
        },
        {
            "x":355,
            "y":73,
            "w":68,
            "h":55,
            "index":3
        },
        {
            "x":591,
            "y":86,
            "w":78,
            "h":72,
            "index":4
        },
        {
            "x":777,
            "y":91,
            "w":26,
            "h":31,
            "index":5
        },
        {
            "x":305,
            "y":119,
            "w":165,
            "h":59,
            "index":6
        },
        {
            "x":582,
            "y":135,
            "w":178,
            "h":84,
            "index":7
        },
        {
            "x":774,
            "y":150,
            "w":19,
            "h":23,
            "index":8
        },
        {
            "x":320,
            "y":165,
            "w":150,
            "h":135,
            "index":9
        },
        {
            "x":455,
            "y":168,
            "w":44,
            "h":101,
            "index":10
        },
        {
            "x":540,
            "y":172,
            "w":44,
            "h":97,
            "index":11
        },
        {
            "x":489,
            "y":181,
            "w":63,
            "h":81,
            "index":12
        },
        {
            "x":567,
            "y":181,
            "w":170,
            "h":156,
            "index":13
        },
        {
            "x":316,
            "y":182,
            "w":3,
            "h":10,
            "index":14
        },
        {
            "x":316,
            "y":197,
            "w":7,
            "h":14,
            "index":15
        },
        {
            "x":186,
            "y":214,
            "w":157,
            "h":115,
            "index":16
        },
        {
            "x":207,
            "y":243,
            "w":182,
            "h":182,
            "index":17
        },
        {
            "x":708,
            "y":246,
            "w":155,
            "h":126,
            "index":18
        },
        {
            "x":434,
            "y":262,
            "w":165,
            "h":36,
            "index":19
        },
        {
            "x":371,
            "y":265,
            "w":90,
            "h":43,
            "index":20
        },
        {
            "x":657,
            "y":273,
            "w":182,
            "h":185,
            "index":21
        },
        {
            "x":579,
            "y":277,
            "w":93,
            "h":61,
            "index":22
        },
        {
            "x":300,
            "y":284,
            "w":425,
            "h":307,
            "index":23
        },
        {
            "x":302,
            "y":302,
            "w":114,
            "h":117,
            "index":24
        },
        {
            "x":636,
            "y":328,
            "w":91,
            "h":126,
            "index":25
        },
        {
            "x":247,
            "y":369,
            "w":19,
            "h":57,
            "index":26
        },
        {
            "x":384,
            "y":372,
            "w":90,
            "h":109,
            "index":27
        },
        {
            "x":395,
            "y":390,
            "w":67,
            "h":102,
            "index":28
        },
        {
            "x":249,
            "y":396,
            "w":175,
            "h":208,
            "index":29
        },
        {
            "x":495,
            "y":409,
            "w":289,
            "h":211,
            "index":30
        },
        {
            "x":429,
            "y":413,
            "w":19,
            "h":19,
            "index":31
        },
        {
            "x":417,
            "y":431,
            "w":9,
            "h":9,
            "index":32
        },
        {
            "x":689,
            "y":443,
            "w":20,
            "h":27,
            "index":33
        },
        {
            "x":492,
            "y":452,
            "w":44,
            "h":29,
            "index":34
        },
        {
            "x":405,
            "y":458,
            "w":23,
            "h":24,
            "index":35
        },
        {
            "x":326,
            "y":470,
            "w":27,
            "h":27,
            "index":36
        },
        {
            "x":664,
            "y":475,
            "w":24,
            "h":32,
            "index":37
        },
        {
            "x":357,
            "y":500,
            "w":32,
            "h":29,
            "index":38
        },
        {
            "x":625,
            "y":506,
            "w":33,
            "h":26,
            "index":39
        },
        {
            "x":396,
            "y":522,
            "w":49,
            "h":34,
            "index":40
        },
        {
            "x":570,
            "y":529,
            "w":47,
            "h":29,
            "index":41
        },
        {
            "x":454,
            "y":542,
            "w":52,
            "h":27,
            "index":42
        },
        {
            "x":513,
            "y":544,
            "w":49,
            "h":26,
            "index":43
        },
        {
            "x":206,
            "y":546,
            "w":39,
            "h":47,
            "index":44
        },
        {
            "x":772,
            "y":570,
            "w":19,
            "h":22,
            "index":45
        },
        {
            "x":395,
            "y":572,
            "w":104,
            "h":132,
            "index":46
        },
        {
            "x":266,
            "y":605,
            "w":22,
            "h":23,
            "index":47
        },
        {
            "x":367,
            "y":607,
            "w":60,
            "h":41,
            "index":48
        },
        {
            "x":558,
            "y":610,
            "w":68,
            "h":36,
            "index":49
        },
        {
            "x":713,
            "y":618,
            "w":31,
            "h":33,
            "index":50
        },
        {
            "x":505,
            "y":621,
            "w":28,
            "h":41,
            "index":51
        },
        {
            "x":518,
            "y":622,
            "w":40,
            "h":23,
            "index":52
        },
        {
            "x":341,
            "y":623,
            "w":98,
            "h":52,
            "index":53
        },
        {
            "x":532,
            "y":625,
            "w":114,
            "h":47,
            "index":54
        },
        {
            "x":341,
            "y":631,
            "w":166,
            "h":145,
            "index":55
        },
        {
            "x":573,
            "y":648,
            "w":117,
            "h":119,
            "index":56
        },
        {
            "x":497,
            "y":655,
            "w":96,
            "h":86,
            "index":57
        },
        {
            "x":774,
            "y":660,
            "w":6,
            "h":7,
            "index":58
        },
        {
            "x":677,
            "y":703,
            "w":42,
            "h":38,
            "index":59
        },
        {
            "x":309,
            "y":709,
            "w":39,
            "h":36,
            "index":60
        },
        {
            "x":693,
            "y":718,
            "w":11,
            "h":10,
            "index":61
        },
        {
            "x":489,
            "y":720,
            "w":15,
            "h":46,
            "index":62
        },
        {
            "x":324,
            "y":722,
            "w":11,
            "h":10,
            "index":63
        },
        {
            "x":570,
            "y":723,
            "w":13,
            "h":39,
            "index":64
        },
        {
            "x":501,
            "y":729,
            "w":70,
            "h":46,
            "index":65
        },
        {
            "x":648,
            "y":731,
            "w":36,
            "h":35,
            "index":66
        },
        {
            "x":277,
            "y":731,
            "w":469,
            "h":144,
            "index":67
        },
        {
            "x":346,
            "y":733,
            "w":38,
            "h":37,
            "index":68
        },
        {
            "x":307,
            "y":742,
            "w":211,
            "h":104,
            "index":69
        },
        {
            "x":563,
            "y":742,
            "w":151,
            "h":102,
            "index":70
        },
        {
            "x":662,
            "y":744,
            "w":10,
            "h":8,
            "index":71
        },
        {
            "x":360,
            "y":747,
            "w":10,
            "h":10,
            "index":72
        },
        {
            "x":615,
            "y":749,
            "w":37,
            "h":38,
            "index":73
        },
        {
            "x":384,
            "y":750,
            "w":39,
            "h":39,
            "index":74
        },
        {
            "x":424,
            "y":761,
            "w":38,
            "h":38,
            "index":75
        },
        {
            "x":481,
            "y":762,
            "w":113,
            "h":84,
            "index":76
        },
        {
            "x":588,
            "y":763,
            "w":26,
            "h":36,
            "index":77
        },
        {
            "x":630,
            "y":765,
            "w":9,
            "h":8,
            "index":78
        },
        {
            "x":399,
            "y":767,
            "w":10,
            "h":8,
            "index":79
        },
        {
            "x":465,
            "y":771,
            "w":19,
            "h":38,
            "index":80
        },
        {
            "x":595,
            "y":775,
            "w":6,
            "h":9,
            "index":81
        },
        {
            "x":439,
            "y":777,
            "w":9,
            "h":9,
            "index":82
        },
        {
            "x":548,
            "y":781,
            "w":20,
            "h":27,
            "index":83
        },
        {
            "x":511,
            "y":785,
            "w":20,
            "h":26,
            "index":84
        },
        {
            "x":533,
            "y":790,
            "w":12,
            "h":11,
            "index":85
        },
        {
            "x":532,
            "y":860,
            "w":90,
            "h":62,
            "index":86
        },
        {
            "x":426,
            "y":865,
            "w":109,
            "h":78,
            "index":87
        },
        {
            "x":542,
            "y":875,
            "w":84,
            "h":70,
            "index":88
        },
        {
            "x":436,
            "y":918,
            "w":104,
            "h":52,
            "index":89
        }
    ]
}