{
    "image":"game.png",
    "width":1024,
    "height":1024,
    "selectTab":{
        "id":"01"
    },
    "selectColor":{
        "id":"FCCFCA",
        "color":"#FCCFCA"
    },
    "list":[
        {
            "x":0,
            "y":0,
            "w":1024,
            "h":1024,
            "index":0
        },
        {
            "x":323,
            "y":27,
            "w":128,
            "h":110,
            "index":1
        },
        {
            "x":561,
            "y":36,
            "w":140,
            "h":134,
            "index":2
        },
        {
            "x":356,
            "y":74,
            "w":66,
            "h":53,
            "index":3
        },
        {
            "x":592,
            "y":86,
            "w":76,
            "h":71,
            "index":4
        },
        {
            "x":778,
            "y":93,
            "w":24,
            "h":27,
            "index":5
        },
        {
            "x":306,
            "y":120,
            "w":163,
            "h":58,
            "index":6
        },
        {
            "x":582,
            "y":137,
            "w":177,
            "h":81,
            "index":7
        },
        {
            "x":776,
            "y":152,
            "w":15,
            "h":19,
            "index":8
        },
        {
            "x":321,
            "y":166,
            "w":148,
            "h":133,
            "index":9
        },
        {
            "x":456,
            "y":169,
            "w":42,
            "h":99,
            "index":10
        },
        {
            "x":541,
            "y":173,
            "w":42,
            "h":95,
            "index":11
        },
        {
            "x":490,
            "y":182,
            "w":61,
            "h":79,
            "index":12
        },
        {
            "x":568,
            "y":182,
            "w":168,
            "h":154,
            "index":13
        },
        {
            "x":317,
            "y":203,
            "w":4,
            "h":7,
            "index":14
        },
        {
            "x":187,
            "y":215,
            "w":155,
            "h":113,
            "index":15
        },
        {
            "x":207,
            "y":245,
            "w":181,
            "h":179,
            "index":16
        },
        {
            "x":709,
            "y":247,
            "w":153,
            "h":124,
            "index":17
        },
        {
            "x":437,
            "y":263,
            "w":156,
            "h":32,
            "index":18
        },
        {
            "x":371,
            "y":266,
            "w":87,
            "h":41,
            "index":19
        },
        {
            "x":660,
            "y":274,
            "w":178,
            "h":183,
            "index":20
        },
        {
            "x":583,
            "y":279,
            "w":88,
            "h":58,
            "index":21
        },
        {
            "x":301,
            "y":285,
            "w":396,
            "h":295,
            "index":22
        },
        {
            "x":303,
            "y":304,
            "w":112,
            "h":114,
            "index":23
        },
        {
            "x":637,
            "y":330,
            "w":89,
            "h":124,
            "index":24
        },
        {
            "x":248,
            "y":371,
            "w":17,
            "h":53,
            "index":25
        },
        {
            "x":385,
            "y":373,
            "w":88,
            "h":96,
            "index":26
        },
        {
            "x":396,
            "y":391,
            "w":65,
            "h":91,
            "index":27
        },
        {
            "x":250,
            "y":397,
            "w":173,
            "h":206,
            "index":28
        },
        {
            "x":497,
            "y":411,
            "w":285,
            "h":207,
            "index":29
        },
        {
            "x":430,
            "y":413,
            "w":17,
            "h":19,
            "index":30
        },
        {
            "x":418,
            "y":432,
            "w":8,
            "h":7,
            "index":31
        },
        {
            "x":690,
            "y":446,
            "w":18,
            "h":23,
            "index":32
        },
        {
            "x":492,
            "y":453,
            "w":43,
            "h":27,
            "index":33
        },
        {
            "x":473,
            "y":458,
            "w":251,
            "h":133,
            "index":34
        },
        {
            "x":406,
            "y":459,
            "w":21,
            "h":22,
            "index":35
        },
        {
            "x":327,
            "y":472,
            "w":24,
            "h":24,
            "index":36
        },
        {
            "x":665,
            "y":477,
            "w":22,
            "h":29,
            "index":37
        },
        {
            "x":358,
            "y":501,
            "w":30,
            "h":27,
            "index":38
        },
        {
            "x":627,
            "y":507,
            "w":30,
            "h":25,
            "index":39
        },
        {
            "x":397,
            "y":523,
            "w":47,
            "h":32,
            "index":40
        },
        {
            "x":571,
            "y":531,
            "w":44,
            "h":26,
            "index":41
        },
        {
            "x":456,
            "y":543,
            "w":49,
            "h":25,
            "index":42
        },
        {
            "x":514,
            "y":546,
            "w":47,
            "h":23,
            "index":43
        },
        {
            "x":209,
            "y":547,
            "w":35,
            "h":43,
            "index":44
        },
        {
            "x":773,
            "y":571,
            "w":16,
            "h":20,
            "index":45
        },
        {
            "x":397,
            "y":573,
            "w":101,
            "h":130,
            "index":46
        },
        {
            "x":268,
            "y":606,
            "w":18,
            "h":21,
            "index":47
        },
        {
            "x":368,
            "y":607,
            "w":58,
            "h":40,
            "index":48
        },
        {
            "x":559,
            "y":611,
            "w":66,
            "h":34,
            "index":49
        },
        {
            "x":715,
            "y":620,
            "w":28,
            "h":30,
            "index":50
        },
        {
            "x":505,
            "y":622,
            "w":27,
            "h":40,
            "index":51
        },
        {
            "x":520,
            "y":623,
            "w":37,
            "h":21,
            "index":52
        },
        {
            "x":342,
            "y":624,
            "w":96,
            "h":50,
            "index":53
        },
        {
            "x":534,
            "y":626,
            "w":111,
            "h":45,
            "index":54
        },
        {
            "x":342,
            "y":637,
            "w":163,
            "h":138,
            "index":55
        },
        {
            "x":574,
            "y":649,
            "w":115,
            "h":116,
            "index":56
        },
        {
            "x":497,
            "y":656,
            "w":95,
            "h":84,
            "index":57
        },
        {
            "x":678,
            "y":704,
            "w":40,
            "h":37,
            "index":58
        },
        {
            "x":310,
            "y":710,
            "w":38,
            "h":34,
            "index":59
        },
        {
            "x":694,
            "y":719,
            "w":10,
            "h":8,
            "index":60
        },
        {
            "x":490,
            "y":721,
            "w":13,
            "h":44,
            "index":61
        },
        {
            "x":325,
            "y":722,
            "w":9,
            "h":9,
            "index":62
        },
        {
            "x":571,
            "y":725,
            "w":11,
            "h":36,
            "index":63
        },
        {
            "x":501,
            "y":730,
            "w":69,
            "h":44,
            "index":64
        },
        {
            "x":649,
            "y":732,
            "w":34,
            "h":33,
            "index":65
        },
        {
            "x":278,
            "y":732,
            "w":467,
            "h":142,
            "index":66
        },
        {
            "x":347,
            "y":734,
            "w":35,
            "h":36,
            "index":67
        },
        {
            "x":307,
            "y":743,
            "w":203,
            "h":101,
            "index":68
        },
        {
            "x":565,
            "y":743,
            "w":147,
            "h":100,
            "index":69
        },
        {
            "x":663,
            "y":745,
            "w":8,
            "h":6,
            "index":70
        },
        {
            "x":361,
            "y":748,
            "w":8,
            "h":8,
            "index":71
        },
        {
            "x":616,
            "y":750,
            "w":35,
            "h":36,
            "index":72
        },
        {
            "x":385,
            "y":751,
            "w":37,
            "h":37,
            "index":73
        },
        {
            "x":425,
            "y":762,
            "w":36,
            "h":36,
            "index":74
        },
        {
            "x":482,
            "y":763,
            "w":111,
            "h":82,
            "index":75
        },
        {
            "x":589,
            "y":763,
            "w":24,
            "h":35,
            "index":76
        },
        {
            "x":631,
            "y":766,
            "w":7,
            "h":6,
            "index":77
        },
        {
            "x":400,
            "y":768,
            "w":8,
            "h":6,
            "index":78
        },
        {
            "x":466,
            "y":773,
            "w":15,
            "h":35,
            "index":79
        },
        {
            "x":596,
            "y":776,
            "w":4,
            "h":7,
            "index":80
        },
        {
            "x":440,
            "y":777,
            "w":7,
            "h":8,
            "index":81
        },
        {
            "x":548,
            "y":782,
            "w":19,
            "h":25,
            "index":82
        },
        {
            "x":511,
            "y":786,
            "w":19,
            "h":24,
            "index":83
        },
        {
            "x":533,
            "y":791,
            "w":11,
            "h":9,
            "index":84
        },
        {
            "x":533,
            "y":862,
            "w":88,
            "h":59,
            "index":85
        },
        {
            "x":427,
            "y":866,
            "w":107,
            "h":76,
            "index":86
        },
        {
            "x":544,
            "y":883,
            "w":80,
            "h":61,
            "index":87
        },
        {
            "x":438,
            "y":922,
            "w":102,
            "h":47,
            "index":88
        }
    ]
}