{
    "image":"game.png",
    "width":1024,
    "height":1024,
    "selectTab":{
        "id":"01"
    },
    "selectColor":{
        "id":"FCCFCA",
        "color":"#FCCFCA"
    },
    "list":[
        {
            "x":116,
            "y":0,
            "w":124,
            "h":22,
            "index":0
        },
        {
            "x":206,
            "y":0,
            "w":95,
            "h":19,
            "index":1
        },
        {
            "x":287,
            "y":0,
            "w":135,
            "h":29,
            "index":2
        },
        {
            "x":421,
            "y":0,
            "w":57,
            "h":33,
            "index":3
        },
        {
            "x":478,
            "y":0,
            "w":103,
            "h":100,
            "index":4
        },
        {
            "x":525,
            "y":0,
            "w":84,
            "h":23,
            "index":5
        },
        {
            "x":607,
            "y":0,
            "w":417,
            "h":137,
            "index":6
        },
        {
            "x":0,
            "y":2,
            "w":30,
            "h":42,
            "index":7
        },
        {
            "x":39,
            "y":2,
            "w":70,
            "h":114,
            "index":8
        },
        {
            "x":0,
            "y":3,
            "w":9,
            "h":7,
            "index":9
        },
        {
            "x":62,
            "y":5,
            "w":16,
            "h":24,
            "index":10
        },
        {
            "x":89,
            "y":5,
            "w":146,
            "h":63,
            "index":11
        },
        {
            "x":80,
            "y":10,
            "w":30,
            "h":72,
            "index":12
        },
        {
            "x":11,
            "y":12,
            "w":30,
            "h":100,
            "index":13
        },
        {
            "x":374,
            "y":13,
            "w":95,
            "h":33,
            "index":14
        },
        {
            "x":460,
            "y":19,
            "w":73,
            "h":102,
            "index":15
        },
        {
            "x":127,
            "y":23,
            "w":179,
            "h":74,
            "index":16
        },
        {
            "x":282,
            "y":23,
            "w":88,
            "h":81,
            "index":17
        },
        {
            "x":103,
            "y":26,
            "w":10,
            "h":19,
            "index":18
        },
        {
            "x":530,
            "y":27,
            "w":494,
            "h":196,
            "index":19
        },
        {
            "x":0,
            "y":32,
            "w":23,
            "h":119,
            "index":20
        },
        {
            "x":48,
            "y":36,
            "w":80,
            "h":174,
            "index":21
        },
        {
            "x":105,
            "y":38,
            "w":22,
            "h":116,
            "index":22
        },
        {
            "x":337,
            "y":41,
            "w":132,
            "h":82,
            "index":23
        },
        {
            "x":602,
            "y":45,
            "w":239,
            "h":113,
            "index":24
        },
        {
            "x":20,
            "y":52,
            "w":23,
            "h":68,
            "index":25
        },
        {
            "x":627,
            "y":52,
            "w":21,
            "h":15,
            "index":26
        },
        {
            "x":133,
            "y":56,
            "w":1,
            "h":1,
            "index":27
        },
        {
            "x":134,
            "y":57,
            "w":25,
            "h":115,
            "index":28
        },
        {
            "x":146,
            "y":57,
            "w":100,
            "h":69,
            "index":29
        },
        {
            "x":624,
            "y":59,
            "w":195,
            "h":79,
            "index":30
        },
        {
            "x":48,
            "y":70,
            "w":63,
            "h":124,
            "index":31
        },
        {
            "x":997,
            "y":74,
            "w":27,
            "h":71,
            "index":32
        },
        {
            "x":158,
            "y":77,
            "w":1,
            "h":1,
            "index":33
        },
        {
            "x":159,
            "y":78,
            "w":76,
            "h":116,
            "index":34
        },
        {
            "x":121,
            "y":84,
            "w":27,
            "h":79,
            "index":35
        },
        {
            "x":1008,
            "y":85,
            "w":16,
            "h":14,
            "index":36
        },
        {
            "x":158,
            "y":91,
            "w":31,
            "h":107,
            "index":37
        },
        {
            "x":6,
            "y":94,
            "w":37,
            "h":109,
            "index":38
        },
        {
            "x":195,
            "y":101,
            "w":717,
            "h":200,
            "index":39
        },
        {
            "x":194,
            "y":104,
            "w":1,
            "h":1,
            "index":40
        },
        {
            "x":47,
            "y":105,
            "w":34,
            "h":61,
            "index":41
        },
        {
            "x":177,
            "y":118,
            "w":23,
            "h":41,
            "index":42
        },
        {
            "x":972,
            "y":118,
            "w":52,
            "h":48,
            "index":43
        },
        {
            "x":49,
            "y":136,
            "w":43,
            "h":103,
            "index":44
        },
        {
            "x":34,
            "y":140,
            "w":12,
            "h":98,
            "index":45
        },
        {
            "x":378,
            "y":145,
            "w":447,
            "h":609,
            "index":46
        },
        {
            "x":912,
            "y":158,
            "w":112,
            "h":119,
            "index":47
        },
        {
            "x":0,
            "y":162,
            "w":34,
            "h":87,
            "index":48
        },
        {
            "x":127,
            "y":162,
            "w":410,
            "h":87,
            "index":49
        },
        {
            "x":47,
            "y":170,
            "w":31,
            "h":67,
            "index":50
        },
        {
            "x":79,
            "y":170,
            "w":50,
            "h":57,
            "index":51
        },
        {
            "x":534,
            "y":183,
            "w":64,
            "h":133,
            "index":52
        },
        {
            "x":423,
            "y":196,
            "w":38,
            "h":61,
            "index":53
        },
        {
            "x":380,
            "y":199,
            "w":44,
            "h":47,
            "index":54
        },
        {
            "x":391,
            "y":209,
            "w":20,
            "h":24,
            "index":55
        },
        {
            "x":625,
            "y":209,
            "w":60,
            "h":81,
            "index":56
        },
        {
            "x":672,
            "y":220,
            "w":78,
            "h":130,
            "index":57
        },
        {
            "x":0,
            "y":222,
            "w":1024,
            "h":802,
            "index":58
        },
        {
            "x":444,
            "y":223,
            "w":20,
            "h":39,
            "index":59
        },
        {
            "x":885,
            "y":224,
            "w":97,
            "h":230,
            "index":60
        },
        {
            "x":436,
            "y":233,
            "w":19,
            "h":21,
            "index":61
        },
        {
            "x":377,
            "y":234,
            "w":18,
            "h":22,
            "index":62
        },
        {
            "x":403,
            "y":235,
            "w":21,
            "h":23,
            "index":63
        },
        {
            "x":416,
            "y":235,
            "w":4,
            "h":5,
            "index":64
        },
        {
            "x":468,
            "y":242,
            "w":48,
            "h":48,
            "index":65
        },
        {
            "x":550,
            "y":247,
            "w":26,
            "h":67,
            "index":66
        },
        {
            "x":398,
            "y":249,
            "w":41,
            "h":23,
            "index":67
        },
        {
            "x":305,
            "y":253,
            "w":206,
            "h":143,
            "index":68
        },
        {
            "x":375,
            "y":253,
            "w":86,
            "h":88,
            "index":69
        },
        {
            "x":920,
            "y":257,
            "w":83,
            "h":85,
            "index":70
        },
        {
            "x":764,
            "y":260,
            "w":122,
            "h":123,
            "index":71
        },
        {
            "x":124,
            "y":262,
            "w":65,
            "h":22,
            "index":72
        },
        {
            "x":37,
            "y":263,
            "w":99,
            "h":47,
            "index":73
        },
        {
            "x":980,
            "y":274,
            "w":44,
            "h":235,
            "index":74
        },
        {
            "x":164,
            "y":280,
            "w":83,
            "h":111,
            "index":75
        },
        {
            "x":688,
            "y":281,
            "w":33,
            "h":59,
            "index":76
        },
        {
            "x":617,
            "y":284,
            "w":39,
            "h":41,
            "index":77
        },
        {
            "x":128,
            "y":288,
            "w":36,
            "h":28,
            "index":78
        },
        {
            "x":421,
            "y":293,
            "w":20,
            "h":17,
            "index":79
        },
        {
            "x":396,
            "y":294,
            "w":17,
            "h":22,
            "index":80
        },
        {
            "x":17,
            "y":296,
            "w":109,
            "h":153,
            "index":81
        },
        {
            "x":386,
            "y":306,
            "w":52,
            "h":22,
            "index":82
        },
        {
            "x":36,
            "y":310,
            "w":1,
            "h":1,
            "index":83
        },
        {
            "x":35,
            "y":311,
            "w":1,
            "h":1,
            "index":84
        },
        {
            "x":1015,
            "y":311,
            "w":9,
            "h":67,
            "index":85
        },
        {
            "x":159,
            "y":314,
            "w":82,
            "h":156,
            "index":86
        },
        {
            "x":59,
            "y":317,
            "w":125,
            "h":159,
            "index":87
        },
        {
            "x":918,
            "y":317,
            "w":63,
            "h":47,
            "index":88
        },
        {
            "x":917,
            "y":340,
            "w":64,
            "h":63,
            "index":89
        },
        {
            "x":915,
            "y":377,
            "w":64,
            "h":50,
            "index":90
        },
        {
            "x":1011,
            "y":379,
            "w":13,
            "h":79,
            "index":91
        },
        {
            "x":426,
            "y":406,
            "w":338,
            "h":239,
            "index":92
        },
        {
            "x":476,
            "y":459,
            "w":72,
            "h":94,
            "index":93
        },
        {
            "x":223,
            "y":469,
            "w":63,
            "h":57,
            "index":94
        },
        {
            "x":628,
            "y":481,
            "w":78,
            "h":96,
            "index":95
        },
        {
            "x":322,
            "y":486,
            "w":57,
            "h":64,
            "index":96
        },
        {
            "x":520,
            "y":491,
            "w":15,
            "h":24,
            "index":97
        },
        {
            "x":811,
            "y":504,
            "w":74,
            "h":171,
            "index":98
        },
        {
            "x":667,
            "y":510,
            "w":13,
            "h":23,
            "index":99
        },
        {
            "x":564,
            "y":537,
            "w":30,
            "h":21,
            "index":100
        },
        {
            "x":294,
            "y":546,
            "w":150,
            "h":204,
            "index":101
        },
        {
            "x":467,
            "y":559,
            "w":21,
            "h":22,
            "index":102
        },
        {
            "x":65,
            "y":569,
            "w":108,
            "h":107,
            "index":103
        },
        {
            "x":495,
            "y":578,
            "w":23,
            "h":23,
            "index":104
        },
        {
            "x":682,
            "y":587,
            "w":25,
            "h":22,
            "index":105
        },
        {
            "x":969,
            "y":591,
            "w":55,
            "h":38,
            "index":106
        },
        {
            "x":156,
            "y":593,
            "w":27,
            "h":17,
            "index":107
        },
        {
            "x":1015,
            "y":593,
            "w":9,
            "h":13,
            "index":108
        },
        {
            "x":139,
            "y":594,
            "w":2,
            "h":4,
            "index":109
        },
        {
            "x":527,
            "y":594,
            "w":31,
            "h":21,
            "index":110
        },
        {
            "x":647,
            "y":600,
            "w":30,
            "h":22,
            "index":111
        },
        {
            "x":703,
            "y":604,
            "w":177,
            "h":212,
            "index":112
        },
        {
            "x":566,
            "y":605,
            "w":30,
            "h":19,
            "index":113
        },
        {
            "x":607,
            "y":608,
            "w":32,
            "h":18,
            "index":114
        },
        {
            "x":921,
            "y":624,
            "w":91,
            "h":10,
            "index":115
        },
        {
            "x":926,
            "y":637,
            "w":90,
            "h":45,
            "index":116
        },
        {
            "x":979,
            "y":638,
            "w":1,
            "h":1,
            "index":117
        },
        {
            "x":952,
            "y":642,
            "w":72,
            "h":63,
            "index":118
        },
        {
            "x":983,
            "y":660,
            "w":1,
            "h":1,
            "index":119
        },
        {
            "x":985,
            "y":663,
            "w":39,
            "h":49,
            "index":120
        },
        {
            "x":723,
            "y":664,
            "w":1,
            "h":1,
            "index":121
        },
        {
            "x":682,
            "y":665,
            "w":41,
            "h":29,
            "index":122
        },
        {
            "x":326,
            "y":668,
            "w":164,
            "h":187,
            "index":123
        },
        {
            "x":461,
            "y":696,
            "w":323,
            "h":180,
            "index":124
        },
        {
            "x":1014,
            "y":706,
            "w":10,
            "h":21,
            "index":125
        },
        {
            "x":0,
            "y":712,
            "w":303,
            "h":312,
            "index":126
        },
        {
            "x":919,
            "y":727,
            "w":1,
            "h":1,
            "index":127
        },
        {
            "x":920,
            "y":728,
            "w":68,
            "h":96,
            "index":128
        },
        {
            "x":971,
            "y":732,
            "w":45,
            "h":120,
            "index":129
        },
        {
            "x":1022,
            "y":760,
            "w":2,
            "h":46,
            "index":130
        },
        {
            "x":874,
            "y":776,
            "w":109,
            "h":53,
            "index":131
        },
        {
            "x":195,
            "y":783,
            "w":79,
            "h":52,
            "index":132
        },
        {
            "x":270,
            "y":791,
            "w":21,
            "h":20,
            "index":133
        },
        {
            "x":982,
            "y":797,
            "w":1,
            "h":2,
            "index":134
        },
        {
            "x":198,
            "y":799,
            "w":62,
            "h":82,
            "index":135
        },
        {
            "x":222,
            "y":805,
            "w":61,
            "h":85,
            "index":136
        },
        {
            "x":259,
            "y":805,
            "w":48,
            "h":86,
            "index":137
        },
        {
            "x":965,
            "y":807,
            "w":1,
            "h":1,
            "index":138
        },
        {
            "x":0,
            "y":813,
            "w":192,
            "h":211,
            "index":139
        },
        {
            "x":866,
            "y":835,
            "w":137,
            "h":18,
            "index":140
        },
        {
            "x":992,
            "y":839,
            "w":2,
            "h":2,
            "index":141
        },
        {
            "x":884,
            "y":868,
            "w":140,
            "h":19,
            "index":142
        },
        {
            "x":911,
            "y":905,
            "w":113,
            "h":19,
            "index":143
        },
        {
            "x":0,
            "y":931,
            "w":21,
            "h":60,
            "index":144
        },
        {
            "x":952,
            "y":941,
            "w":72,
            "h":22,
            "index":145
        },
        {
            "x":0,
            "y":948,
            "w":61,
            "h":76,
            "index":146
        },
        {
            "x":833,
            "y":956,
            "w":74,
            "h":68,
            "index":147
        },
        {
            "x":770,
            "y":962,
            "w":1,
            "h":1,
            "index":148
        },
        {
            "x":893,
            "y":962,
            "w":44,
            "h":62,
            "index":149
        },
        {
            "x":771,
            "y":963,
            "w":103,
            "h":61,
            "index":150
        },
        {
            "x":30,
            "y":973,
            "w":76,
            "h":51,
            "index":151
        },
        {
            "x":938,
            "y":978,
            "w":27,
            "h":46,
            "index":152
        },
        {
            "x":987,
            "y":994,
            "w":14,
            "h":30,
            "index":153
        },
        {
            "x":714,
            "y":998,
            "w":127,
            "h":22,
            "index":154
        },
        {
            "x":67,
            "y":1006,
            "w":72,
            "h":18,
            "index":155
        },
        {
            "x":840,
            "y":1012,
            "w":2,
            "h":1,
            "index":156
        },
        {
            "x":842,
            "y":1013,
            "w":2,
            "h":1,
            "index":157
        },
        {
            "x":844,
            "y":1014,
            "w":2,
            "h":1,
            "index":158
        },
        {
            "x":846,
            "y":1015,
            "w":1,
            "h":1,
            "index":159
        }
    ]
}