{
    "image":"game.png",
    "width":1024,
    "height":1024,
    "selectTab":{
        "id":"01"
    },
    "selectColor":{
        "id":"FCCFCA",
        "color":"#FCCFCA"
    },
    "list":[
        {
            "x":0,
            "y":0,
            "w":1024,
            "h":1024,
            "index":0
        },
        {
            "x":654,
            "y":209,
            "w":21,
            "h":21,
            "index":1
        },
        {
            "x":531,
            "y":211,
            "w":92,
            "h":105,
            "index":2
        },
        {
            "x":523,
            "y":217,
            "w":10,
            "h":10,
            "index":3
        },
        {
            "x":595,
            "y":220,
            "w":4,
            "h":8,
            "index":4
        },
        {
            "x":574,
            "y":224,
            "w":4,
            "h":8,
            "index":5
        },
        {
            "x":609,
            "y":232,
            "w":4,
            "h":7,
            "index":6
        },
        {
            "x":608,
            "y":240,
            "w":76,
            "h":79,
            "index":7
        },
        {
            "x":428,
            "y":243,
            "w":112,
            "h":140,
            "index":8
        },
        {
            "x":560,
            "y":243,
            "w":4,
            "h":8,
            "index":9
        },
        {
            "x":584,
            "y":244,
            "w":4,
            "h":8,
            "index":10
        },
        {
            "x":663,
            "y":247,
            "w":3,
            "h":6,
            "index":11
        },
        {
            "x":642,
            "y":248,
            "w":3,
            "h":6,
            "index":12
        },
        {
            "x":503,
            "y":253,
            "w":4,
            "h":8,
            "index":13
        },
        {
            "x":599,
            "y":257,
            "w":4,
            "h":8,
            "index":14
        },
        {
            "x":674,
            "y":258,
            "w":3,
            "h":7,
            "index":15
        },
        {
            "x":653,
            "y":259,
            "w":3,
            "h":7,
            "index":16
        },
        {
            "x":420,
            "y":262,
            "w":23,
            "h":24,
            "index":17
        },
        {
            "x":630,
            "y":262,
            "w":3,
            "h":7,
            "index":18
        },
        {
            "x":567,
            "y":263,
            "w":4,
            "h":9,
            "index":19
        },
        {
            "x":483,
            "y":264,
            "w":4,
            "h":9,
            "index":20
        },
        {
            "x":463,
            "y":265,
            "w":4,
            "h":8,
            "index":21
        },
        {
            "x":546,
            "y":265,
            "w":4,
            "h":9,
            "index":22
        },
        {
            "x":665,
            "y":269,
            "w":3,
            "h":7,
            "index":23
        },
        {
            "x":616,
            "y":270,
            "w":3,
            "h":7,
            "index":24
        },
        {
            "x":516,
            "y":272,
            "w":4,
            "h":8,
            "index":25
        },
        {
            "x":655,
            "y":273,
            "w":59,
            "h":132,
            "index":26
        },
        {
            "x":696,
            "y":274,
            "w":48,
            "h":125,
            "index":27
        },
        {
            "x":526,
            "y":275,
            "w":115,
            "h":131,
            "index":28
        },
        {
            "x":316,
            "y":276,
            "w":113,
            "h":126,
            "index":29
        },
        {
            "x":641,
            "y":276,
            "w":3,
            "h":6,
            "index":30
        },
        {
            "x":633,
            "y":276,
            "w":58,
            "h":65,
            "index":31
        },
        {
            "x":583,
            "y":280,
            "w":3,
            "h":6,
            "index":32
        },
        {
            "x":677,
            "y":280,
            "w":3,
            "h":6,
            "index":33
        },
        {
            "x":637,
            "y":284,
            "w":55,
            "h":115,
            "index":34
        },
        {
            "x":498,
            "y":285,
            "w":3,
            "h":8,
            "index":35
        },
        {
            "x":624,
            "y":285,
            "w":4,
            "h":7,
            "index":36
        },
        {
            "x":374,
            "y":286,
            "w":4,
            "h":7,
            "index":37
        },
        {
            "x":599,
            "y":286,
            "w":3,
            "h":8,
            "index":38
        },
        {
            "x":467,
            "y":287,
            "w":4,
            "h":9,
            "index":39
        },
        {
            "x":655,
            "y":288,
            "w":3,
            "h":7,
            "index":40
        },
        {
            "x":392,
            "y":289,
            "w":3,
            "h":7,
            "index":41
        },
        {
            "x":570,
            "y":289,
            "w":3,
            "h":6,
            "index":42
        },
        {
            "x":541,
            "y":291,
            "w":3,
            "h":9,
            "index":43
        },
        {
            "x":712,
            "y":291,
            "w":48,
            "h":95,
            "index":44
        },
        {
            "x":445,
            "y":292,
            "w":4,
            "h":8,
            "index":45
        },
        {
            "x":359,
            "y":298,
            "w":3,
            "h":7,
            "index":46
        },
        {
            "x":637,
            "y":298,
            "w":4,
            "h":7,
            "index":47
        },
        {
            "x":581,
            "y":300,
            "w":4,
            "h":8,
            "index":48
        },
        {
            "x":502,
            "y":301,
            "w":24,
            "h":25,
            "index":49
        },
        {
            "x":611,
            "y":301,
            "w":3,
            "h":7,
            "index":50
        },
        {
            "x":404,
            "y":303,
            "w":4,
            "h":7,
            "index":51
        },
        {
            "x":556,
            "y":304,
            "w":4,
            "h":7,
            "index":52
        },
        {
            "x":482,
            "y":305,
            "w":4,
            "h":8,
            "index":53
        },
        {
            "x":378,
            "y":309,
            "w":4,
            "h":8,
            "index":54
        },
        {
            "x":344,
            "y":311,
            "w":3,
            "h":7,
            "index":55
        },
        {
            "x":596,
            "y":311,
            "w":4,
            "h":8,
            "index":56
        },
        {
            "x":622,
            "y":315,
            "w":3,
            "h":7,
            "index":57
        },
        {
            "x":443,
            "y":316,
            "w":4,
            "h":9,
            "index":58
        },
        {
            "x":567,
            "y":316,
            "w":3,
            "h":7,
            "index":59
        },
        {
            "x":543,
            "y":319,
            "w":4,
            "h":6,
            "index":60
        },
        {
            "x":395,
            "y":320,
            "w":4,
            "h":9,
            "index":61
        },
        {
            "x":461,
            "y":323,
            "w":11,
            "h":11,
            "index":62
        },
        {
            "x":495,
            "y":323,
            "w":4,
            "h":9,
            "index":63
        },
        {
            "x":360,
            "y":324,
            "w":3,
            "h":8,
            "index":64
        },
        {
            "x":580,
            "y":327,
            "w":4,
            "h":8,
            "index":65
        },
        {
            "x":610,
            "y":328,
            "w":4,
            "h":7,
            "index":66
        },
        {
            "x":328,
            "y":331,
            "w":3,
            "h":7,
            "index":67
        },
        {
            "x":550,
            "y":331,
            "w":4,
            "h":8,
            "index":68
        },
        {
            "x":410,
            "y":332,
            "w":3,
            "h":8,
            "index":69
        },
        {
            "x":380,
            "y":336,
            "w":4,
            "h":8,
            "index":70
        },
        {
            "x":342,
            "y":337,
            "w":4,
            "h":8,
            "index":71
        },
        {
            "x":432,
            "y":338,
            "w":4,
            "h":9,
            "index":72
        },
        {
            "x":509,
            "y":338,
            "w":4,
            "h":10,
            "index":73
        },
        {
            "x":596,
            "y":340,
            "w":3,
            "h":8,
            "index":74
        },
        {
            "x":623,
            "y":342,
            "w":4,
            "h":8,
            "index":75
        },
        {
            "x":455,
            "y":343,
            "w":4,
            "h":9,
            "index":76
        },
        {
            "x":563,
            "y":343,
            "w":4,
            "h":8,
            "index":77
        },
        {
            "x":483,
            "y":348,
            "w":4,
            "h":8,
            "index":78
        },
        {
            "x":535,
            "y":349,
            "w":3,
            "h":7,
            "index":79
        },
        {
            "x":419,
            "y":351,
            "w":4,
            "h":8,
            "index":80
        },
        {
            "x":362,
            "y":352,
            "w":4,
            "h":8,
            "index":81
        },
        {
            "x":225,
            "y":354,
            "w":574,
            "h":391,
            "index":82
        },
        {
            "x":394,
            "y":355,
            "w":4,
            "h":8,
            "index":83
        },
        {
            "x":519,
            "y":355,
            "w":4,
            "h":8,
            "index":84
        },
        {
            "x":325,
            "y":356,
            "w":4,
            "h":8,
            "index":85
        },
        {
            "x":609,
            "y":357,
            "w":3,
            "h":8,
            "index":86
        },
        {
            "x":580,
            "y":358,
            "w":4,
            "h":8,
            "index":87
        },
        {
            "x":633,
            "y":358,
            "w":3,
            "h":7,
            "index":88
        },
        {
            "x":443,
            "y":359,
            "w":4,
            "h":8,
            "index":89
        },
        {
            "x":547,
            "y":361,
            "w":4,
            "h":8,
            "index":90
        },
        {
            "x":468,
            "y":365,
            "w":4,
            "h":8,
            "index":91
        },
        {
            "x":499,
            "y":365,
            "w":4,
            "h":8,
            "index":92
        },
        {
            "x":343,
            "y":368,
            "w":4,
            "h":9,
            "index":93
        },
        {
            "x":375,
            "y":370,
            "w":3,
            "h":7,
            "index":94
        },
        {
            "x":403,
            "y":371,
            "w":4,
            "h":7,
            "index":95
        },
        {
            "x":620,
            "y":372,
            "w":4,
            "h":8,
            "index":96
        },
        {
            "x":594,
            "y":374,
            "w":4,
            "h":9,
            "index":97
        },
        {
            "x":564,
            "y":376,
            "w":4,
            "h":8,
            "index":98
        },
        {
            "x":536,
            "y":377,
            "w":3,
            "h":8,
            "index":99
        },
        {
            "x":328,
            "y":381,
            "w":3,
            "h":7,
            "index":100
        },
        {
            "x":414,
            "y":381,
            "w":4,
            "h":7,
            "index":101
        },
        {
            "x":357,
            "y":386,
            "w":4,
            "h":7,
            "index":102
        },
        {
            "x":386,
            "y":386,
            "w":4,
            "h":8,
            "index":103
        },
        {
            "x":628,
            "y":387,
            "w":3,
            "h":6,
            "index":104
        },
        {
            "x":606,
            "y":389,
            "w":4,
            "h":7,
            "index":105
        },
        {
            "x":552,
            "y":390,
            "w":4,
            "h":7,
            "index":106
        },
        {
            "x":580,
            "y":391,
            "w":4,
            "h":7,
            "index":107
        },
        {
            "x":481,
            "y":397,
            "w":13,
            "h":13,
            "index":108
        },
        {
            "x":224,
            "y":430,
            "w":472,
            "h":102,
            "index":109
        },
        {
            "x":254,
            "y":445,
            "w":14,
            "h":9,
            "index":110
        },
        {
            "x":414,
            "y":448,
            "w":10,
            "h":6,
            "index":111
        },
        {
            "x":317,
            "y":460,
            "w":8,
            "h":6,
            "index":112
        },
        {
            "x":381,
            "y":460,
            "w":8,
            "h":6,
            "index":113
        },
        {
            "x":563,
            "y":475,
            "w":12,
            "h":7,
            "index":114
        },
        {
            "x":283,
            "y":478,
            "w":11,
            "h":8,
            "index":115
        },
        {
            "x":343,
            "y":481,
            "w":9,
            "h":6,
            "index":116
        },
        {
            "x":641,
            "y":482,
            "w":14,
            "h":9,
            "index":117
        },
        {
            "x":596,
            "y":486,
            "w":15,
            "h":10,
            "index":118
        },
        {
            "x":390,
            "y":500,
            "w":8,
            "h":5,
            "index":119
        },
        {
            "x":232,
            "y":520,
            "w":460,
            "h":119,
            "index":120
        },
        {
            "x":232,
            "y":571,
            "w":60,
            "h":51,
            "index":121
        },
        {
            "x":320,
            "y":573,
            "w":112,
            "h":61,
            "index":122
        },
        {
            "x":481,
            "y":573,
            "w":82,
            "h":72,
            "index":123
        },
        {
            "x":241,
            "y":576,
            "w":3,
            "h":6,
            "index":124
        },
        {
            "x":374,
            "y":581,
            "w":4,
            "h":7,
            "index":125
        },
        {
            "x":257,
            "y":584,
            "w":3,
            "h":6,
            "index":126
        },
        {
            "x":391,
            "y":590,
            "w":4,
            "h":8,
            "index":127
        },
        {
            "x":486,
            "y":591,
            "w":46,
            "h":53,
            "index":128
        },
        {
            "x":357,
            "y":592,
            "w":4,
            "h":8,
            "index":129
        },
        {
            "x":269,
            "y":593,
            "w":4,
            "h":8,
            "index":130
        },
        {
            "x":241,
            "y":597,
            "w":4,
            "h":7,
            "index":131
        },
        {
            "x":457,
            "y":597,
            "w":35,
            "h":44,
            "index":132
        },
        {
            "x":592,
            "y":598,
            "w":94,
            "h":55,
            "index":133
        },
        {
            "x":407,
            "y":602,
            "w":4,
            "h":8,
            "index":134
        },
        {
            "x":336,
            "y":604,
            "w":4,
            "h":8,
            "index":135
        },
        {
            "x":636,
            "y":604,
            "w":3,
            "h":8,
            "index":136
        },
        {
            "x":280,
            "y":606,
            "w":3,
            "h":7,
            "index":137
        },
        {
            "x":374,
            "y":607,
            "w":3,
            "h":8,
            "index":138
        },
        {
            "x":257,
            "y":608,
            "w":3,
            "h":8,
            "index":139
        },
        {
            "x":652,
            "y":613,
            "w":3,
            "h":7,
            "index":140
        },
        {
            "x":351,
            "y":615,
            "w":4,
            "h":9,
            "index":141
        },
        {
            "x":620,
            "y":615,
            "w":3,
            "h":8,
            "index":142
        },
        {
            "x":394,
            "y":617,
            "w":4,
            "h":8,
            "index":143
        },
        {
            "x":420,
            "y":618,
            "w":4,
            "h":8,
            "index":144
        },
        {
            "x":82,
            "y":624,
            "w":860,
            "h":175,
            "index":145
        },
        {
            "x":665,
            "y":626,
            "w":4,
            "h":7,
            "index":146
        },
        {
            "x":603,
            "y":628,
            "w":4,
            "h":7,
            "index":147
        },
        {
            "x":636,
            "y":628,
            "w":4,
            "h":8,
            "index":148
        },
        {
            "x":619,
            "y":638,
            "w":3,
            "h":8,
            "index":149
        },
        {
            "x":652,
            "y":639,
            "w":3,
            "h":8,
            "index":150
        },
        {
            "x":676,
            "y":639,
            "w":3,
            "h":7,
            "index":151
        },
        {
            "x":230,
            "y":640,
            "w":459,
            "h":104,
            "index":152
        },
        {
            "x":261,
            "y":654,
            "w":12,
            "h":6,
            "index":153
        },
        {
            "x":174,
            "y":665,
            "w":675,
            "h":108,
            "index":154
        },
        {
            "x":245,
            "y":668,
            "w":9,
            "h":6,
            "index":155
        },
        {
            "x":312,
            "y":675,
            "w":18,
            "h":9,
            "index":156
        },
        {
            "x":637,
            "y":686,
            "w":16,
            "h":12,
            "index":157
        },
        {
            "x":424,
            "y":689,
            "w":16,
            "h":7,
            "index":158
        },
        {
            "x":80,
            "y":707,
            "w":863,
            "h":110,
            "index":159
        },
        {
            "x":267,
            "y":800,
            "w":492,
            "h":34,
            "index":160
        }
    ]
}