{
    "image":"game.png",
    "width":1024,
    "height":1024,
    "selectTab":{
        "id":"01"
    },
    "selectColor":{
        "id":"FCCFCA",
        "color":"#FCCFCA"
    },
    "list":[
        {
            "x":0,
            "y":0,
            "w":1024,
            "h":485,
            "index":0
        },
        {
            "x":241,
            "y":48,
            "w":124,
            "h":102,
            "index":1
        },
        {
            "x":580,
            "y":49,
            "w":63,
            "h":67,
            "index":2
        },
        {
            "x":315,
            "y":71,
            "w":26,
            "h":26,
            "index":3
        },
        {
            "x":265,
            "y":72,
            "w":25,
            "h":25,
            "index":4
        },
        {
            "x":168,
            "y":91,
            "w":69,
            "h":32,
            "index":5
        },
        {
            "x":371,
            "y":95,
            "w":47,
            "h":27,
            "index":6
        },
        {
            "x":406,
            "y":101,
            "w":126,
            "h":101,
            "index":7
        },
        {
            "x":189,
            "y":110,
            "w":102,
            "h":152,
            "index":8
        },
        {
            "x":314,
            "y":115,
            "w":94,
            "h":147,
            "index":9
        },
        {
            "x":82,
            "y":119,
            "w":125,
            "h":102,
            "index":10
        },
        {
            "x":431,
            "y":124,
            "w":25,
            "h":27,
            "index":11
        },
        {
            "x":482,
            "y":124,
            "w":25,
            "h":27,
            "index":12
        },
        {
            "x":106,
            "y":144,
            "w":25,
            "h":25,
            "index":13
        },
        {
            "x":158,
            "y":144,
            "w":25,
            "h":25,
            "index":14
        },
        {
            "x":665,
            "y":155,
            "w":208,
            "h":191,
            "index":15
        },
        {
            "x":297,
            "y":157,
            "w":11,
            "h":97,
            "index":16
        },
        {
            "x":915,
            "y":175,
            "w":52,
            "h":55,
            "index":17
        },
        {
            "x":340,
            "y":195,
            "w":79,
            "h":79,
            "index":18
        },
        {
            "x":656,
            "y":205,
            "w":52,
            "h":24,
            "index":19
        },
        {
            "x":352,
            "y":206,
            "w":153,
            "h":89,
            "index":20
        },
        {
            "x":200,
            "y":207,
            "w":68,
            "h":69,
            "index":21
        },
        {
            "x":494,
            "y":207,
            "w":32,
            "h":47,
            "index":22
        },
        {
            "x":78,
            "y":220,
            "w":25,
            "h":49,
            "index":23
        },
        {
            "x":98,
            "y":221,
            "w":157,
            "h":74,
            "index":24
        },
        {
            "x":255,
            "y":261,
            "w":97,
            "h":95,
            "index":25
        },
        {
            "x":460,
            "y":261,
            "w":118,
            "h":102,
            "index":26
        },
        {
            "x":878,
            "y":273,
            "w":103,
            "h":430,
            "index":27
        },
        {
            "x":31,
            "y":274,
            "w":124,
            "h":102,
            "index":28
        },
        {
            "x":553,
            "y":274,
            "w":107,
            "h":113,
            "index":29
        },
        {
            "x":483,
            "y":284,
            "w":26,
            "h":26,
            "index":30
        },
        {
            "x":535,
            "y":284,
            "w":25,
            "h":26,
            "index":31
        },
        {
            "x":282,
            "y":287,
            "w":42,
            "h":41,
            "index":32
        },
        {
            "x":582,
            "y":297,
            "w":369,
            "h":90,
            "index":33
        },
        {
            "x":56,
            "y":298,
            "w":25,
            "h":26,
            "index":34
        },
        {
            "x":107,
            "y":298,
            "w":24,
            "h":26,
            "index":35
        },
        {
            "x":155,
            "y":301,
            "w":93,
            "h":13,
            "index":36
        },
        {
            "x":359,
            "y":301,
            "w":97,
            "h":13,
            "index":37
        },
        {
            "x":607,
            "y":317,
            "w":17,
            "h":17,
            "index":38
        },
        {
            "x":898,
            "y":319,
            "w":15,
            "h":16,
            "index":39
        },
        {
            "x":109,
            "y":320,
            "w":145,
            "h":91,
            "index":40
        },
        {
            "x":352,
            "y":320,
            "w":146,
            "h":86,
            "index":41
        },
        {
            "x":184,
            "y":342,
            "w":82,
            "h":82,
            "index":42
        },
        {
            "x":340,
            "y":342,
            "w":76,
            "h":77,
            "index":43
        },
        {
            "x":987,
            "y":342,
            "w":37,
            "h":48,
            "index":44
        },
        {
            "x":570,
            "y":348,
            "w":16,
            "h":15,
            "index":45
        },
        {
            "x":197,
            "y":355,
            "w":94,
            "h":140,
            "index":46
        },
        {
            "x":314,
            "y":355,
            "w":90,
            "h":136,
            "index":47
        },
        {
            "x":297,
            "y":363,
            "w":11,
            "h":95,
            "index":48
        },
        {
            "x":511,
            "y":369,
            "w":35,
            "h":48,
            "index":49
        },
        {
            "x":495,
            "y":370,
            "w":27,
            "h":41,
            "index":50
        },
        {
            "x":87,
            "y":383,
            "w":26,
            "h":33,
            "index":51
        },
        {
            "x":496,
            "y":394,
            "w":120,
            "h":50,
            "index":52
        },
        {
            "x":572,
            "y":394,
            "w":122,
            "h":50,
            "index":53
        },
        {
            "x":652,
            "y":394,
            "w":123,
            "h":50,
            "index":54
        },
        {
            "x":732,
            "y":394,
            "w":119,
            "h":50,
            "index":55
        },
        {
            "x":811,
            "y":394,
            "w":111,
            "h":50,
            "index":56
        },
        {
            "x":877,
            "y":394,
            "w":75,
            "h":90,
            "index":57
        },
        {
            "x":988,
            "y":397,
            "w":36,
            "h":306,
            "index":58
        },
        {
            "x":398,
            "y":402,
            "w":109,
            "h":102,
            "index":59
        },
        {
            "x":81,
            "y":408,
            "w":125,
            "h":103,
            "index":60
        },
        {
            "x":611,
            "y":419,
            "w":341,
            "h":234,
            "index":61
        },
        {
            "x":473,
            "y":425,
            "w":19,
            "h":27,
            "index":62
        },
        {
            "x":422,
            "y":426,
            "w":26,
            "h":26,
            "index":63
        },
        {
            "x":103,
            "y":433,
            "w":25,
            "h":25,
            "index":64
        },
        {
            "x":155,
            "y":433,
            "w":26,
            "h":25,
            "index":65
        },
        {
            "x":805,
            "y":450,
            "w":65,
            "h":46,
            "index":66
        },
        {
            "x":493,
            "y":451,
            "w":67,
            "h":45,
            "index":67
        },
        {
            "x":566,
            "y":451,
            "w":74,
            "h":45,
            "index":68
        },
        {
            "x":646,
            "y":451,
            "w":75,
            "h":45,
            "index":69
        },
        {
            "x":727,
            "y":451,
            "w":72,
            "h":45,
            "index":70
        },
        {
            "x":241,
            "y":465,
            "w":122,
            "h":73,
            "index":71
        },
        {
            "x":0,
            "y":475,
            "w":180,
            "h":225,
            "index":72
        },
        {
            "x":364,
            "y":486,
            "w":37,
            "h":24,
            "index":73
        },
        {
            "x":315,
            "y":489,
            "w":25,
            "h":26,
            "index":74
        },
        {
            "x":264,
            "y":490,
            "w":26,
            "h":25,
            "index":75
        },
        {
            "x":204,
            "y":492,
            "w":35,
            "h":22,
            "index":76
        },
        {
            "x":381,
            "y":501,
            "w":165,
            "h":67,
            "index":77
        },
        {
            "x":553,
            "y":503,
            "w":23,
            "h":200,
            "index":78
        },
        {
            "x":582,
            "y":503,
            "w":22,
            "h":200,
            "index":79
        },
        {
            "x":183,
            "y":509,
            "w":50,
            "h":26,
            "index":80
        },
        {
            "x":363,
            "y":523,
            "w":41,
            "h":24,
            "index":81
        },
        {
            "x":633,
            "y":528,
            "w":92,
            "h":89,
            "index":82
        },
        {
            "x":869,
            "y":528,
            "w":83,
            "h":89,
            "index":83
        },
        {
            "x":61,
            "y":530,
            "w":441,
            "h":422,
            "index":84
        },
        {
            "x":0,
            "y":548,
            "w":1024,
            "h":476,
            "index":85
        },
        {
            "x":752,
            "y":549,
            "w":93,
            "h":89,
            "index":86
        },
        {
            "x":193,
            "y":558,
            "w":1,
            "h":1,
            "index":87
        },
        {
            "x":771,
            "y":566,
            "w":1,
            "h":1,
            "index":88
        },
        {
            "x":946,
            "y":616,
            "w":6,
            "h":15,
            "index":89
        },
        {
            "x":643,
            "y":619,
            "w":65,
            "h":55,
            "index":90
        },
        {
            "x":881,
            "y":619,
            "w":67,
            "h":56,
            "index":91
        },
        {
            "x":659,
            "y":623,
            "w":32,
            "h":35,
            "index":92
        },
        {
            "x":899,
            "y":623,
            "w":32,
            "h":36,
            "index":93
        },
        {
            "x":767,
            "y":639,
            "w":61,
            "h":48,
            "index":94
        },
        {
            "x":782,
            "y":643,
            "w":31,
            "h":30,
            "index":95
        },
        {
            "x":611,
            "y":656,
            "w":341,
            "h":47,
            "index":96
        },
        {
            "x":527,
            "y":709,
            "w":472,
            "h":32,
            "index":97
        },
        {
            "x":1005,
            "y":710,
            "w":19,
            "h":31,
            "index":98
        },
        {
            "x":113,
            "y":723,
            "w":1,
            "h":1,
            "index":99
        },
        {
            "x":553,
            "y":748,
            "w":428,
            "h":114,
            "index":100
        },
        {
            "x":988,
            "y":748,
            "w":36,
            "h":89,
            "index":101
        },
        {
            "x":94,
            "y":761,
            "w":1,
            "h":1,
            "index":102
        },
        {
            "x":801,
            "y":779,
            "w":30,
            "h":23,
            "index":103
        },
        {
            "x":926,
            "y":787,
            "w":28,
            "h":29,
            "index":104
        },
        {
            "x":716,
            "y":801,
            "w":72,
            "h":106,
            "index":105
        },
        {
            "x":840,
            "y":803,
            "w":51,
            "h":109,
            "index":106
        },
        {
            "x":767,
            "y":804,
            "w":85,
            "h":109,
            "index":107
        },
        {
            "x":869,
            "y":817,
            "w":56,
            "h":98,
            "index":108
        },
        {
            "x":967,
            "y":817,
            "w":57,
            "h":98,
            "index":109
        },
        {
            "x":912,
            "y":819,
            "w":69,
            "h":100,
            "index":110
        },
        {
            "x":422,
            "y":849,
            "w":45,
            "h":33,
            "index":111
        },
        {
            "x":374,
            "y":870,
            "w":52,
            "h":47,
            "index":112
        },
        {
            "x":279,
            "y":884,
            "w":1,
            "h":1,
            "index":113
        },
        {
            "x":285,
            "y":887,
            "w":201,
            "h":76,
            "index":114
        },
        {
            "x":578,
            "y":896,
            "w":67,
            "h":61,
            "index":115
        },
        {
            "x":125,
            "y":927,
            "w":126,
            "h":33,
            "index":116
        },
        {
            "x":256,
            "y":934,
            "w":1,
            "h":1,
            "index":117
        },
        {
            "x":275,
            "y":943,
            "w":4,
            "h":7,
            "index":118
        },
        {
            "x":628,
            "y":950,
            "w":1,
            "h":1,
            "index":119
        },
        {
            "x":819,
            "y":956,
            "w":52,
            "h":42,
            "index":120
        }
    ]
}