{
    "image":"game.png",
    "width":1024,
    "height":1024,
    "selectTab":{
        "id":"01"
    },
    "selectColor":{
        "id":"FCCFCA",
        "color":"#FCCFCA"
    },
    "list":[
        {
            "x":0,
            "y":0,
            "w":416,
            "h":530,
            "index":0
        },
        {
            "x":420,
            "y":0,
            "w":217,
            "h":604,
            "index":1
        },
        {
            "x":564,
            "y":0,
            "w":73,
            "h":222,
            "index":2
        },
        {
            "x":640,
            "y":0,
            "w":384,
            "h":291,
            "index":3
        },
        {
            "x":255,
            "y":40,
            "w":15,
            "h":30,
            "index":4
        },
        {
            "x":678,
            "y":45,
            "w":156,
            "h":101,
            "index":5
        },
        {
            "x":763,
            "y":46,
            "w":162,
            "h":103,
            "index":6
        },
        {
            "x":858,
            "y":47,
            "w":152,
            "h":105,
            "index":7
        },
        {
            "x":949,
            "y":48,
            "w":75,
            "h":105,
            "index":8
        },
        {
            "x":273,
            "y":59,
            "w":44,
            "h":26,
            "index":9
        },
        {
            "x":145,
            "y":61,
            "w":22,
            "h":32,
            "index":10
        },
        {
            "x":212,
            "y":61,
            "w":39,
            "h":27,
            "index":11
        },
        {
            "x":640,
            "y":69,
            "w":50,
            "h":38,
            "index":12
        },
        {
            "x":171,
            "y":70,
            "w":19,
            "h":23,
            "index":13
        },
        {
            "x":249,
            "y":76,
            "w":1,
            "h":1,
            "index":14
        },
        {
            "x":56,
            "y":78,
            "w":43,
            "h":21,
            "index":15
        },
        {
            "x":255,
            "y":81,
            "w":3,
            "h":4,
            "index":16
        },
        {
            "x":254,
            "y":84,
            "w":35,
            "h":40,
            "index":17
        },
        {
            "x":284,
            "y":87,
            "w":43,
            "h":28,
            "index":18
        },
        {
            "x":250,
            "y":89,
            "w":1,
            "h":1,
            "index":19
        },
        {
            "x":211,
            "y":91,
            "w":38,
            "h":34,
            "index":20
        },
        {
            "x":40,
            "y":101,
            "w":77,
            "h":98,
            "index":21
        },
        {
            "x":134,
            "y":101,
            "w":31,
            "h":23,
            "index":22
        },
        {
            "x":170,
            "y":105,
            "w":32,
            "h":18,
            "index":23
        },
        {
            "x":240,
            "y":105,
            "w":21,
            "h":20,
            "index":24
        },
        {
            "x":296,
            "y":113,
            "w":36,
            "h":31,
            "index":25
        },
        {
            "x":219,
            "y":118,
            "w":84,
            "h":33,
            "index":26
        },
        {
            "x":52,
            "y":126,
            "w":54,
            "h":61,
            "index":27
        },
        {
            "x":138,
            "y":138,
            "w":61,
            "h":18,
            "index":28
        },
        {
            "x":542,
            "y":138,
            "w":37,
            "h":30,
            "index":29
        },
        {
            "x":0,
            "y":140,
            "w":307,
            "h":75,
            "index":30
        },
        {
            "x":77,
            "y":141,
            "w":5,
            "h":6,
            "index":31
        },
        {
            "x":309,
            "y":142,
            "w":5,
            "h":16,
            "index":32
        },
        {
            "x":674,
            "y":147,
            "w":83,
            "h":55,
            "index":33
        },
        {
            "x":67,
            "y":149,
            "w":21,
            "h":20,
            "index":34
        },
        {
            "x":761,
            "y":150,
            "w":90,
            "h":56,
            "index":35
        },
        {
            "x":225,
            "y":151,
            "w":73,
            "h":39,
            "index":36
        },
        {
            "x":855,
            "y":153,
            "w":88,
            "h":55,
            "index":37
        },
        {
            "x":946,
            "y":156,
            "w":78,
            "h":56,
            "index":38
        },
        {
            "x":307,
            "y":158,
            "w":30,
            "h":17,
            "index":39
        },
        {
            "x":145,
            "y":159,
            "w":49,
            "h":31,
            "index":40
        },
        {
            "x":536,
            "y":168,
            "w":49,
            "h":17,
            "index":41
        },
        {
            "x":303,
            "y":177,
            "w":62,
            "h":14,
            "index":42
        },
        {
            "x":729,
            "y":177,
            "w":295,
            "h":473,
            "index":43
        },
        {
            "x":473,
            "y":184,
            "w":173,
            "h":84,
            "index":44
        },
        {
            "x":302,
            "y":187,
            "w":1,
            "h":1,
            "index":45
        },
        {
            "x":301,
            "y":189,
            "w":31,
            "h":28,
            "index":46
        },
        {
            "x":332,
            "y":192,
            "w":38,
            "h":20,
            "index":47
        },
        {
            "x":0,
            "y":200,
            "w":291,
            "h":40,
            "index":48
        },
        {
            "x":696,
            "y":202,
            "w":32,
            "h":208,
            "index":49
        },
        {
            "x":277,
            "y":203,
            "w":30,
            "h":50,
            "index":50
        },
        {
            "x":729,
            "y":217,
            "w":46,
            "h":35,
            "index":51
        },
        {
            "x":863,
            "y":229,
            "w":17,
            "h":6,
            "index":52
        },
        {
            "x":980,
            "y":230,
            "w":44,
            "h":37,
            "index":53
        },
        {
            "x":801,
            "y":235,
            "w":134,
            "h":118,
            "index":54
        },
        {
            "x":937,
            "y":242,
            "w":4,
            "h":69,
            "index":55
        },
        {
            "x":817,
            "y":250,
            "w":104,
            "h":89,
            "index":56
        },
        {
            "x":205,
            "y":265,
            "w":37,
            "h":29,
            "index":57
        },
        {
            "x":864,
            "y":268,
            "w":13,
            "h":14,
            "index":58
        },
        {
            "x":37,
            "y":270,
            "w":90,
            "h":114,
            "index":59
        },
        {
            "x":527,
            "y":270,
            "w":69,
            "h":29,
            "index":60
        },
        {
            "x":606,
            "y":275,
            "w":338,
            "h":392,
            "index":61
        },
        {
            "x":29,
            "y":276,
            "w":6,
            "h":106,
            "index":62
        },
        {
            "x":316,
            "y":282,
            "w":71,
            "h":82,
            "index":63
        },
        {
            "x":845,
            "y":282,
            "w":52,
            "h":11,
            "index":64
        },
        {
            "x":50,
            "y":286,
            "w":63,
            "h":83,
            "index":65
        },
        {
            "x":175,
            "y":286,
            "w":97,
            "h":46,
            "index":66
        },
        {
            "x":640,
            "y":292,
            "w":52,
            "h":42,
            "index":67
        },
        {
            "x":837,
            "y":293,
            "w":49,
            "h":15,
            "index":68
        },
        {
            "x":353,
            "y":299,
            "w":15,
            "h":20,
            "index":69
        },
        {
            "x":750,
            "y":304,
            "w":28,
            "h":65,
            "index":70
        },
        {
            "x":844,
            "y":307,
            "w":25,
            "h":23,
            "index":71
        },
        {
            "x":990,
            "y":309,
            "w":34,
            "h":36,
            "index":72
        },
        {
            "x":337,
            "y":310,
            "w":40,
            "h":34,
            "index":73
        },
        {
            "x":83,
            "y":312,
            "w":5,
            "h":12,
            "index":74
        },
        {
            "x":863,
            "y":320,
            "w":50,
            "h":69,
            "index":75
        },
        {
            "x":165,
            "y":321,
            "w":114,
            "h":31,
            "index":76
        },
        {
            "x":64,
            "y":323,
            "w":37,
            "h":25,
            "index":77
        },
        {
            "x":640,
            "y":333,
            "w":52,
            "h":175,
            "index":78
        },
        {
            "x":493,
            "y":335,
            "w":19,
            "h":19,
            "index":79
        },
        {
            "x":293,
            "y":344,
            "w":36,
            "h":23,
            "index":80
        },
        {
            "x":502,
            "y":344,
            "w":2,
            "h":2,
            "index":81
        },
        {
            "x":178,
            "y":348,
            "w":90,
            "h":38,
            "index":82
        },
        {
            "x":559,
            "y":348,
            "w":19,
            "h":20,
            "index":83
        },
        {
            "x":939,
            "y":350,
            "w":2,
            "h":13,
            "index":84
        },
        {
            "x":808,
            "y":353,
            "w":32,
            "h":12,
            "index":85
        },
        {
            "x":496,
            "y":356,
            "w":14,
            "h":17,
            "index":86
        },
        {
            "x":467,
            "y":356,
            "w":69,
            "h":94,
            "index":87
        },
        {
            "x":567,
            "y":358,
            "w":2,
            "h":3,
            "index":88
        },
        {
            "x":261,
            "y":360,
            "w":43,
            "h":20,
            "index":89
        },
        {
            "x":149,
            "y":369,
            "w":51,
            "h":23,
            "index":90
        },
        {
            "x":561,
            "y":370,
            "w":14,
            "h":18,
            "index":91
        },
        {
            "x":529,
            "y":372,
            "w":76,
            "h":101,
            "index":92
        },
        {
            "x":146,
            "y":374,
            "w":161,
            "h":34,
            "index":93
        },
        {
            "x":960,
            "y":376,
            "w":50,
            "h":37,
            "index":94
        },
        {
            "x":153,
            "y":396,
            "w":23,
            "h":25,
            "index":95
        },
        {
            "x":700,
            "y":406,
            "w":190,
            "h":169,
            "index":96
        },
        {
            "x":695,
            "y":410,
            "w":1,
            "h":1,
            "index":97
        },
        {
            "x":86,
            "y":415,
            "w":43,
            "h":41,
            "index":98
        },
        {
            "x":69,
            "y":418,
            "w":16,
            "h":35,
            "index":99
        },
        {
            "x":263,
            "y":420,
            "w":152,
            "h":113,
            "index":100
        },
        {
            "x":22,
            "y":430,
            "w":43,
            "h":34,
            "index":101
        },
        {
            "x":88,
            "y":437,
            "w":1,
            "h":1,
            "index":102
        },
        {
            "x":162,
            "y":442,
            "w":333,
            "h":441,
            "index":103
        },
        {
            "x":725,
            "y":442,
            "w":41,
            "h":60,
            "index":104
        },
        {
            "x":983,
            "y":442,
            "w":41,
            "h":39,
            "index":105
        },
        {
            "x":102,
            "y":448,
            "w":51,
            "h":29,
            "index":106
        },
        {
            "x":805,
            "y":451,
            "w":45,
            "h":62,
            "index":107
        },
        {
            "x":79,
            "y":456,
            "w":22,
            "h":26,
            "index":108
        },
        {
            "x":20,
            "y":466,
            "w":40,
            "h":29,
            "index":109
        },
        {
            "x":84,
            "y":467,
            "w":26,
            "h":35,
            "index":110
        },
        {
            "x":65,
            "y":468,
            "w":1,
            "h":1,
            "index":111
        },
        {
            "x":55,
            "y":469,
            "w":20,
            "h":21,
            "index":112
        },
        {
            "x":412,
            "y":478,
            "w":33,
            "h":70,
            "index":113
        },
        {
            "x":216,
            "y":484,
            "w":49,
            "h":72,
            "index":114
        },
        {
            "x":54,
            "y":490,
            "w":1,
            "h":1,
            "index":115
        },
        {
            "x":81,
            "y":491,
            "w":17,
            "h":15,
            "index":116
        },
        {
            "x":41,
            "y":492,
            "w":85,
            "h":36,
            "index":117
        },
        {
            "x":282,
            "y":495,
            "w":1,
            "h":1,
            "index":118
        },
        {
            "x":283,
            "y":496,
            "w":2,
            "h":2,
            "index":119
        },
        {
            "x":769,
            "y":496,
            "w":18,
            "h":14,
            "index":120
        },
        {
            "x":940,
            "y":512,
            "w":55,
            "h":46,
            "index":121
        },
        {
            "x":0,
            "y":513,
            "w":188,
            "h":66,
            "index":122
        },
        {
            "x":47,
            "y":526,
            "w":70,
            "h":26,
            "index":123
        },
        {
            "x":935,
            "y":533,
            "w":3,
            "h":10,
            "index":124
        },
        {
            "x":505,
            "y":535,
            "w":105,
            "h":55,
            "index":125
        },
        {
            "x":906,
            "y":542,
            "w":64,
            "h":35,
            "index":126
        },
        {
            "x":0,
            "y":549,
            "w":192,
            "h":54,
            "index":127
        },
        {
            "x":489,
            "y":554,
            "w":134,
            "h":52,
            "index":128
        },
        {
            "x":972,
            "y":554,
            "w":4,
            "h":23,
            "index":129
        },
        {
            "x":904,
            "y":570,
            "w":25,
            "h":10,
            "index":130
        },
        {
            "x":0,
            "y":572,
            "w":195,
            "h":164,
            "index":131
        },
        {
            "x":640,
            "y":572,
            "w":50,
            "h":42,
            "index":132
        },
        {
            "x":931,
            "y":574,
            "w":11,
            "h":23,
            "index":133
        },
        {
            "x":318,
            "y":576,
            "w":1,
            "h":1,
            "index":134
        },
        {
            "x":229,
            "y":577,
            "w":228,
            "h":185,
            "index":135
        },
        {
            "x":117,
            "y":581,
            "w":26,
            "h":17,
            "index":136
        },
        {
            "x":866,
            "y":581,
            "w":103,
            "h":94,
            "index":137
        },
        {
            "x":483,
            "y":588,
            "w":541,
            "h":155,
            "index":138
        },
        {
            "x":498,
            "y":595,
            "w":113,
            "h":46,
            "index":139
        },
        {
            "x":939,
            "y":595,
            "w":74,
            "h":79,
            "index":140
        },
        {
            "x":47,
            "y":606,
            "w":71,
            "h":47,
            "index":141
        },
        {
            "x":279,
            "y":620,
            "w":57,
            "h":66,
            "index":142
        },
        {
            "x":376,
            "y":620,
            "w":47,
            "h":64,
            "index":143
        },
        {
            "x":885,
            "y":623,
            "w":37,
            "h":26,
            "index":144
        },
        {
            "x":497,
            "y":648,
            "w":527,
            "h":124,
            "index":145
        },
        {
            "x":24,
            "y":650,
            "w":118,
            "h":53,
            "index":146
        },
        {
            "x":835,
            "y":652,
            "w":189,
            "h":38,
            "index":147
        },
        {
            "x":941,
            "y":662,
            "w":83,
            "h":58,
            "index":148
        },
        {
            "x":831,
            "y":666,
            "w":106,
            "h":54,
            "index":149
        },
        {
            "x":349,
            "y":674,
            "w":20,
            "h":14,
            "index":150
        },
        {
            "x":486,
            "y":676,
            "w":32,
            "h":248,
            "index":151
        },
        {
            "x":521,
            "y":682,
            "w":51,
            "h":211,
            "index":152
        },
        {
            "x":49,
            "y":694,
            "w":97,
            "h":29,
            "index":153
        },
        {
            "x":539,
            "y":695,
            "w":53,
            "h":67,
            "index":154
        },
        {
            "x":10,
            "y":696,
            "w":36,
            "h":27,
            "index":155
        },
        {
            "x":596,
            "y":697,
            "w":343,
            "h":106,
            "index":156
        },
        {
            "x":0,
            "y":710,
            "w":229,
            "h":101,
            "index":157
        },
        {
            "x":39,
            "y":717,
            "w":30,
            "h":41,
            "index":158
        },
        {
            "x":59,
            "y":719,
            "w":75,
            "h":46,
            "index":159
        },
        {
            "x":565,
            "y":724,
            "w":69,
            "h":53,
            "index":160
        },
        {
            "x":444,
            "y":725,
            "w":39,
            "h":82,
            "index":161
        },
        {
            "x":614,
            "y":730,
            "w":97,
            "h":67,
            "index":162
        },
        {
            "x":995,
            "y":746,
            "w":29,
            "h":278,
            "index":163
        },
        {
            "x":708,
            "y":749,
            "w":118,
            "h":73,
            "index":164
        },
        {
            "x":374,
            "y":754,
            "w":59,
            "h":41,
            "index":165
        },
        {
            "x":0,
            "y":756,
            "w":321,
            "h":268,
            "index":166
        },
        {
            "x":539,
            "y":758,
            "w":400,
            "h":127,
            "index":167
        },
        {
            "x":972,
            "y":760,
            "w":21,
            "h":264,
            "index":168
        },
        {
            "x":795,
            "y":770,
            "w":132,
            "h":72,
            "index":169
        },
        {
            "x":942,
            "y":772,
            "w":27,
            "h":252,
            "index":170
        },
        {
            "x":186,
            "y":779,
            "w":99,
            "h":102,
            "index":171
        },
        {
            "x":539,
            "y":779,
            "w":346,
            "h":109,
            "index":172
        },
        {
            "x":271,
            "y":782,
            "w":1,
            "h":1,
            "index":173
        },
        {
            "x":272,
            "y":783,
            "w":80,
            "h":115,
            "index":174
        },
        {
            "x":169,
            "y":785,
            "w":39,
            "h":49,
            "index":175
        },
        {
            "x":291,
            "y":786,
            "w":63,
            "h":42,
            "index":176
        },
        {
            "x":348,
            "y":788,
            "w":103,
            "h":49,
            "index":177
        },
        {
            "x":148,
            "y":796,
            "w":18,
            "h":40,
            "index":178
        },
        {
            "x":539,
            "y":798,
            "w":54,
            "h":64,
            "index":179
        },
        {
            "x":0,
            "y":802,
            "w":145,
            "h":76,
            "index":180
        },
        {
            "x":596,
            "y":815,
            "w":261,
            "h":90,
            "index":181
        },
        {
            "x":335,
            "y":819,
            "w":124,
            "h":41,
            "index":182
        },
        {
            "x":25,
            "y":828,
            "w":120,
            "h":60,
            "index":183
        },
        {
            "x":556,
            "y":830,
            "w":116,
            "h":68,
            "index":184
        },
        {
            "x":115,
            "y":832,
            "w":128,
            "h":83,
            "index":185
        },
        {
            "x":142,
            "y":836,
            "w":19,
            "h":11,
            "index":186
        },
        {
            "x":350,
            "y":853,
            "w":96,
            "h":46,
            "index":187
        },
        {
            "x":598,
            "y":856,
            "w":341,
            "h":168,
            "index":188
        },
        {
            "x":539,
            "y":861,
            "w":103,
            "h":61,
            "index":189
        },
        {
            "x":447,
            "y":869,
            "w":36,
            "h":70,
            "index":190
        },
        {
            "x":0,
            "y":870,
            "w":288,
            "h":115,
            "index":191
        },
        {
            "x":665,
            "y":876,
            "w":37,
            "h":41,
            "index":192
        },
        {
            "x":10,
            "y":879,
            "w":115,
            "h":69,
            "index":193
        },
        {
            "x":918,
            "y":882,
            "w":21,
            "h":27,
            "index":194
        },
        {
            "x":315,
            "y":883,
            "w":131,
            "h":90,
            "index":195
        },
        {
            "x":526,
            "y":891,
            "w":110,
            "h":46,
            "index":196
        },
        {
            "x":521,
            "y":898,
            "w":112,
            "h":64,
            "index":197
        },
        {
            "x":0,
            "y":899,
            "w":291,
            "h":112,
            "index":198
        },
        {
            "x":860,
            "y":899,
            "w":43,
            "h":55,
            "index":199
        },
        {
            "x":925,
            "y":908,
            "w":14,
            "h":103,
            "index":200
        },
        {
            "x":480,
            "y":915,
            "w":58,
            "h":29,
            "index":201
        },
        {
            "x":236,
            "y":920,
            "w":61,
            "h":84,
            "index":202
        },
        {
            "x":437,
            "y":931,
            "w":181,
            "h":77,
            "index":203
        },
        {
            "x":206,
            "y":935,
            "w":39,
            "h":27,
            "index":204
        },
        {
            "x":173,
            "y":952,
            "w":49,
            "h":37,
            "index":205
        },
        {
            "x":0,
            "y":957,
            "w":180,
            "h":67,
            "index":206
        },
        {
            "x":210,
            "y":961,
            "w":72,
            "h":63,
            "index":207
        },
        {
            "x":419,
            "y":963,
            "w":117,
            "h":61,
            "index":208
        },
        {
            "x":362,
            "y":965,
            "w":82,
            "h":56,
            "index":209
        },
        {
            "x":641,
            "y":967,
            "w":209,
            "h":57,
            "index":210
        },
        {
            "x":322,
            "y":975,
            "w":31,
            "h":49,
            "index":211
        },
        {
            "x":127,
            "y":976,
            "w":56,
            "h":48,
            "index":212
        },
        {
            "x":348,
            "y":976,
            "w":52,
            "h":48,
            "index":213
        },
        {
            "x":545,
            "y":982,
            "w":64,
            "h":42,
            "index":214
        },
        {
            "x":168,
            "y":990,
            "w":60,
            "h":34,
            "index":215
        },
        {
            "x":51,
            "y":997,
            "w":54,
            "h":27,
            "index":216
        },
        {
            "x":87,
            "y":1000,
            "w":68,
            "h":24,
            "index":217
        },
        {
            "x":273,
            "y":1002,
            "w":26,
            "h":22,
            "index":218
        },
        {
            "x":27,
            "y":1009,
            "w":28,
            "h":15,
            "index":219
        },
        {
            "x":516,
            "y":1012,
            "w":49,
            "h":12,
            "index":220
        },
        {
            "x":1016,
            "y":1017,
            "w":8,
            "h":7,
            "index":221
        },
        {
            "x":325,
            "y":1019,
            "w":2,
            "h":2,
            "index":222
        },
        {
            "x":326,
            "y":1021,
            "w":9,
            "h":3,
            "index":223
        },
        {
            "x":604,
            "y":1023,
            "w":2,
            "h":1,
            "index":224
        }
    ]
}