{
    "image":"game.png",
    "width":1024,
    "height":1024,
    "selectTab":{
        "id":"01"
    },
    "selectColor":{
        "id":"FCCFCA",
        "color":"#FCCFCA"
    },
    "list":[
        {
            "x":0,
            "y":0,
            "w":123,
            "h":349,
            "index":0
        },
        {
            "x":80,
            "y":0,
            "w":889,
            "h":599,
            "index":1
        },
        {
            "x":360,
            "y":0,
            "w":604,
            "h":183,
            "index":2
        },
        {
            "x":798,
            "y":0,
            "w":226,
            "h":628,
            "index":3
        },
        {
            "x":987,
            "y":0,
            "w":26,
            "h":18,
            "index":4
        },
        {
            "x":128,
            "y":76,
            "w":25,
            "h":19,
            "index":5
        },
        {
            "x":572,
            "y":200,
            "w":25,
            "h":22,
            "index":6
        },
        {
            "x":793,
            "y":245,
            "w":179,
            "h":166,
            "index":7
        },
        {
            "x":571,
            "y":255,
            "w":278,
            "h":292,
            "index":8
        },
        {
            "x":0,
            "y":275,
            "w":304,
            "h":180,
            "index":9
        },
        {
            "x":506,
            "y":319,
            "w":101,
            "h":94,
            "index":10
        },
        {
            "x":96,
            "y":356,
            "w":15,
            "h":15,
            "index":11
        },
        {
            "x":845,
            "y":385,
            "w":127,
            "h":221,
            "index":12
        },
        {
            "x":130,
            "y":394,
            "w":247,
            "h":276,
            "index":13
        },
        {
            "x":0,
            "y":443,
            "w":140,
            "h":215,
            "index":14
        },
        {
            "x":936,
            "y":446,
            "w":17,
            "h":15,
            "index":15
        },
        {
            "x":907,
            "y":459,
            "w":22,
            "h":18,
            "index":16
        },
        {
            "x":946,
            "y":459,
            "w":23,
            "h":20,
            "index":17
        },
        {
            "x":924,
            "y":463,
            "w":16,
            "h":15,
            "index":18
        },
        {
            "x":453,
            "y":473,
            "w":25,
            "h":15,
            "index":19
        },
        {
            "x":897,
            "y":482,
            "w":25,
            "h":17,
            "index":20
        },
        {
            "x":929,
            "y":482,
            "w":23,
            "h":21,
            "index":21
        },
        {
            "x":947,
            "y":483,
            "w":21,
            "h":28,
            "index":22
        },
        {
            "x":531,
            "y":485,
            "w":7,
            "h":12,
            "index":23
        },
        {
            "x":426,
            "y":492,
            "w":55,
            "h":59,
            "index":24
        },
        {
            "x":483,
            "y":494,
            "w":86,
            "h":63,
            "index":25
        },
        {
            "x":260,
            "y":497,
            "w":41,
            "h":31,
            "index":26
        },
        {
            "x":609,
            "y":502,
            "w":255,
            "h":78,
            "index":27
        },
        {
            "x":951,
            "y":509,
            "w":13,
            "h":36,
            "index":28
        },
        {
            "x":893,
            "y":530,
            "w":48,
            "h":29,
            "index":29
        },
        {
            "x":453,
            "y":531,
            "w":57,
            "h":26,
            "index":30
        },
        {
            "x":404,
            "y":536,
            "w":181,
            "h":73,
            "index":31
        },
        {
            "x":575,
            "y":537,
            "w":9,
            "h":10,
            "index":32
        },
        {
            "x":628,
            "y":539,
            "w":265,
            "h":240,
            "index":33
        },
        {
            "x":622,
            "y":565,
            "w":23,
            "h":15,
            "index":34
        },
        {
            "x":589,
            "y":574,
            "w":89,
            "h":34,
            "index":35
        },
        {
            "x":425,
            "y":582,
            "w":39,
            "h":36,
            "index":36
        },
        {
            "x":474,
            "y":585,
            "w":41,
            "h":42,
            "index":37
        },
        {
            "x":447,
            "y":596,
            "w":105,
            "h":52,
            "index":38
        },
        {
            "x":0,
            "y":597,
            "w":1024,
            "h":427,
            "index":39
        },
        {
            "x":565,
            "y":600,
            "w":136,
            "h":112,
            "index":40
        },
        {
            "x":695,
            "y":607,
            "w":18,
            "h":18,
            "index":41
        },
        {
            "x":543,
            "y":610,
            "w":26,
            "h":48,
            "index":42
        },
        {
            "x":891,
            "y":613,
            "w":133,
            "h":107,
            "index":43
        },
        {
            "x":625,
            "y":632,
            "w":16,
            "h":17,
            "index":44
        },
        {
            "x":390,
            "y":636,
            "w":76,
            "h":15,
            "index":45
        },
        {
            "x":602,
            "y":643,
            "w":21,
            "h":20,
            "index":46
        },
        {
            "x":645,
            "y":643,
            "w":26,
            "h":21,
            "index":47
        },
        {
            "x":892,
            "y":648,
            "w":45,
            "h":84,
            "index":48
        },
        {
            "x":386,
            "y":651,
            "w":84,
            "h":52,
            "index":49
        },
        {
            "x":472,
            "y":652,
            "w":19,
            "h":31,
            "index":50
        },
        {
            "x":626,
            "y":655,
            "w":18,
            "h":15,
            "index":51
        },
        {
            "x":708,
            "y":659,
            "w":3,
            "h":4,
            "index":52
        },
        {
            "x":705,
            "y":667,
            "w":17,
            "h":15,
            "index":53
        },
        {
            "x":609,
            "y":668,
            "w":20,
            "h":21,
            "index":54
        },
        {
            "x":640,
            "y":668,
            "w":21,
            "h":20,
            "index":55
        },
        {
            "x":265,
            "y":685,
            "w":21,
            "h":24,
            "index":56
        },
        {
            "x":371,
            "y":691,
            "w":112,
            "h":28,
            "index":57
        },
        {
            "x":55,
            "y":694,
            "w":95,
            "h":38,
            "index":58
        },
        {
            "x":165,
            "y":703,
            "w":215,
            "h":68,
            "index":59
        },
        {
            "x":260,
            "y":711,
            "w":29,
            "h":20,
            "index":60
        },
        {
            "x":624,
            "y":720,
            "w":1,
            "h":1,
            "index":61
        },
        {
            "x":220,
            "y":721,
            "w":9,
            "h":6,
            "index":62
        },
        {
            "x":321,
            "y":722,
            "w":8,
            "h":7,
            "index":63
        },
        {
            "x":466,
            "y":731,
            "w":93,
            "h":19,
            "index":64
        },
        {
            "x":463,
            "y":750,
            "w":99,
            "h":64,
            "index":65
        },
        {
            "x":568,
            "y":751,
            "w":17,
            "h":35,
            "index":66
        },
        {
            "x":170,
            "y":755,
            "w":203,
            "h":41,
            "index":67
        },
        {
            "x":568,
            "y":766,
            "w":3,
            "h":6,
            "index":68
        },
        {
            "x":567,
            "y":770,
            "w":1,
            "h":2,
            "index":69
        },
        {
            "x":522,
            "y":772,
            "w":16,
            "h":18,
            "index":70
        },
        {
            "x":143,
            "y":773,
            "w":254,
            "h":70,
            "index":71
        },
        {
            "x":484,
            "y":773,
            "w":16,
            "h":17,
            "index":72
        },
        {
            "x":505,
            "y":776,
            "w":10,
            "h":8,
            "index":73
        },
        {
            "x":171,
            "y":783,
            "w":201,
            "h":37,
            "index":74
        },
        {
            "x":661,
            "y":795,
            "w":11,
            "h":27,
            "index":75
        },
        {
            "x":513,
            "y":800,
            "w":511,
            "h":224,
            "index":76
        },
        {
            "x":0,
            "y":814,
            "w":434,
            "h":210,
            "index":77
        },
        {
            "x":634,
            "y":814,
            "w":52,
            "h":22,
            "index":78
        },
        {
            "x":491,
            "y":818,
            "w":49,
            "h":10,
            "index":79
        },
        {
            "x":629,
            "y":831,
            "w":56,
            "h":32,
            "index":80
        },
        {
            "x":420,
            "y":849,
            "w":127,
            "h":49,
            "index":81
        },
        {
            "x":340,
            "y":870,
            "w":9,
            "h":4,
            "index":82
        },
        {
            "x":941,
            "y":870,
            "w":19,
            "h":14,
            "index":83
        },
        {
            "x":965,
            "y":874,
            "w":27,
            "h":17,
            "index":84
        },
        {
            "x":909,
            "y":886,
            "w":29,
            "h":21,
            "index":85
        },
        {
            "x":940,
            "y":890,
            "w":24,
            "h":14,
            "index":86
        },
        {
            "x":964,
            "y":898,
            "w":30,
            "h":21,
            "index":87
        },
        {
            "x":924,
            "y":908,
            "w":31,
            "h":21,
            "index":88
        },
        {
            "x":963,
            "y":948,
            "w":45,
            "h":44,
            "index":89
        },
        {
            "x":158,
            "y":956,
            "w":14,
            "h":12,
            "index":90
        },
        {
            "x":900,
            "y":957,
            "w":52,
            "h":35,
            "index":91
        },
        {
            "x":135,
            "y":966,
            "w":19,
            "h":11,
            "index":92
        },
        {
            "x":171,
            "y":971,
            "w":18,
            "h":11,
            "index":93
        },
        {
            "x":952,
            "y":979,
            "w":1,
            "h":1,
            "index":94
        },
        {
            "x":153,
            "y":981,
            "w":16,
            "h":12,
            "index":95
        }
    ]
}