{
    "image":"game.png",
    "width":1024,
    "height":1024,
    "selectTab":{
        "id":"01"
    },
    "selectColor":{
        "id":"FCCFCA",
        "color":"#FCCFCA"
    },
    "list":[
        {
            "x":0,
            "y":0,
            "w":1024,
            "h":316,
            "index":0
        },
        {
            "x":733,
            "y":0,
            "w":291,
            "h":77,
            "index":1
        },
        {
            "x":801,
            "y":26,
            "w":31,
            "h":46,
            "index":2
        },
        {
            "x":0,
            "y":41,
            "w":202,
            "h":90,
            "index":3
        },
        {
            "x":935,
            "y":59,
            "w":28,
            "h":40,
            "index":4
        },
        {
            "x":64,
            "y":77,
            "w":21,
            "h":23,
            "index":5
        },
        {
            "x":148,
            "y":78,
            "w":17,
            "h":22,
            "index":6
        },
        {
            "x":105,
            "y":79,
            "w":19,
            "h":22,
            "index":7
        },
        {
            "x":278,
            "y":79,
            "w":46,
            "h":37,
            "index":8
        },
        {
            "x":803,
            "y":90,
            "w":14,
            "h":226,
            "index":9
        },
        {
            "x":630,
            "y":91,
            "w":168,
            "h":215,
            "index":10
        },
        {
            "x":398,
            "y":108,
            "w":57,
            "h":41,
            "index":11
        },
        {
            "x":0,
            "y":116,
            "w":598,
            "h":908,
            "index":12
        },
        {
            "x":337,
            "y":117,
            "w":41,
            "h":37,
            "index":13
        },
        {
            "x":644,
            "y":117,
            "w":138,
            "h":127,
            "index":14
        },
        {
            "x":270,
            "y":141,
            "w":52,
            "h":26,
            "index":15
        },
        {
            "x":463,
            "y":151,
            "w":71,
            "h":47,
            "index":16
        },
        {
            "x":856,
            "y":159,
            "w":26,
            "h":18,
            "index":17
        },
        {
            "x":454,
            "y":167,
            "w":5,
            "h":3,
            "index":18
        },
        {
            "x":27,
            "y":170,
            "w":54,
            "h":86,
            "index":19
        },
        {
            "x":342,
            "y":174,
            "w":48,
            "h":30,
            "index":20
        },
        {
            "x":387,
            "y":175,
            "w":49,
            "h":28,
            "index":21
        },
        {
            "x":850,
            "y":182,
            "w":39,
            "h":7,
            "index":22
        },
        {
            "x":134,
            "y":186,
            "w":87,
            "h":83,
            "index":23
        },
        {
            "x":54,
            "y":188,
            "w":4,
            "h":4,
            "index":24
        },
        {
            "x":278,
            "y":190,
            "w":49,
            "h":29,
            "index":25
        },
        {
            "x":952,
            "y":192,
            "w":72,
            "h":113,
            "index":26
        },
        {
            "x":817,
            "y":194,
            "w":101,
            "h":122,
            "index":27
        },
        {
            "x":42,
            "y":197,
            "w":27,
            "h":7,
            "index":28
        },
        {
            "x":449,
            "y":201,
            "w":136,
            "h":24,
            "index":29
        },
        {
            "x":368,
            "y":204,
            "w":13,
            "h":49,
            "index":30
        },
        {
            "x":154,
            "y":207,
            "w":49,
            "h":46,
            "index":31
        },
        {
            "x":41,
            "y":208,
            "w":28,
            "h":28,
            "index":32
        },
        {
            "x":344,
            "y":209,
            "w":25,
            "h":29,
            "index":33
        },
        {
            "x":833,
            "y":222,
            "w":37,
            "h":75,
            "index":34
        },
        {
            "x":979,
            "y":223,
            "w":20,
            "h":63,
            "index":35
        },
        {
            "x":446,
            "y":224,
            "w":141,
            "h":29,
            "index":36
        },
        {
            "x":890,
            "y":224,
            "w":11,
            "h":48,
            "index":37
        },
        {
            "x":346,
            "y":243,
            "w":16,
            "h":10,
            "index":38
        },
        {
            "x":297,
            "y":244,
            "w":32,
            "h":8,
            "index":39
        },
        {
            "x":378,
            "y":244,
            "w":34,
            "h":8,
            "index":40
        },
        {
            "x":442,
            "y":250,
            "w":145,
            "h":29,
            "index":41
        },
        {
            "x":293,
            "y":253,
            "w":124,
            "h":31,
            "index":42
        },
        {
            "x":442,
            "y":276,
            "w":144,
            "h":28,
            "index":43
        },
        {
            "x":747,
            "y":278,
            "w":70,
            "h":143,
            "index":44
        },
        {
            "x":298,
            "y":283,
            "w":113,
            "h":40,
            "index":45
        },
        {
            "x":27,
            "y":286,
            "w":54,
            "h":84,
            "index":46
        },
        {
            "x":443,
            "y":302,
            "w":141,
            "h":19,
            "index":47
        },
        {
            "x":46,
            "y":304,
            "w":20,
            "h":6,
            "index":48
        },
        {
            "x":623,
            "y":311,
            "w":130,
            "h":5,
            "index":49
        },
        {
            "x":968,
            "y":311,
            "w":56,
            "h":5,
            "index":50
        },
        {
            "x":42,
            "y":315,
            "w":26,
            "h":37,
            "index":51
        },
        {
            "x":248,
            "y":318,
            "w":348,
            "h":64,
            "index":52
        },
        {
            "x":601,
            "y":321,
            "w":158,
            "h":61,
            "index":53
        },
        {
            "x":808,
            "y":321,
            "w":139,
            "h":60,
            "index":54
        },
        {
            "x":953,
            "y":321,
            "w":71,
            "h":60,
            "index":55
        },
        {
            "x":466,
            "y":340,
            "w":109,
            "h":28,
            "index":56
        },
        {
            "x":640,
            "y":340,
            "w":32,
            "h":29,
            "index":57
        },
        {
            "x":850,
            "y":340,
            "w":22,
            "h":27,
            "index":58
        },
        {
            "x":878,
            "y":340,
            "w":47,
            "h":27,
            "index":59
        },
        {
            "x":975,
            "y":340,
            "w":24,
            "h":17,
            "index":60
        },
        {
            "x":290,
            "y":341,
            "w":33,
            "h":26,
            "index":61
        },
        {
            "x":350,
            "y":345,
            "w":50,
            "h":14,
            "index":62
        },
        {
            "x":693,
            "y":346,
            "w":13,
            "h":13,
            "index":63
        },
        {
            "x":517,
            "y":350,
            "w":7,
            "h":8,
            "index":64
        },
        {
            "x":550,
            "y":350,
            "w":9,
            "h":8,
            "index":65
        },
        {
            "x":894,
            "y":353,
            "w":3,
            "h":2,
            "index":66
        },
        {
            "x":601,
            "y":387,
            "w":364,
            "h":637,
            "index":67
        },
        {
            "x":951,
            "y":387,
            "w":73,
            "h":337,
            "index":68
        },
        {
            "x":26,
            "y":402,
            "w":55,
            "h":96,
            "index":69
        },
        {
            "x":47,
            "y":421,
            "w":15,
            "h":5,
            "index":70
        },
        {
            "x":139,
            "y":425,
            "w":78,
            "h":16,
            "index":71
        },
        {
            "x":39,
            "y":432,
            "w":30,
            "h":10,
            "index":72
        },
        {
            "x":395,
            "y":432,
            "w":379,
            "h":541,
            "index":73
        },
        {
            "x":38,
            "y":446,
            "w":32,
            "h":35,
            "index":74
        },
        {
            "x":991,
            "y":450,
            "w":33,
            "h":169,
            "index":75
        },
        {
            "x":622,
            "y":472,
            "w":46,
            "h":92,
            "index":76
        },
        {
            "x":139,
            "y":484,
            "w":76,
            "h":23,
            "index":77
        },
        {
            "x":473,
            "y":484,
            "w":45,
            "h":90,
            "index":78
        },
        {
            "x":980,
            "y":486,
            "w":14,
            "h":25,
            "index":79
        },
        {
            "x":1019,
            "y":506,
            "w":5,
            "h":58,
            "index":80
        },
        {
            "x":322,
            "y":511,
            "w":17,
            "h":68,
            "index":81
        },
        {
            "x":139,
            "y":513,
            "w":76,
            "h":43,
            "index":82
        },
        {
            "x":980,
            "y":516,
            "w":7,
            "h":31,
            "index":83
        },
        {
            "x":27,
            "y":529,
            "w":54,
            "h":79,
            "index":84
        },
        {
            "x":45,
            "y":548,
            "w":19,
            "h":7,
            "index":85
        },
        {
            "x":980,
            "y":553,
            "w":11,
            "h":20,
            "index":86
        },
        {
            "x":41,
            "y":560,
            "w":28,
            "h":32,
            "index":87
        },
        {
            "x":433,
            "y":639,
            "w":280,
            "h":187,
            "index":88
        },
        {
            "x":0,
            "y":648,
            "w":82,
            "h":38,
            "index":89
        },
        {
            "x":184,
            "y":658,
            "w":150,
            "h":78,
            "index":90
        },
        {
            "x":824,
            "y":673,
            "w":38,
            "h":24,
            "index":91
        },
        {
            "x":114,
            "y":676,
            "w":63,
            "h":59,
            "index":92
        },
        {
            "x":315,
            "y":684,
            "w":60,
            "h":51,
            "index":93
        },
        {
            "x":137,
            "y":697,
            "w":20,
            "h":37,
            "index":94
        },
        {
            "x":184,
            "y":698,
            "w":127,
            "h":104,
            "index":95
        },
        {
            "x":597,
            "y":701,
            "w":67,
            "h":71,
            "index":96
        },
        {
            "x":796,
            "y":702,
            "w":103,
            "h":174,
            "index":97
        },
        {
            "x":472,
            "y":703,
            "w":56,
            "h":69,
            "index":98
        },
        {
            "x":332,
            "y":704,
            "w":24,
            "h":31,
            "index":99
        },
        {
            "x":0,
            "y":723,
            "w":59,
            "h":29,
            "index":100
        },
        {
            "x":213,
            "y":723,
            "w":14,
            "h":12,
            "index":101
        },
        {
            "x":108,
            "y":727,
            "w":18,
            "h":7,
            "index":102
        },
        {
            "x":957,
            "y":729,
            "w":67,
            "h":29,
            "index":103
        },
        {
            "x":103,
            "y":733,
            "w":267,
            "h":155,
            "index":104
        },
        {
            "x":862,
            "y":735,
            "w":17,
            "h":64,
            "index":105
        },
        {
            "x":813,
            "y":744,
            "w":55,
            "h":107,
            "index":106
        },
        {
            "x":921,
            "y":744,
            "w":32,
            "h":21,
            "index":107
        },
        {
            "x":506,
            "y":753,
            "w":7,
            "h":7,
            "index":108
        },
        {
            "x":611,
            "y":754,
            "w":8,
            "h":8,
            "index":109
        },
        {
            "x":0,
            "y":758,
            "w":29,
            "h":31,
            "index":110
        },
        {
            "x":0,
            "y":758,
            "w":102,
            "h":45,
            "index":111
        },
        {
            "x":547,
            "y":761,
            "w":21,
            "h":13,
            "index":112
        },
        {
            "x":904,
            "y":763,
            "w":11,
            "h":23,
            "index":113
        },
        {
            "x":957,
            "y":763,
            "w":35,
            "h":46,
            "index":114
        },
        {
            "x":975,
            "y":763,
            "w":49,
            "h":46,
            "index":115
        },
        {
            "x":886,
            "y":770,
            "w":93,
            "h":138,
            "index":116
        },
        {
            "x":88,
            "y":782,
            "w":18,
            "h":20,
            "index":117
        },
        {
            "x":634,
            "y":789,
            "w":21,
            "h":12,
            "index":118
        },
        {
            "x":496,
            "y":798,
            "w":17,
            "h":8,
            "index":119
        },
        {
            "x":606,
            "y":800,
            "w":19,
            "h":10,
            "index":120
        },
        {
            "x":522,
            "y":804,
            "w":15,
            "h":9,
            "index":121
        },
        {
            "x":578,
            "y":805,
            "w":19,
            "h":9,
            "index":122
        },
        {
            "x":913,
            "y":806,
            "w":41,
            "h":39,
            "index":123
        },
        {
            "x":69,
            "y":807,
            "w":40,
            "h":19,
            "index":124
        },
        {
            "x":548,
            "y":807,
            "w":19,
            "h":8,
            "index":125
        },
        {
            "x":0,
            "y":808,
            "w":74,
            "h":53,
            "index":126
        },
        {
            "x":353,
            "y":811,
            "w":58,
            "h":52,
            "index":127
        },
        {
            "x":746,
            "y":813,
            "w":47,
            "h":51,
            "index":128
        },
        {
            "x":1002,
            "y":814,
            "w":22,
            "h":42,
            "index":129
        },
        {
            "x":973,
            "y":815,
            "w":47,
            "h":50,
            "index":130
        },
        {
            "x":47,
            "y":824,
            "w":69,
            "h":38,
            "index":131
        },
        {
            "x":466,
            "y":835,
            "w":69,
            "h":29,
            "index":132
        },
        {
            "x":543,
            "y":841,
            "w":83,
            "h":23,
            "index":133
        },
        {
            "x":459,
            "y":847,
            "w":72,
            "h":95,
            "index":134
        },
        {
            "x":621,
            "y":850,
            "w":7,
            "h":26,
            "index":135
        },
        {
            "x":909,
            "y":850,
            "w":47,
            "h":30,
            "index":136
        },
        {
            "x":42,
            "y":853,
            "w":22,
            "h":8,
            "index":137
        },
        {
            "x":549,
            "y":856,
            "w":67,
            "h":85,
            "index":138
        },
        {
            "x":0,
            "y":865,
            "w":143,
            "h":69,
            "index":139
        },
        {
            "x":0,
            "y":866,
            "w":28,
            "h":34,
            "index":140
        },
        {
            "x":255,
            "y":868,
            "w":139,
            "h":66,
            "index":141
        },
        {
            "x":446,
            "y":869,
            "w":28,
            "h":51,
            "index":142
        },
        {
            "x":756,
            "y":869,
            "w":113,
            "h":65,
            "index":143
        },
        {
            "x":858,
            "y":869,
            "w":166,
            "h":65,
            "index":144
        },
        {
            "x":533,
            "y":870,
            "w":15,
            "h":75,
            "index":145
        },
        {
            "x":119,
            "y":889,
            "w":150,
            "h":45,
            "index":146
        },
        {
            "x":789,
            "y":898,
            "w":57,
            "h":11,
            "index":147
        },
        {
            "x":710,
            "y":903,
            "w":33,
            "h":38,
            "index":148
        },
        {
            "x":789,
            "y":910,
            "w":57,
            "h":48,
            "index":149
        },
        {
            "x":444,
            "y":915,
            "w":147,
            "h":48,
            "index":150
        },
        {
            "x":769,
            "y":939,
            "w":131,
            "h":85,
            "index":151
        },
        {
            "x":878,
            "y":939,
            "w":146,
            "h":85,
            "index":152
        },
        {
            "x":0,
            "y":940,
            "w":107,
            "h":84,
            "index":153
        },
        {
            "x":57,
            "y":940,
            "w":188,
            "h":84,
            "index":154
        },
        {
            "x":210,
            "y":940,
            "w":162,
            "h":84,
            "index":155
        },
        {
            "x":502,
            "y":959,
            "w":141,
            "h":65,
            "index":156
        }
    ]
}