{
    "image":"game.png",
    "width":1024,
    "height":1024,
    "selectTab":{
        "id":"01"
    },
    "selectColor":{
        "id":"FCCFCA",
        "color":"#FCCFCA"
    },
    "list":[
        {
            "x":0,
            "y":0,
            "w":1024,
            "h":365,
            "index":0
        },
        {
            "x":309,
            "y":39,
            "w":157,
            "h":158,
            "index":1
        },
        {
            "x":0,
            "y":172,
            "w":1024,
            "h":852,
            "index":2
        },
        {
            "x":853,
            "y":514,
            "w":171,
            "h":129,
            "index":3
        },
        {
            "x":237,
            "y":545,
            "w":2,
            "h":1,
            "index":4
        },
        {
            "x":84,
            "y":546,
            "w":153,
            "h":131,
            "index":5
        },
        {
            "x":966,
            "y":626,
            "w":1,
            "h":1,
            "index":6
        },
        {
            "x":134,
            "y":645,
            "w":31,
            "h":40,
            "index":7
        },
        {
            "x":24,
            "y":653,
            "w":124,
            "h":119,
            "index":8
        },
        {
            "x":916,
            "y":657,
            "w":1,
            "h":1,
            "index":9
        },
        {
            "x":146,
            "y":660,
            "w":96,
            "h":70,
            "index":10
        },
        {
            "x":600,
            "y":714,
            "w":1,
            "h":1,
            "index":11
        },
        {
            "x":129,
            "y":724,
            "w":76,
            "h":79,
            "index":12
        },
        {
            "x":303,
            "y":724,
            "w":1,
            "h":1,
            "index":13
        },
        {
            "x":955,
            "y":735,
            "w":69,
            "h":74,
            "index":14
        },
        {
            "x":254,
            "y":742,
            "w":1,
            "h":1,
            "index":15
        },
        {
            "x":38,
            "y":769,
            "w":26,
            "h":73,
            "index":16
        },
        {
            "x":55,
            "y":770,
            "w":50,
            "h":64,
            "index":17
        },
        {
            "x":1001,
            "y":776,
            "w":23,
            "h":111,
            "index":18
        },
        {
            "x":93,
            "y":815,
            "w":138,
            "h":36,
            "index":19
        },
        {
            "x":912,
            "y":831,
            "w":85,
            "h":78,
            "index":20
        },
        {
            "x":13,
            "y":835,
            "w":129,
            "h":103,
            "index":21
        },
        {
            "x":981,
            "y":894,
            "w":43,
            "h":130,
            "index":22
        },
        {
            "x":467,
            "y":919,
            "w":1,
            "h":1,
            "index":23
        },
        {
            "x":898,
            "y":926,
            "w":1,
            "h":1,
            "index":24
        },
        {
            "x":31,
            "y":928,
            "w":11,
            "h":23,
            "index":25
        },
        {
            "x":6,
            "y":936,
            "w":46,
            "h":88,
            "index":26
        },
        {
            "x":0,
            "y":939,
            "w":13,
            "h":85,
            "index":27
        },
        {
            "x":152,
            "y":943,
            "w":81,
            "h":81,
            "index":28
        },
        {
            "x":610,
            "y":944,
            "w":1,
            "h":1,
            "index":29
        },
        {
            "x":30,
            "y":952,
            "w":1,
            "h":2,
            "index":30
        },
        {
            "x":44,
            "y":957,
            "w":68,
            "h":67,
            "index":31
        },
        {
            "x":1003,
            "y":957,
            "w":21,
            "h":67,
            "index":32
        },
        {
            "x":955,
            "y":966,
            "w":20,
            "h":43,
            "index":33
        },
        {
            "x":254,
            "y":979,
            "w":47,
            "h":45,
            "index":34
        },
        {
            "x":909,
            "y":994,
            "w":1,
            "h":1,
            "index":35
        },
        {
            "x":892,
            "y":995,
            "w":17,
            "h":29,
            "index":36
        },
        {
            "x":945,
            "y":1005,
            "w":26,
            "h":19,
            "index":37
        },
        {
            "x":977,
            "y":1006,
            "w":7,
            "h":18,
            "index":38
        },
        {
            "x":1012,
            "y":1007,
            "w":12,
            "h":17,
            "index":39
        },
        {
            "x":362,
            "y":1011,
            "w":11,
            "h":13,
            "index":40
        },
        {
            "x":175,
            "y":1016,
            "w":11,
            "h":8,
            "index":41
        },
        {
            "x":90,
            "y":1018,
            "w":27,
            "h":6,
            "index":42
        },
        {
            "x":822,
            "y":1018,
            "w":6,
            "h":6,
            "index":43
        },
        {
            "x":742,
            "y":1019,
            "w":29,
            "h":5,
            "index":44
        }
    ]
}