{
    "image":"game.png",
    "width":1024,
    "height":1024,
    "selectTab":{
        "id":"01"
    },
    "selectColor":{
        "id":"FCCFCA",
        "color":"#FCCFCA"
    },
    "list":[
        {
            "x":0,
            "y":0,
            "w":1024,
            "h":123,
            "index":0
        },
        {
            "x":217,
            "y":110,
            "w":51,
            "h":68,
            "index":1
        },
        {
            "x":769,
            "y":110,
            "w":49,
            "h":68,
            "index":2
        },
        {
            "x":0,
            "y":129,
            "w":211,
            "h":36,
            "index":3
        },
        {
            "x":274,
            "y":129,
            "w":489,
            "h":36,
            "index":4
        },
        {
            "x":824,
            "y":129,
            "w":200,
            "h":36,
            "index":5
        },
        {
            "x":0,
            "y":171,
            "w":1024,
            "h":853,
            "index":6
        },
        {
            "x":36,
            "y":171,
            "w":36,
            "h":726,
            "index":7
        },
        {
            "x":78,
            "y":171,
            "w":310,
            "h":585,
            "index":8
        },
        {
            "x":260,
            "y":171,
            "w":516,
            "h":27,
            "index":9
        },
        {
            "x":792,
            "y":171,
            "w":154,
            "h":584,
            "index":10
        },
        {
            "x":952,
            "y":171,
            "w":35,
            "h":726,
            "index":11
        },
        {
            "x":232,
            "y":185,
            "w":23,
            "h":64,
            "index":12
        },
        {
            "x":782,
            "y":185,
            "w":23,
            "h":123,
            "index":13
        },
        {
            "x":125,
            "y":204,
            "w":246,
            "h":329,
            "index":14
        },
        {
            "x":260,
            "y":204,
            "w":516,
            "h":17,
            "index":15
        },
        {
            "x":782,
            "y":204,
            "w":117,
            "h":329,
            "index":16
        },
        {
            "x":260,
            "y":226,
            "w":618,
            "h":239,
            "index":17
        },
        {
            "x":146,
            "y":227,
            "w":227,
            "h":285,
            "index":18
        },
        {
            "x":493,
            "y":237,
            "w":59,
            "h":41,
            "index":19
        },
        {
            "x":368,
            "y":249,
            "w":433,
            "h":523,
            "index":20
        },
        {
            "x":229,
            "y":255,
            "w":31,
            "h":39,
            "index":21
        },
        {
            "x":169,
            "y":285,
            "w":151,
            "h":123,
            "index":22
        },
        {
            "x":198,
            "y":300,
            "w":91,
            "h":80,
            "index":23
        },
        {
            "x":699,
            "y":310,
            "w":100,
            "h":55,
            "index":24
        },
        {
            "x":293,
            "y":316,
            "w":54,
            "h":40,
            "index":25
        },
        {
            "x":266,
            "y":339,
            "w":14,
            "h":17,
            "index":26
        },
        {
            "x":719,
            "y":410,
            "w":158,
            "h":101,
            "index":27
        },
        {
            "x":367,
            "y":478,
            "w":60,
            "h":98,
            "index":28
        },
        {
            "x":110,
            "y":560,
            "w":341,
            "h":164,
            "index":29
        },
        {
            "x":765,
            "y":560,
            "w":150,
            "h":164,
            "index":30
        },
        {
            "x":202,
            "y":593,
            "w":116,
            "h":31,
            "index":31
        },
        {
            "x":218,
            "y":607,
            "w":85,
            "h":23,
            "index":32
        },
        {
            "x":173,
            "y":625,
            "w":165,
            "h":138,
            "index":33
        },
        {
            "x":305,
            "y":626,
            "w":38,
            "h":41,
            "index":34
        },
        {
            "x":172,
            "y":627,
            "w":40,
            "h":47,
            "index":35
        },
        {
            "x":188,
            "y":630,
            "w":37,
            "h":52,
            "index":36
        },
        {
            "x":449,
            "y":689,
            "w":85,
            "h":74,
            "index":37
        },
        {
            "x":78,
            "y":730,
            "w":868,
            "h":104,
            "index":38
        },
        {
            "x":301,
            "y":736,
            "w":32,
            "h":26,
            "index":39
        },
        {
            "x":77,
            "y":831,
            "w":869,
            "h":54,
            "index":40
        }
    ]
}