{
    "image":"game.png",
    "width":1024,
    "height":1024,
    "selectTab":{
        "id":"01"
    },
    "selectColor":{
        "id":"FCCFCA",
        "color":"#FCCFCA"
    },
    "list":[
        {
            "x":0,
            "y":0,
            "w":1024,
            "h":847,
            "index":0
        },
        {
            "x":919,
            "y":19,
            "w":14,
            "h":15,
            "index":1
        },
        {
            "x":143,
            "y":21,
            "w":12,
            "h":13,
            "index":2
        },
        {
            "x":443,
            "y":21,
            "w":14,
            "h":14,
            "index":3
        },
        {
            "x":672,
            "y":21,
            "w":12,
            "h":12,
            "index":4
        },
        {
            "x":308,
            "y":32,
            "w":14,
            "h":16,
            "index":5
        },
        {
            "x":805,
            "y":33,
            "w":12,
            "h":12,
            "index":6
        },
        {
            "x":29,
            "y":39,
            "w":13,
            "h":14,
            "index":7
        },
        {
            "x":221,
            "y":43,
            "w":11,
            "h":12,
            "index":8
        },
        {
            "x":388,
            "y":50,
            "w":11,
            "h":10,
            "index":9
        },
        {
            "x":571,
            "y":51,
            "w":13,
            "h":14,
            "index":10
        },
        {
            "x":737,
            "y":53,
            "w":11,
            "h":12,
            "index":11
        },
        {
            "x":989,
            "y":60,
            "w":13,
            "h":13,
            "index":12
        },
        {
            "x":492,
            "y":66,
            "w":12,
            "h":12,
            "index":13
        },
        {
            "x":871,
            "y":66,
            "w":11,
            "h":12,
            "index":14
        },
        {
            "x":635,
            "y":74,
            "w":14,
            "h":15,
            "index":15
        },
        {
            "x":188,
            "y":90,
            "w":64,
            "h":77,
            "index":16
        },
        {
            "x":253,
            "y":90,
            "w":35,
            "h":77,
            "index":17
        },
        {
            "x":719,
            "y":90,
            "w":40,
            "h":68,
            "index":18
        },
        {
            "x":761,
            "y":90,
            "w":64,
            "h":68,
            "index":19
        },
        {
            "x":827,
            "y":90,
            "w":41,
            "h":68,
            "index":20
        },
        {
            "x":148,
            "y":91,
            "w":38,
            "h":76,
            "index":21
        },
        {
            "x":86,
            "y":99,
            "w":54,
            "h":56,
            "index":22
        },
        {
            "x":875,
            "y":99,
            "w":54,
            "h":55,
            "index":23
        },
        {
            "x":46,
            "y":102,
            "w":14,
            "h":16,
            "index":24
        },
        {
            "x":292,
            "y":105,
            "w":424,
            "h":30,
            "index":25
        },
        {
            "x":872,
            "y":105,
            "w":8,
            "h":13,
            "index":26
        },
        {
            "x":137,
            "y":106,
            "w":7,
            "h":15,
            "index":27
        },
        {
            "x":292,
            "y":139,
            "w":64,
            "h":46,
            "index":28
        },
        {
            "x":292,
            "y":139,
            "w":424,
            "h":530,
            "index":29
        },
        {
            "x":645,
            "y":139,
            "w":71,
            "h":51,
            "index":30
        },
        {
            "x":954,
            "y":140,
            "w":14,
            "h":15,
            "index":31
        },
        {
            "x":450,
            "y":155,
            "w":1,
            "h":1,
            "index":32
        },
        {
            "x":395,
            "y":156,
            "w":91,
            "h":233,
            "index":33
        },
        {
            "x":530,
            "y":156,
            "w":186,
            "h":232,
            "index":34
        },
        {
            "x":344,
            "y":157,
            "w":126,
            "h":100,
            "index":35
        },
        {
            "x":719,
            "y":159,
            "w":40,
            "h":71,
            "index":36
        },
        {
            "x":827,
            "y":159,
            "w":42,
            "h":71,
            "index":37
        },
        {
            "x":761,
            "y":160,
            "w":64,
            "h":70,
            "index":38
        },
        {
            "x":148,
            "y":169,
            "w":38,
            "h":73,
            "index":39
        },
        {
            "x":188,
            "y":169,
            "w":64,
            "h":73,
            "index":40
        },
        {
            "x":253,
            "y":169,
            "w":35,
            "h":73,
            "index":41
        },
        {
            "x":31,
            "y":179,
            "w":12,
            "h":11,
            "index":42
        },
        {
            "x":557,
            "y":198,
            "w":28,
            "h":22,
            "index":43
        },
        {
            "x":301,
            "y":202,
            "w":177,
            "h":121,
            "index":44
        },
        {
            "x":97,
            "y":203,
            "w":15,
            "h":17,
            "index":45
        },
        {
            "x":981,
            "y":203,
            "w":13,
            "h":14,
            "index":46
        },
        {
            "x":365,
            "y":217,
            "w":1,
            "h":1,
            "index":47
        },
        {
            "x":907,
            "y":229,
            "w":13,
            "h":14,
            "index":48
        },
        {
            "x":719,
            "y":231,
            "w":40,
            "h":72,
            "index":49
        },
        {
            "x":760,
            "y":231,
            "w":65,
            "h":72,
            "index":50
        },
        {
            "x":827,
            "y":231,
            "w":41,
            "h":72,
            "index":51
        },
        {
            "x":589,
            "y":233,
            "w":67,
            "h":73,
            "index":52
        },
        {
            "x":907,
            "y":240,
            "w":1,
            "h":1,
            "index":53
        },
        {
            "x":253,
            "y":243,
            "w":35,
            "h":43,
            "index":54
        },
        {
            "x":148,
            "y":244,
            "w":38,
            "h":82,
            "index":55
        },
        {
            "x":188,
            "y":244,
            "w":64,
            "h":82,
            "index":56
        },
        {
            "x":348,
            "y":257,
            "w":55,
            "h":152,
            "index":57
        },
        {
            "x":292,
            "y":260,
            "w":58,
            "h":129,
            "index":58
        },
        {
            "x":236,
            "y":270,
            "w":218,
            "h":317,
            "index":59
        },
        {
            "x":81,
            "y":278,
            "w":11,
            "h":12,
            "index":60
        },
        {
            "x":619,
            "y":285,
            "w":109,
            "h":86,
            "index":61
        },
        {
            "x":958,
            "y":285,
            "w":13,
            "h":13,
            "index":62
        },
        {
            "x":17,
            "y":292,
            "w":14,
            "h":15,
            "index":63
        },
        {
            "x":539,
            "y":297,
            "w":273,
            "h":292,
            "index":64
        },
        {
            "x":728,
            "y":305,
            "w":31,
            "h":34,
            "index":65
        },
        {
            "x":760,
            "y":305,
            "w":15,
            "h":9,
            "index":66
        },
        {
            "x":804,
            "y":305,
            "w":21,
            "h":76,
            "index":67
        },
        {
            "x":827,
            "y":305,
            "w":41,
            "h":76,
            "index":68
        },
        {
            "x":148,
            "y":327,
            "w":38,
            "h":76,
            "index":69
        },
        {
            "x":188,
            "y":327,
            "w":64,
            "h":76,
            "index":70
        },
        {
            "x":909,
            "y":330,
            "w":14,
            "h":15,
            "index":71
        },
        {
            "x":428,
            "y":338,
            "w":20,
            "h":27,
            "index":72
        },
        {
            "x":79,
            "y":345,
            "w":13,
            "h":15,
            "index":73
        },
        {
            "x":979,
            "y":376,
            "w":12,
            "h":14,
            "index":74
        },
        {
            "x":768,
            "y":383,
            "w":57,
            "h":77,
            "index":75
        },
        {
            "x":827,
            "y":383,
            "w":42,
            "h":77,
            "index":76
        },
        {
            "x":990,
            "y":388,
            "w":1,
            "h":1,
            "index":77
        },
        {
            "x":254,
            "y":389,
            "w":9,
            "h":14,
            "index":78
        },
        {
            "x":29,
            "y":392,
            "w":13,
            "h":13,
            "index":79
        },
        {
            "x":318,
            "y":392,
            "w":36,
            "h":17,
            "index":80
        },
        {
            "x":148,
            "y":404,
            "w":38,
            "h":80,
            "index":81
        },
        {
            "x":188,
            "y":404,
            "w":64,
            "h":80,
            "index":82
        },
        {
            "x":253,
            "y":404,
            "w":38,
            "h":80,
            "index":83
        },
        {
            "x":906,
            "y":420,
            "w":14,
            "h":15,
            "index":84
        },
        {
            "x":98,
            "y":428,
            "w":14,
            "h":15,
            "index":85
        },
        {
            "x":401,
            "y":430,
            "w":85,
            "h":212,
            "index":86
        },
        {
            "x":530,
            "y":430,
            "w":33,
            "h":65,
            "index":87
        },
        {
            "x":570,
            "y":442,
            "w":31,
            "h":45,
            "index":88
        },
        {
            "x":641,
            "y":449,
            "w":48,
            "h":52,
            "index":89
        },
        {
            "x":760,
            "y":461,
            "w":65,
            "h":75,
            "index":90
        },
        {
            "x":827,
            "y":462,
            "w":42,
            "h":74,
            "index":91
        },
        {
            "x":980,
            "y":462,
            "w":14,
            "h":15,
            "index":92
        },
        {
            "x":432,
            "y":471,
            "w":8,
            "h":8,
            "index":93
        },
        {
            "x":407,
            "y":473,
            "w":29,
            "h":41,
            "index":94
        },
        {
            "x":319,
            "y":476,
            "w":41,
            "h":47,
            "index":95
        },
        {
            "x":28,
            "y":480,
            "w":14,
            "h":14,
            "index":96
        },
        {
            "x":148,
            "y":486,
            "w":38,
            "h":51,
            "index":97
        },
        {
            "x":188,
            "y":486,
            "w":64,
            "h":37,
            "index":98
        },
        {
            "x":254,
            "y":486,
            "w":4,
            "h":35,
            "index":99
        },
        {
            "x":95,
            "y":491,
            "w":13,
            "h":14,
            "index":100
        },
        {
            "x":903,
            "y":493,
            "w":14,
            "h":15,
            "index":101
        },
        {
            "x":530,
            "y":520,
            "w":83,
            "h":83,
            "index":102
        },
        {
            "x":392,
            "y":521,
            "w":16,
            "h":9,
            "index":103
        },
        {
            "x":98,
            "y":522,
            "w":205,
            "h":240,
            "index":104
        },
        {
            "x":756,
            "y":534,
            "w":3,
            "h":2,
            "index":105
        },
        {
            "x":717,
            "y":537,
            "w":41,
            "h":76,
            "index":106
        },
        {
            "x":759,
            "y":537,
            "w":66,
            "h":85,
            "index":107
        },
        {
            "x":827,
            "y":537,
            "w":42,
            "h":85,
            "index":108
        },
        {
            "x":968,
            "y":543,
            "w":14,
            "h":15,
            "index":109
        },
        {
            "x":605,
            "y":552,
            "w":153,
            "h":158,
            "index":110
        },
        {
            "x":50,
            "y":556,
            "w":14,
            "h":14,
            "index":111
        },
        {
            "x":610,
            "y":563,
            "w":1,
            "h":1,
            "index":112
        },
        {
            "x":577,
            "y":564,
            "w":33,
            "h":35,
            "index":113
        },
        {
            "x":306,
            "y":575,
            "w":16,
            "h":19,
            "index":114
        },
        {
            "x":382,
            "y":579,
            "w":16,
            "h":22,
            "index":115
        },
        {
            "x":315,
            "y":580,
            "w":21,
            "h":24,
            "index":116
        },
        {
            "x":352,
            "y":586,
            "w":37,
            "h":24,
            "index":117
        },
        {
            "x":331,
            "y":587,
            "w":21,
            "h":22,
            "index":118
        },
        {
            "x":299,
            "y":590,
            "w":1,
            "h":1,
            "index":119
        },
        {
            "x":239,
            "y":590,
            "w":232,
            "h":142,
            "index":120
        },
        {
            "x":529,
            "y":601,
            "w":88,
            "h":16,
            "index":121
        },
        {
            "x":14,
            "y":607,
            "w":13,
            "h":14,
            "index":122
        },
        {
            "x":526,
            "y":612,
            "w":93,
            "h":11,
            "index":123
        },
        {
            "x":619,
            "y":613,
            "w":1,
            "h":1,
            "index":124
        },
        {
            "x":526,
            "y":616,
            "w":110,
            "h":85,
            "index":125
        },
        {
            "x":552,
            "y":618,
            "w":38,
            "h":2,
            "index":126
        },
        {
            "x":759,
            "y":624,
            "w":66,
            "h":86,
            "index":127
        },
        {
            "x":826,
            "y":624,
            "w":43,
            "h":86,
            "index":128
        },
        {
            "x":618,
            "y":630,
            "w":64,
            "h":64,
            "index":129
        },
        {
            "x":547,
            "y":636,
            "w":46,
            "h":40,
            "index":130
        },
        {
            "x":912,
            "y":636,
            "w":69,
            "h":46,
            "index":131
        },
        {
            "x":835,
            "y":640,
            "w":69,
            "h":44,
            "index":132
        },
        {
            "x":684,
            "y":649,
            "w":1,
            "h":1,
            "index":133
        },
        {
            "x":668,
            "y":651,
            "w":36,
            "h":54,
            "index":134
        },
        {
            "x":899,
            "y":658,
            "w":14,
            "h":46,
            "index":135
        },
        {
            "x":50,
            "y":664,
            "w":13,
            "h":15,
            "index":136
        },
        {
            "x":464,
            "y":665,
            "w":21,
            "h":16,
            "index":137
        },
        {
            "x":474,
            "y":666,
            "w":49,
            "h":54,
            "index":138
        },
        {
            "x":589,
            "y":670,
            "w":12,
            "h":16,
            "index":139
        },
        {
            "x":872,
            "y":671,
            "w":26,
            "h":21,
            "index":140
        },
        {
            "x":502,
            "y":672,
            "w":44,
            "h":46,
            "index":141
        },
        {
            "x":575,
            "y":672,
            "w":14,
            "h":9,
            "index":142
        },
        {
            "x":570,
            "y":673,
            "w":2,
            "h":2,
            "index":143
        },
        {
            "x":457,
            "y":677,
            "w":16,
            "h":35,
            "index":144
        },
        {
            "x":583,
            "y":680,
            "w":5,
            "h":8,
            "index":145
        },
        {
            "x":590,
            "y":686,
            "w":108,
            "h":31,
            "index":146
        },
        {
            "x":748,
            "y":690,
            "w":10,
            "h":23,
            "index":147
        },
        {
            "x":279,
            "y":692,
            "w":194,
            "h":108,
            "index":148
        },
        {
            "x":863,
            "y":695,
            "w":33,
            "h":8,
            "index":149
        },
        {
            "x":917,
            "y":695,
            "w":34,
            "h":9,
            "index":150
        },
        {
            "x":541,
            "y":701,
            "w":24,
            "h":17,
            "index":151
        },
        {
            "x":861,
            "y":703,
            "w":92,
            "h":23,
            "index":152
        },
        {
            "x":568,
            "y":705,
            "w":16,
            "h":7,
            "index":153
        },
        {
            "x":991,
            "y":706,
            "w":14,
            "h":15,
            "index":154
        },
        {
            "x":600,
            "y":707,
            "w":145,
            "h":137,
            "index":155
        },
        {
            "x":528,
            "y":708,
            "w":131,
            "h":130,
            "index":156
        },
        {
            "x":482,
            "y":710,
            "w":15,
            "h":10,
            "index":157
        },
        {
            "x":446,
            "y":712,
            "w":103,
            "h":30,
            "index":158
        },
        {
            "x":722,
            "y":712,
            "w":120,
            "h":205,
            "index":159
        },
        {
            "x":797,
            "y":712,
            "w":28,
            "h":19,
            "index":160
        },
        {
            "x":826,
            "y":712,
            "w":42,
            "h":47,
            "index":161
        },
        {
            "x":243,
            "y":720,
            "w":8,
            "h":13,
            "index":162
        },
        {
            "x":868,
            "y":726,
            "w":79,
            "h":44,
            "index":163
        },
        {
            "x":247,
            "y":727,
            "w":16,
            "h":13,
            "index":164
        },
        {
            "x":71,
            "y":730,
            "w":14,
            "h":14,
            "index":165
        },
        {
            "x":210,
            "y":731,
            "w":66,
            "h":37,
            "index":166
        },
        {
            "x":264,
            "y":733,
            "w":16,
            "h":9,
            "index":167
        },
        {
            "x":466,
            "y":745,
            "w":64,
            "h":37,
            "index":168
        },
        {
            "x":147,
            "y":753,
            "w":36,
            "h":80,
            "index":169
        },
        {
            "x":169,
            "y":755,
            "w":129,
            "h":27,
            "index":170
        },
        {
            "x":13,
            "y":756,
            "w":12,
            "h":13,
            "index":171
        },
        {
            "x":842,
            "y":756,
            "w":135,
            "h":25,
            "index":172
        },
        {
            "x":709,
            "y":762,
            "w":38,
            "h":20,
            "index":173
        },
        {
            "x":451,
            "y":766,
            "w":21,
            "h":15,
            "index":174
        },
        {
            "x":405,
            "y":767,
            "w":44,
            "h":133,
            "index":175
        },
        {
            "x":359,
            "y":776,
            "w":59,
            "h":131,
            "index":176
        },
        {
            "x":845,
            "y":776,
            "w":132,
            "h":25,
            "index":177
        },
        {
            "x":76,
            "y":784,
            "w":15,
            "h":17,
            "index":178
        },
        {
            "x":168,
            "y":784,
            "w":190,
            "h":29,
            "index":179
        },
        {
            "x":442,
            "y":784,
            "w":83,
            "h":29,
            "index":180
        },
        {
            "x":675,
            "y":784,
            "w":72,
            "h":29,
            "index":181
        },
        {
            "x":835,
            "y":800,
            "w":16,
            "h":35,
            "index":182
        },
        {
            "x":946,
            "y":800,
            "w":44,
            "h":141,
            "index":183
        },
        {
            "x":830,
            "y":802,
            "w":45,
            "h":140,
            "index":184
        },
        {
            "x":926,
            "y":804,
            "w":24,
            "h":43,
            "index":185
        },
        {
            "x":872,
            "y":805,
            "w":27,
            "h":42,
            "index":186
        },
        {
            "x":903,
            "y":805,
            "w":21,
            "h":149,
            "index":187
        },
        {
            "x":187,
            "y":817,
            "w":625,
            "h":137,
            "index":188
        },
        {
            "x":430,
            "y":817,
            "w":98,
            "h":20,
            "index":189
        },
        {
            "x":673,
            "y":817,
            "w":62,
            "h":20,
            "index":190
        },
        {
            "x":147,
            "y":834,
            "w":36,
            "h":71,
            "index":191
        },
        {
            "x":213,
            "y":836,
            "w":399,
            "h":91,
            "index":192
        },
        {
            "x":826,
            "y":836,
            "w":18,
            "h":57,
            "index":193
        },
        {
            "x":620,
            "y":840,
            "w":164,
            "h":87,
            "index":194
        },
        {
            "x":513,
            "y":841,
            "w":72,
            "h":75,
            "index":195
        },
        {
            "x":587,
            "y":846,
            "w":74,
            "h":81,
            "index":196
        },
        {
            "x":872,
            "y":849,
            "w":27,
            "h":14,
            "index":197
        },
        {
            "x":927,
            "y":849,
            "w":26,
            "h":14,
            "index":198
        },
        {
            "x":979,
            "y":849,
            "w":45,
            "h":44,
            "index":199
        },
        {
            "x":0,
            "y":850,
            "w":143,
            "h":43,
            "index":200
        },
        {
            "x":815,
            "y":851,
            "w":10,
            "h":42,
            "index":201
        },
        {
            "x":867,
            "y":860,
            "w":2,
            "h":3,
            "index":202
        },
        {
            "x":864,
            "y":866,
            "w":35,
            "h":17,
            "index":203
        },
        {
            "x":927,
            "y":866,
            "w":35,
            "h":18,
            "index":204
        },
        {
            "x":860,
            "y":887,
            "w":8,
            "h":18,
            "index":205
        },
        {
            "x":872,
            "y":887,
            "w":27,
            "h":6,
            "index":206
        },
        {
            "x":927,
            "y":887,
            "w":31,
            "h":6,
            "index":207
        },
        {
            "x":0,
            "y":896,
            "w":1024,
            "h":128,
            "index":208
        }
    ]
}