{
    "image":"game.png",
    "width":1024,
    "height":1024,
    "selectTab":{
        "id":"01"
    },
    "selectColor":{
        "id":"FCCFCA",
        "color":"#FCCFCA"
    },
    "list":[
        {
            "x":0,
            "y":0,
            "w":1024,
            "h":1024,
            "index":0
        },
        {
            "x":352,
            "y":137,
            "w":432,
            "h":766,
            "index":1
        },
        {
            "x":346,
            "y":152,
            "w":77,
            "h":83,
            "index":2
        },
        {
            "x":618,
            "y":172,
            "w":45,
            "h":46,
            "index":3
        },
        {
            "x":368,
            "y":182,
            "w":35,
            "h":37,
            "index":4
        },
        {
            "x":354,
            "y":205,
            "w":274,
            "h":237,
            "index":5
        },
        {
            "x":392,
            "y":284,
            "w":253,
            "h":225,
            "index":6
        },
        {
            "x":562,
            "y":338,
            "w":16,
            "h":14,
            "index":7
        },
        {
            "x":354,
            "y":351,
            "w":29,
            "h":110,
            "index":8
        },
        {
            "x":609,
            "y":387,
            "w":43,
            "h":68,
            "index":9
        },
        {
            "x":370,
            "y":402,
            "w":38,
            "h":76,
            "index":10
        },
        {
            "x":388,
            "y":417,
            "w":95,
            "h":109,
            "index":11
        },
        {
            "x":589,
            "y":425,
            "w":26,
            "h":65,
            "index":12
        },
        {
            "x":644,
            "y":427,
            "w":8,
            "h":21,
            "index":13
        },
        {
            "x":602,
            "y":439,
            "w":46,
            "h":69,
            "index":14
        },
        {
            "x":322,
            "y":452,
            "w":166,
            "h":220,
            "index":15
        },
        {
            "x":553,
            "y":463,
            "w":36,
            "h":64,
            "index":16
        },
        {
            "x":574,
            "y":479,
            "w":30,
            "h":62,
            "index":17
        },
        {
            "x":463,
            "y":482,
            "w":99,
            "h":118,
            "index":18
        },
        {
            "x":592,
            "y":495,
            "w":44,
            "h":58,
            "index":19
        },
        {
            "x":547,
            "y":518,
            "w":38,
            "h":98,
            "index":20
        },
        {
            "x":570,
            "y":533,
            "w":26,
            "h":49,
            "index":21
        },
        {
            "x":588,
            "y":543,
            "w":36,
            "h":42,
            "index":22
        },
        {
            "x":473,
            "y":581,
            "w":105,
            "h":86,
            "index":23
        },
        {
            "x":584,
            "y":585,
            "w":23,
            "h":15,
            "index":24
        },
        {
            "x":132,
            "y":590,
            "w":318,
            "h":97,
            "index":25
        },
        {
            "x":121,
            "y":591,
            "w":341,
            "h":102,
            "index":26
        },
        {
            "x":122,
            "y":597,
            "w":180,
            "h":285,
            "index":27
        },
        {
            "x":577,
            "y":600,
            "w":40,
            "h":48,
            "index":28
        },
        {
            "x":462,
            "y":635,
            "w":89,
            "h":218,
            "index":29
        },
        {
            "x":272,
            "y":638,
            "w":275,
            "h":256,
            "index":30
        },
        {
            "x":224,
            "y":687,
            "w":129,
            "h":217,
            "index":31
        },
        {
            "x":163,
            "y":699,
            "w":67,
            "h":118,
            "index":32
        },
        {
            "x":175,
            "y":787,
            "w":76,
            "h":67,
            "index":33
        },
        {
            "x":169,
            "y":807,
            "w":132,
            "h":94,
            "index":34
        },
        {
            "x":413,
            "y":872,
            "w":348,
            "h":85,
            "index":35
        }
    ]
}