{
    "image":"game.png",
    "width":1024,
    "height":1024,
    "selectTab":{
        "id":"01"
    },
    "selectColor":{
        "id":"FCCFCA",
        "color":"#FCCFCA"
    },
    "list":[
        {
            "x":0,
            "y":0,
            "w":79,
            "h":31,
            "index":0
        },
        {
            "x":46,
            "y":0,
            "w":138,
            "h":60,
            "index":1
        },
        {
            "x":151,
            "y":0,
            "w":29,
            "h":25,
            "index":2
        },
        {
            "x":186,
            "y":0,
            "w":31,
            "h":31,
            "index":3
        },
        {
            "x":214,
            "y":0,
            "w":585,
            "h":98,
            "index":4
        },
        {
            "x":243,
            "y":0,
            "w":526,
            "h":69,
            "index":5
        },
        {
            "x":317,
            "y":0,
            "w":35,
            "h":29,
            "index":6
        },
        {
            "x":370,
            "y":0,
            "w":38,
            "h":13,
            "index":7
        },
        {
            "x":424,
            "y":0,
            "w":36,
            "h":29,
            "index":8
        },
        {
            "x":487,
            "y":0,
            "w":35,
            "h":28,
            "index":9
        },
        {
            "x":550,
            "y":0,
            "w":34,
            "h":29,
            "index":10
        },
        {
            "x":613,
            "y":0,
            "w":31,
            "h":31,
            "index":11
        },
        {
            "x":653,
            "y":0,
            "w":42,
            "h":29,
            "index":12
        },
        {
            "x":797,
            "y":0,
            "w":34,
            "h":31,
            "index":13
        },
        {
            "x":837,
            "y":0,
            "w":29,
            "h":28,
            "index":14
        },
        {
            "x":833,
            "y":0,
            "w":139,
            "h":59,
            "index":15
        },
        {
            "x":941,
            "y":0,
            "w":83,
            "h":31,
            "index":16
        },
        {
            "x":0,
            "y":37,
            "w":180,
            "h":365,
            "index":17
        },
        {
            "x":185,
            "y":37,
            "w":140,
            "h":365,
            "index":18
        },
        {
            "x":695,
            "y":37,
            "w":137,
            "h":365,
            "index":19
        },
        {
            "x":837,
            "y":38,
            "w":187,
            "h":364,
            "index":20
        },
        {
            "x":87,
            "y":61,
            "w":56,
            "h":36,
            "index":21
        },
        {
            "x":876,
            "y":61,
            "w":55,
            "h":35,
            "index":22
        },
        {
            "x":151,
            "y":62,
            "w":33,
            "h":12,
            "index":23
        },
        {
            "x":836,
            "y":62,
            "w":32,
            "h":12,
            "index":24
        },
        {
            "x":938,
            "y":62,
            "w":33,
            "h":13,
            "index":25
        },
        {
            "x":51,
            "y":63,
            "w":30,
            "h":11,
            "index":26
        },
        {
            "x":331,
            "y":94,
            "w":169,
            "h":159,
            "index":27
        },
        {
            "x":506,
            "y":94,
            "w":183,
            "h":159,
            "index":28
        },
        {
            "x":297,
            "y":129,
            "w":164,
            "h":179,
            "index":29
        },
        {
            "x":505,
            "y":139,
            "w":55,
            "h":11,
            "index":30
        },
        {
            "x":610,
            "y":142,
            "w":48,
            "h":10,
            "index":31
        },
        {
            "x":486,
            "y":156,
            "w":91,
            "h":97,
            "index":32
        },
        {
            "x":590,
            "y":158,
            "w":88,
            "h":95,
            "index":33
        },
        {
            "x":56,
            "y":172,
            "w":7,
            "h":14,
            "index":34
        },
        {
            "x":36,
            "y":177,
            "w":80,
            "h":75,
            "index":35
        },
        {
            "x":770,
            "y":181,
            "w":220,
            "h":256,
            "index":36
        },
        {
            "x":201,
            "y":187,
            "w":9,
            "h":18,
            "index":37
        },
        {
            "x":218,
            "y":190,
            "w":46,
            "h":47,
            "index":38
        },
        {
            "x":508,
            "y":193,
            "w":44,
            "h":47,
            "index":39
        },
        {
            "x":143,
            "y":194,
            "w":52,
            "h":34,
            "index":40
        },
        {
            "x":615,
            "y":196,
            "w":42,
            "h":46,
            "index":41
        },
        {
            "x":125,
            "y":197,
            "w":9,
            "h":17,
            "index":42
        },
        {
            "x":796,
            "y":209,
            "w":168,
            "h":126,
            "index":43
        },
        {
            "x":174,
            "y":212,
            "w":60,
            "h":49,
            "index":44
        },
        {
            "x":86,
            "y":215,
            "w":75,
            "h":53,
            "index":45
        },
        {
            "x":29,
            "y":222,
            "w":243,
            "h":99,
            "index":46
        },
        {
            "x":137,
            "y":242,
            "w":56,
            "h":28,
            "index":47
        },
        {
            "x":824,
            "y":243,
            "w":33,
            "h":11,
            "index":48
        },
        {
            "x":905,
            "y":243,
            "w":33,
            "h":11,
            "index":49
        },
        {
            "x":381,
            "y":248,
            "w":9,
            "h":6,
            "index":50
        },
        {
            "x":582,
            "y":250,
            "w":3,
            "h":4,
            "index":51
        },
        {
            "x":816,
            "y":260,
            "w":49,
            "h":29,
            "index":52
        },
        {
            "x":898,
            "y":260,
            "w":49,
            "h":26,
            "index":53
        },
        {
            "x":354,
            "y":261,
            "w":379,
            "h":308,
            "index":54
        },
        {
            "x":862,
            "y":276,
            "w":55,
            "h":58,
            "index":55
        },
        {
            "x":347,
            "y":288,
            "w":358,
            "h":149,
            "index":56
        },
        {
            "x":811,
            "y":288,
            "w":53,
            "h":31,
            "index":57
        },
        {
            "x":916,
            "y":288,
            "w":33,
            "h":31,
            "index":58
        },
        {
            "x":319,
            "y":293,
            "w":22,
            "h":248,
            "index":59
        },
        {
            "x":78,
            "y":311,
            "w":20,
            "h":40,
            "index":60
        },
        {
            "x":467,
            "y":316,
            "w":39,
            "h":16,
            "index":61
        },
        {
            "x":194,
            "y":317,
            "w":20,
            "h":34,
            "index":62
        },
        {
            "x":378,
            "y":317,
            "w":38,
            "h":15,
            "index":63
        },
        {
            "x":646,
            "y":317,
            "w":37,
            "h":15,
            "index":64
        },
        {
            "x":558,
            "y":318,
            "w":39,
            "h":14,
            "index":65
        },
        {
            "x":813,
            "y":324,
            "w":51,
            "h":10,
            "index":66
        },
        {
            "x":911,
            "y":325,
            "w":37,
            "h":9,
            "index":67
        },
        {
            "x":364,
            "y":338,
            "w":64,
            "h":47,
            "index":68
        },
        {
            "x":454,
            "y":338,
            "w":64,
            "h":47,
            "index":69
        },
        {
            "x":545,
            "y":338,
            "w":63,
            "h":47,
            "index":70
        },
        {
            "x":631,
            "y":338,
            "w":64,
            "h":48,
            "index":71
        },
        {
            "x":796,
            "y":342,
            "w":167,
            "h":12,
            "index":72
        },
        {
            "x":796,
            "y":361,
            "w":168,
            "h":75,
            "index":73
        },
        {
            "x":32,
            "y":368,
            "w":312,
            "h":456,
            "index":74
        },
        {
            "x":544,
            "y":377,
            "w":65,
            "h":48,
            "index":75
        },
        {
            "x":452,
            "y":378,
            "w":66,
            "h":47,
            "index":76
        },
        {
            "x":631,
            "y":378,
            "w":65,
            "h":47,
            "index":77
        },
        {
            "x":362,
            "y":379,
            "w":66,
            "h":46,
            "index":78
        },
        {
            "x":822,
            "y":385,
            "w":34,
            "h":13,
            "index":79
        },
        {
            "x":903,
            "y":386,
            "w":35,
            "h":14,
            "index":80
        },
        {
            "x":816,
            "y":405,
            "w":47,
            "h":31,
            "index":81
        },
        {
            "x":895,
            "y":406,
            "w":52,
            "h":30,
            "index":82
        },
        {
            "x":185,
            "y":407,
            "w":31,
            "h":47,
            "index":83
        },
        {
            "x":740,
            "y":407,
            "w":22,
            "h":57,
            "index":84
        },
        {
            "x":0,
            "y":408,
            "w":78,
            "h":275,
            "index":85
        },
        {
            "x":143,
            "y":408,
            "w":36,
            "h":49,
            "index":86
        },
        {
            "x":295,
            "y":408,
            "w":17,
            "h":102,
            "index":87
        },
        {
            "x":997,
            "y":408,
            "w":27,
            "h":47,
            "index":88
        },
        {
            "x":452,
            "y":421,
            "w":66,
            "h":16,
            "index":89
        },
        {
            "x":545,
            "y":421,
            "w":62,
            "h":16,
            "index":90
        },
        {
            "x":363,
            "y":422,
            "w":65,
            "h":15,
            "index":91
        },
        {
            "x":631,
            "y":422,
            "w":65,
            "h":15,
            "index":92
        },
        {
            "x":347,
            "y":444,
            "w":358,
            "h":18,
            "index":93
        },
        {
            "x":732,
            "y":444,
            "w":292,
            "h":493,
            "index":94
        },
        {
            "x":501,
            "y":467,
            "w":365,
            "h":557,
            "index":95
        },
        {
            "x":347,
            "y":468,
            "w":253,
            "h":150,
            "index":96
        },
        {
            "x":644,
            "y":468,
            "w":61,
            "h":99,
            "index":97
        },
        {
            "x":775,
            "y":477,
            "w":230,
            "h":161,
            "index":98
        },
        {
            "x":378,
            "y":491,
            "w":37,
            "h":15,
            "index":99
        },
        {
            "x":468,
            "y":491,
            "w":38,
            "h":15,
            "index":100
        },
        {
            "x":558,
            "y":491,
            "w":32,
            "h":15,
            "index":101
        },
        {
            "x":665,
            "y":491,
            "w":19,
            "h":16,
            "index":102
        },
        {
            "x":365,
            "y":512,
            "w":62,
            "h":51,
            "index":103
        },
        {
            "x":454,
            "y":512,
            "w":65,
            "h":51,
            "index":104
        },
        {
            "x":545,
            "y":512,
            "w":43,
            "h":52,
            "index":105
        },
        {
            "x":677,
            "y":513,
            "w":3,
            "h":5,
            "index":106
        },
        {
            "x":867,
            "y":519,
            "w":33,
            "h":14,
            "index":107
        },
        {
            "x":943,
            "y":519,
            "w":32,
            "h":15,
            "index":108
        },
        {
            "x":680,
            "y":523,
            "w":2,
            "h":3,
            "index":109
        },
        {
            "x":686,
            "y":535,
            "w":9,
            "h":32,
            "index":110
        },
        {
            "x":762,
            "y":539,
            "w":46,
            "h":70,
            "index":111
        },
        {
            "x":855,
            "y":540,
            "w":56,
            "h":98,
            "index":112
        },
        {
            "x":931,
            "y":540,
            "w":55,
            "h":98,
            "index":113
        },
        {
            "x":85,
            "y":550,
            "w":221,
            "h":164,
            "index":114
        },
        {
            "x":364,
            "y":556,
            "w":64,
            "h":49,
            "index":115
        },
        {
            "x":453,
            "y":556,
            "w":66,
            "h":49,
            "index":116
        },
        {
            "x":543,
            "y":557,
            "w":52,
            "h":48,
            "index":117
        },
        {
            "x":231,
            "y":591,
            "w":49,
            "h":51,
            "index":118
        },
        {
            "x":120,
            "y":598,
            "w":55,
            "h":54,
            "index":119
        },
        {
            "x":364,
            "y":602,
            "w":64,
            "h":16,
            "index":120
        },
        {
            "x":454,
            "y":602,
            "w":65,
            "h":16,
            "index":121
        },
        {
            "x":543,
            "y":602,
            "w":40,
            "h":16,
            "index":122
        },
        {
            "x":349,
            "y":625,
            "w":219,
            "h":20,
            "index":123
        },
        {
            "x":251,
            "y":628,
            "w":8,
            "h":15,
            "index":124
        },
        {
            "x":152,
            "y":634,
            "w":9,
            "h":15,
            "index":125
        },
        {
            "x":195,
            "y":641,
            "w":20,
            "h":15,
            "index":126
        },
        {
            "x":345,
            "y":651,
            "w":201,
            "h":157,
            "index":127
        },
        {
            "x":569,
            "y":660,
            "w":229,
            "h":177,
            "index":128
        },
        {
            "x":266,
            "y":661,
            "w":15,
            "h":14,
            "index":129
        },
        {
            "x":319,
            "y":665,
            "w":22,
            "h":78,
            "index":130
        },
        {
            "x":118,
            "y":668,
            "w":16,
            "h":20,
            "index":131
        },
        {
            "x":242,
            "y":675,
            "w":15,
            "h":13,
            "index":132
        },
        {
            "x":137,
            "y":677,
            "w":12,
            "h":10,
            "index":133
        },
        {
            "x":260,
            "y":678,
            "w":8,
            "h":10,
            "index":134
        },
        {
            "x":214,
            "y":681,
            "w":18,
            "h":15,
            "index":135
        },
        {
            "x":163,
            "y":683,
            "w":16,
            "h":14,
            "index":136
        },
        {
            "x":377,
            "y":684,
            "w":156,
            "h":92,
            "index":137
        },
        {
            "x":145,
            "y":685,
            "w":17,
            "h":15,
            "index":138
        },
        {
            "x":190,
            "y":685,
            "w":16,
            "h":12,
            "index":139
        },
        {
            "x":233,
            "y":687,
            "w":15,
            "h":11,
            "index":140
        },
        {
            "x":0,
            "y":689,
            "w":75,
            "h":119,
            "index":141
        },
        {
            "x":174,
            "y":691,
            "w":18,
            "h":12,
            "index":142
        },
        {
            "x":204,
            "y":692,
            "w":14,
            "h":10,
            "index":143
        },
        {
            "x":847,
            "y":696,
            "w":151,
            "h":130,
            "index":144
        },
        {
            "x":302,
            "y":697,
            "w":10,
            "h":16,
            "index":145
        },
        {
            "x":598,
            "y":713,
            "w":48,
            "h":55,
            "index":146
        },
        {
            "x":702,
            "y":721,
            "w":56,
            "h":55,
            "index":147
        },
        {
            "x":890,
            "y":732,
            "w":75,
            "h":63,
            "index":148
        },
        {
            "x":631,
            "y":738,
            "w":7,
            "h":17,
            "index":149
        },
        {
            "x":497,
            "y":741,
            "w":35,
            "h":25,
            "index":150
        },
        {
            "x":733,
            "y":749,
            "w":8,
            "h":14,
            "index":151
        },
        {
            "x":132,
            "y":754,
            "w":138,
            "h":72,
            "index":152
        },
        {
            "x":658,
            "y":764,
            "w":21,
            "h":16,
            "index":153
        },
        {
            "x":397,
            "y":768,
            "w":198,
            "h":149,
            "index":154
        },
        {
            "x":605,
            "y":792,
            "w":17,
            "h":16,
            "index":155
        },
        {
            "x":723,
            "y":799,
            "w":27,
            "h":18,
            "index":156
        },
        {
            "x":452,
            "y":800,
            "w":49,
            "h":19,
            "index":157
        },
        {
            "x":630,
            "y":803,
            "w":19,
            "h":15,
            "index":158
        },
        {
            "x":660,
            "y":809,
            "w":22,
            "h":14,
            "index":159
        },
        {
            "x":690,
            "y":809,
            "w":24,
            "h":14,
            "index":160
        },
        {
            "x":124,
            "y":812,
            "w":13,
            "h":11,
            "index":161
        },
        {
            "x":0,
            "y":815,
            "w":418,
            "h":36,
            "index":162
        },
        {
            "x":444,
            "y":824,
            "w":77,
            "h":149,
            "index":163
        },
        {
            "x":0,
            "y":858,
            "w":405,
            "h":29,
            "index":164
        },
        {
            "x":0,
            "y":894,
            "w":15,
            "h":130,
            "index":165
        },
        {
            "x":21,
            "y":894,
            "w":346,
            "h":130,
            "index":166
        },
        {
            "x":374,
            "y":894,
            "w":25,
            "h":130,
            "index":167
        },
        {
            "x":42,
            "y":909,
            "w":38,
            "h":15,
            "index":168
        },
        {
            "x":208,
            "y":909,
            "w":39,
            "h":15,
            "index":169
        },
        {
            "x":292,
            "y":909,
            "w":39,
            "h":15,
            "index":170
        },
        {
            "x":125,
            "y":910,
            "w":38,
            "h":14,
            "index":171
        },
        {
            "x":405,
            "y":924,
            "w":59,
            "h":71,
            "index":172
        },
        {
            "x":29,
            "y":931,
            "w":61,
            "h":93,
            "index":173
        },
        {
            "x":113,
            "y":931,
            "w":60,
            "h":93,
            "index":174
        },
        {
            "x":195,
            "y":931,
            "w":62,
            "h":93,
            "index":175
        },
        {
            "x":280,
            "y":931,
            "w":61,
            "h":93,
            "index":176
        },
        {
            "x":977,
            "y":941,
            "w":47,
            "h":55,
            "index":177
        },
        {
            "x":859,
            "y":945,
            "w":148,
            "h":32,
            "index":178
        },
        {
            "x":462,
            "y":947,
            "w":125,
            "h":77,
            "index":179
        },
        {
            "x":755,
            "y":966,
            "w":10,
            "h":36,
            "index":180
        },
        {
            "x":766,
            "y":982,
            "w":114,
            "h":42,
            "index":181
        },
        {
            "x":868,
            "y":984,
            "w":107,
            "h":12,
            "index":182
        },
        {
            "x":986,
            "y":997,
            "w":38,
            "h":27,
            "index":183
        },
        {
            "x":405,
            "y":1001,
            "w":55,
            "h":23,
            "index":184
        },
        {
            "x":879,
            "y":1001,
            "w":112,
            "h":23,
            "index":185
        },
        {
            "x":751,
            "y":1012,
            "w":25,
            "h":12,
            "index":186
        }
    ]
}