{
    "image":"game.png",
    "width":1024,
    "height":1024,
    "selectTab":{
        "id":"01"
    },
    "selectColor":{
        "id":"FCCFCA",
        "color":"#FCCFCA"
    },
    "list":[
        {
            "x":0,
            "y":0,
            "w":957,
            "h":14,
            "index":0
        },
        {
            "x":961,
            "y":0,
            "w":63,
            "h":144,
            "index":1
        },
        {
            "x":0,
            "y":9,
            "w":962,
            "h":25,
            "index":2
        },
        {
            "x":0,
            "y":32,
            "w":55,
            "h":12,
            "index":3
        },
        {
            "x":62,
            "y":37,
            "w":131,
            "h":86,
            "index":4
        },
        {
            "x":199,
            "y":37,
            "w":120,
            "h":85,
            "index":5
        },
        {
            "x":325,
            "y":38,
            "w":109,
            "h":83,
            "index":6
        },
        {
            "x":439,
            "y":38,
            "w":110,
            "h":81,
            "index":7
        },
        {
            "x":554,
            "y":38,
            "w":102,
            "h":79,
            "index":8
        },
        {
            "x":662,
            "y":38,
            "w":107,
            "h":84,
            "index":9
        },
        {
            "x":774,
            "y":39,
            "w":102,
            "h":79,
            "index":10
        },
        {
            "x":881,
            "y":39,
            "w":88,
            "h":79,
            "index":11
        },
        {
            "x":0,
            "y":49,
            "w":40,
            "h":18,
            "index":12
        },
        {
            "x":0,
            "y":55,
            "w":785,
            "h":701,
            "index":13
        },
        {
            "x":790,
            "y":98,
            "w":234,
            "h":223,
            "index":14
        },
        {
            "x":547,
            "y":133,
            "w":114,
            "h":217,
            "index":15
        },
        {
            "x":68,
            "y":145,
            "w":18,
            "h":16,
            "index":16
        },
        {
            "x":419,
            "y":156,
            "w":183,
            "h":232,
            "index":17
        },
        {
            "x":609,
            "y":161,
            "w":162,
            "h":256,
            "index":18
        },
        {
            "x":24,
            "y":168,
            "w":106,
            "h":30,
            "index":19
        },
        {
            "x":825,
            "y":174,
            "w":199,
            "h":265,
            "index":20
        },
        {
            "x":34,
            "y":205,
            "w":6,
            "h":46,
            "index":21
        },
        {
            "x":44,
            "y":205,
            "w":23,
            "h":46,
            "index":22
        },
        {
            "x":72,
            "y":205,
            "w":29,
            "h":46,
            "index":23
        },
        {
            "x":106,
            "y":205,
            "w":16,
            "h":46,
            "index":24
        },
        {
            "x":857,
            "y":209,
            "w":167,
            "h":187,
            "index":25
        },
        {
            "x":298,
            "y":236,
            "w":35,
            "h":50,
            "index":26
        },
        {
            "x":255,
            "y":238,
            "w":35,
            "h":46,
            "index":27
        },
        {
            "x":948,
            "y":243,
            "w":4,
            "h":5,
            "index":28
        },
        {
            "x":230,
            "y":244,
            "w":18,
            "h":47,
            "index":29
        },
        {
            "x":345,
            "y":245,
            "w":38,
            "h":45,
            "index":30
        },
        {
            "x":942,
            "y":255,
            "w":16,
            "h":5,
            "index":31
        },
        {
            "x":165,
            "y":256,
            "w":55,
            "h":58,
            "index":32
        },
        {
            "x":24,
            "y":258,
            "w":107,
            "h":7,
            "index":33
        },
        {
            "x":0,
            "y":259,
            "w":2,
            "h":50,
            "index":34
        },
        {
            "x":359,
            "y":261,
            "w":9,
            "h":14,
            "index":35
        },
        {
            "x":891,
            "y":266,
            "w":120,
            "h":68,
            "index":36
        },
        {
            "x":61,
            "y":275,
            "w":33,
            "h":22,
            "index":37
        },
        {
            "x":938,
            "y":289,
            "w":7,
            "h":8,
            "index":38
        },
        {
            "x":910,
            "y":290,
            "w":12,
            "h":18,
            "index":39
        },
        {
            "x":756,
            "y":311,
            "w":87,
            "h":151,
            "index":40
        },
        {
            "x":0,
            "y":313,
            "w":2,
            "h":443,
            "index":41
        },
        {
            "x":415,
            "y":315,
            "w":186,
            "h":97,
            "index":42
        },
        {
            "x":30,
            "y":327,
            "w":96,
            "h":51,
            "index":43
        },
        {
            "x":211,
            "y":327,
            "w":33,
            "h":47,
            "index":44
        },
        {
            "x":256,
            "y":327,
            "w":37,
            "h":48,
            "index":45
        },
        {
            "x":305,
            "y":327,
            "w":27,
            "h":46,
            "index":46
        },
        {
            "x":345,
            "y":327,
            "w":24,
            "h":46,
            "index":47
        },
        {
            "x":675,
            "y":342,
            "w":87,
            "h":165,
            "index":48
        },
        {
            "x":64,
            "y":347,
            "w":5,
            "h":11,
            "index":49
        },
        {
            "x":89,
            "y":347,
            "w":6,
            "h":11,
            "index":50
        },
        {
            "x":647,
            "y":386,
            "w":97,
            "h":107,
            "index":51
        },
        {
            "x":61,
            "y":402,
            "w":270,
            "h":398,
            "index":52
        },
        {
            "x":458,
            "y":412,
            "w":277,
            "h":399,
            "index":53
        },
        {
            "x":762,
            "y":422,
            "w":170,
            "h":100,
            "index":54
        },
        {
            "x":766,
            "y":423,
            "w":53,
            "h":72,
            "index":55
        },
        {
            "x":297,
            "y":425,
            "w":53,
            "h":100,
            "index":56
        },
        {
            "x":441,
            "y":434,
            "w":58,
            "h":87,
            "index":57
        },
        {
            "x":934,
            "y":444,
            "w":90,
            "h":16,
            "index":58
        },
        {
            "x":854,
            "y":465,
            "w":170,
            "h":170,
            "index":59
        },
        {
            "x":784,
            "y":489,
            "w":72,
            "h":41,
            "index":60
        },
        {
            "x":722,
            "y":493,
            "w":37,
            "h":113,
            "index":61
        },
        {
            "x":904,
            "y":495,
            "w":72,
            "h":75,
            "index":62
        },
        {
            "x":846,
            "y":511,
            "w":71,
            "h":70,
            "index":63
        },
        {
            "x":971,
            "y":512,
            "w":30,
            "h":34,
            "index":64
        },
        {
            "x":768,
            "y":513,
            "w":90,
            "h":104,
            "index":65
        },
        {
            "x":742,
            "y":536,
            "w":64,
            "h":100,
            "index":66
        },
        {
            "x":378,
            "y":545,
            "w":21,
            "h":16,
            "index":67
        },
        {
            "x":534,
            "y":551,
            "w":18,
            "h":21,
            "index":68
        },
        {
            "x":928,
            "y":554,
            "w":82,
            "h":53,
            "index":69
        },
        {
            "x":400,
            "y":556,
            "w":20,
            "h":20,
            "index":70
        },
        {
            "x":359,
            "y":558,
            "w":20,
            "h":20,
            "index":71
        },
        {
            "x":692,
            "y":561,
            "w":27,
            "h":24,
            "index":72
        },
        {
            "x":381,
            "y":566,
            "w":18,
            "h":14,
            "index":73
        },
        {
            "x":910,
            "y":567,
            "w":12,
            "h":27,
            "index":74
        },
        {
            "x":915,
            "y":569,
            "w":26,
            "h":38,
            "index":75
        },
        {
            "x":229,
            "y":576,
            "w":58,
            "h":86,
            "index":76
        },
        {
            "x":891,
            "y":576,
            "w":17,
            "h":31,
            "index":77
        },
        {
            "x":340,
            "y":578,
            "w":100,
            "h":32,
            "index":78
        },
        {
            "x":37,
            "y":581,
            "w":89,
            "h":224,
            "index":79
        },
        {
            "x":661,
            "y":582,
            "w":72,
            "h":229,
            "index":80
        },
        {
            "x":862,
            "y":583,
            "w":30,
            "h":22,
            "index":81
        },
        {
            "x":950,
            "y":600,
            "w":14,
            "h":5,
            "index":82
        },
        {
            "x":796,
            "y":601,
            "w":24,
            "h":33,
            "index":83
        },
        {
            "x":853,
            "y":603,
            "w":122,
            "h":35,
            "index":84
        },
        {
            "x":469,
            "y":605,
            "w":53,
            "h":10,
            "index":85
        },
        {
            "x":342,
            "y":606,
            "w":96,
            "h":38,
            "index":86
        },
        {
            "x":739,
            "y":606,
            "w":18,
            "h":49,
            "index":87
        },
        {
            "x":64,
            "y":608,
            "w":51,
            "h":51,
            "index":88
        },
        {
            "x":825,
            "y":610,
            "w":28,
            "h":87,
            "index":89
        },
        {
            "x":664,
            "y":611,
            "w":42,
            "h":58,
            "index":90
        },
        {
            "x":467,
            "y":616,
            "w":58,
            "h":47,
            "index":91
        },
        {
            "x":530,
            "y":617,
            "w":18,
            "h":33,
            "index":92
        },
        {
            "x":275,
            "y":622,
            "w":23,
            "h":31,
            "index":93
        },
        {
            "x":317,
            "y":626,
            "w":144,
            "h":31,
            "index":94
        },
        {
            "x":762,
            "y":627,
            "w":64,
            "h":29,
            "index":95
        },
        {
            "x":531,
            "y":631,
            "w":2,
            "h":4,
            "index":96
        },
        {
            "x":244,
            "y":634,
            "w":320,
            "h":132,
            "index":97
        },
        {
            "x":854,
            "y":634,
            "w":115,
            "h":83,
            "index":98
        },
        {
            "x":691,
            "y":640,
            "w":15,
            "h":12,
            "index":99
        },
        {
            "x":976,
            "y":640,
            "w":48,
            "h":17,
            "index":100
        },
        {
            "x":737,
            "y":653,
            "w":95,
            "h":36,
            "index":101
        },
        {
            "x":689,
            "y":654,
            "w":17,
            "h":21,
            "index":102
        },
        {
            "x":974,
            "y":661,
            "w":50,
            "h":11,
            "index":103
        },
        {
            "x":683,
            "y":677,
            "w":22,
            "h":29,
            "index":104
        },
        {
            "x":934,
            "y":678,
            "w":90,
            "h":126,
            "index":105
        },
        {
            "x":905,
            "y":683,
            "w":29,
            "h":97,
            "index":106
        },
        {
            "x":735,
            "y":687,
            "w":92,
            "h":72,
            "index":107
        },
        {
            "x":65,
            "y":692,
            "w":29,
            "h":34,
            "index":108
        },
        {
            "x":959,
            "y":699,
            "w":65,
            "h":67,
            "index":109
        },
        {
            "x":0,
            "y":703,
            "w":1024,
            "h":276,
            "index":110
        },
        {
            "x":685,
            "y":710,
            "w":18,
            "h":22,
            "index":111
        },
        {
            "x":59,
            "y":730,
            "w":71,
            "h":25,
            "index":112
        },
        {
            "x":665,
            "y":736,
            "w":38,
            "h":24,
            "index":113
        },
        {
            "x":933,
            "y":744,
            "w":10,
            "h":27,
            "index":114
        },
        {
            "x":510,
            "y":750,
            "w":43,
            "h":51,
            "index":115
        },
        {
            "x":230,
            "y":755,
            "w":4,
            "h":6,
            "index":116
        },
        {
            "x":136,
            "y":756,
            "w":22,
            "h":66,
            "index":117
        },
        {
            "x":65,
            "y":758,
            "w":65,
            "h":31,
            "index":118
        },
        {
            "x":648,
            "y":762,
            "w":55,
            "h":28,
            "index":119
        },
        {
            "x":621,
            "y":768,
            "w":20,
            "h":59,
            "index":120
        },
        {
            "x":820,
            "y":768,
            "w":138,
            "h":120,
            "index":121
        },
        {
            "x":320,
            "y":772,
            "w":155,
            "h":58,
            "index":122
        },
        {
            "x":793,
            "y":800,
            "w":26,
            "h":14,
            "index":123
        },
        {
            "x":0,
            "y":853,
            "w":97,
            "h":27,
            "index":124
        },
        {
            "x":0,
            "y":884,
            "w":104,
            "h":47,
            "index":125
        },
        {
            "x":846,
            "y":893,
            "w":74,
            "h":22,
            "index":126
        },
        {
            "x":844,
            "y":912,
            "w":79,
            "h":103,
            "index":127
        },
        {
            "x":0,
            "y":934,
            "w":176,
            "h":24,
            "index":128
        },
        {
            "x":0,
            "y":958,
            "w":181,
            "h":60,
            "index":129
        },
        {
            "x":188,
            "y":961,
            "w":836,
            "h":63,
            "index":130
        },
        {
            "x":44,
            "y":1007,
            "w":204,
            "h":17,
            "index":131
        }
    ]
}