{
    "image":"game.png",
    "width":1024,
    "height":1024,
    "selectTab":{
        "id":"01"
    },
    "selectColor":{
        "id":"FCCFCA",
        "color":"#FCCFCA"
    },
    "list":[
        {
            "x":0,
            "y":0,
            "w":1024,
            "h":1024,
            "index":0
        },
        {
            "x":587,
            "y":157,
            "w":65,
            "h":68,
            "index":1
        },
        {
            "x":275,
            "y":162,
            "w":341,
            "h":467,
            "index":2
        },
        {
            "x":604,
            "y":180,
            "w":35,
            "h":35,
            "index":3
        },
        {
            "x":257,
            "y":187,
            "w":89,
            "h":88,
            "index":4
        },
        {
            "x":356,
            "y":188,
            "w":320,
            "h":268,
            "index":5
        },
        {
            "x":359,
            "y":195,
            "w":138,
            "h":175,
            "index":6
        },
        {
            "x":286,
            "y":212,
            "w":49,
            "h":46,
            "index":7
        },
        {
            "x":356,
            "y":256,
            "w":295,
            "h":292,
            "index":8
        },
        {
            "x":460,
            "y":350,
            "w":48,
            "h":14,
            "index":9
        },
        {
            "x":606,
            "y":350,
            "w":38,
            "h":12,
            "index":10
        },
        {
            "x":507,
            "y":377,
            "w":150,
            "h":318,
            "index":11
        },
        {
            "x":610,
            "y":420,
            "w":7,
            "h":8,
            "index":12
        },
        {
            "x":491,
            "y":423,
            "w":8,
            "h":8,
            "index":13
        },
        {
            "x":606,
            "y":443,
            "w":37,
            "h":26,
            "index":14
        },
        {
            "x":656,
            "y":444,
            "w":17,
            "h":60,
            "index":15
        },
        {
            "x":440,
            "y":445,
            "w":52,
            "h":28,
            "index":16
        },
        {
            "x":211,
            "y":455,
            "w":93,
            "h":295,
            "index":17
        },
        {
            "x":647,
            "y":455,
            "w":23,
            "h":76,
            "index":18
        },
        {
            "x":734,
            "y":456,
            "w":25,
            "h":36,
            "index":19
        },
        {
            "x":706,
            "y":458,
            "w":26,
            "h":35,
            "index":20
        },
        {
            "x":527,
            "y":475,
            "w":50,
            "h":10,
            "index":21
        },
        {
            "x":373,
            "y":477,
            "w":46,
            "h":40,
            "index":22
        },
        {
            "x":745,
            "y":482,
            "w":37,
            "h":21,
            "index":23
        },
        {
            "x":406,
            "y":483,
            "w":32,
            "h":47,
            "index":24
        },
        {
            "x":684,
            "y":486,
            "w":38,
            "h":22,
            "index":25
        },
        {
            "x":211,
            "y":488,
            "w":60,
            "h":97,
            "index":26
        },
        {
            "x":294,
            "y":488,
            "w":29,
            "h":60,
            "index":27
        },
        {
            "x":523,
            "y":489,
            "w":43,
            "h":20,
            "index":28
        },
        {
            "x":723,
            "y":491,
            "w":21,
            "h":21,
            "index":29
        },
        {
            "x":638,
            "y":496,
            "w":41,
            "h":99,
            "index":30
        },
        {
            "x":424,
            "y":501,
            "w":29,
            "h":39,
            "index":31
        },
        {
            "x":741,
            "y":505,
            "w":35,
            "h":28,
            "index":32
        },
        {
            "x":696,
            "y":507,
            "w":32,
            "h":32,
            "index":33
        },
        {
            "x":726,
            "y":513,
            "w":20,
            "h":36,
            "index":34
        },
        {
            "x":624,
            "y":514,
            "w":36,
            "h":100,
            "index":35
        },
        {
            "x":448,
            "y":519,
            "w":4,
            "h":7,
            "index":36
        },
        {
            "x":456,
            "y":525,
            "w":89,
            "h":83,
            "index":37
        },
        {
            "x":640,
            "y":527,
            "w":12,
            "h":27,
            "index":38
        },
        {
            "x":611,
            "y":534,
            "w":22,
            "h":71,
            "index":39
        },
        {
            "x":538,
            "y":541,
            "w":41,
            "h":48,
            "index":40
        },
        {
            "x":653,
            "y":547,
            "w":19,
            "h":56,
            "index":41
        },
        {
            "x":695,
            "y":548,
            "w":23,
            "h":28,
            "index":42
        },
        {
            "x":709,
            "y":548,
            "w":21,
            "h":56,
            "index":43
        },
        {
            "x":727,
            "y":555,
            "w":34,
            "h":21,
            "index":44
        },
        {
            "x":279,
            "y":575,
            "w":22,
            "h":104,
            "index":45
        },
        {
            "x":724,
            "y":576,
            "w":56,
            "h":22,
            "index":46
        },
        {
            "x":724,
            "y":577,
            "w":15,
            "h":7,
            "index":47
        },
        {
            "x":723,
            "y":586,
            "w":11,
            "h":8,
            "index":48
        },
        {
            "x":720,
            "y":587,
            "w":84,
            "h":95,
            "index":49
        },
        {
            "x":566,
            "y":590,
            "w":59,
            "h":76,
            "index":50
        },
        {
            "x":301,
            "y":592,
            "w":321,
            "h":327,
            "index":51
        },
        {
            "x":609,
            "y":595,
            "w":119,
            "h":106,
            "index":52
        },
        {
            "x":739,
            "y":595,
            "w":15,
            "h":15,
            "index":53
        },
        {
            "x":310,
            "y":598,
            "w":34,
            "h":42,
            "index":54
        },
        {
            "x":714,
            "y":598,
            "w":6,
            "h":7,
            "index":55
        },
        {
            "x":297,
            "y":602,
            "w":15,
            "h":37,
            "index":56
        },
        {
            "x":616,
            "y":604,
            "w":20,
            "h":21,
            "index":57
        },
        {
            "x":555,
            "y":606,
            "w":20,
            "h":65,
            "index":58
        },
        {
            "x":743,
            "y":608,
            "w":10,
            "h":12,
            "index":59
        },
        {
            "x":496,
            "y":612,
            "w":13,
            "h":89,
            "index":60
        },
        {
            "x":704,
            "y":622,
            "w":19,
            "h":47,
            "index":61
        },
        {
            "x":753,
            "y":622,
            "w":9,
            "h":10,
            "index":62
        },
        {
            "x":582,
            "y":625,
            "w":22,
            "h":22,
            "index":63
        },
        {
            "x":447,
            "y":633,
            "w":26,
            "h":26,
            "index":64
        },
        {
            "x":765,
            "y":633,
            "w":7,
            "h":8,
            "index":65
        },
        {
            "x":369,
            "y":647,
            "w":57,
            "h":55,
            "index":66
        },
        {
            "x":527,
            "y":653,
            "w":17,
            "h":30,
            "index":67
        },
        {
            "x":574,
            "y":656,
            "w":39,
            "h":33,
            "index":68
        },
        {
            "x":712,
            "y":657,
            "w":10,
            "h":14,
            "index":69
        },
        {
            "x":582,
            "y":667,
            "w":47,
            "h":47,
            "index":70
        },
        {
            "x":707,
            "y":667,
            "w":41,
            "h":51,
            "index":71
        },
        {
            "x":751,
            "y":680,
            "w":25,
            "h":38,
            "index":72
        },
        {
            "x":738,
            "y":685,
            "w":20,
            "h":34,
            "index":73
        },
        {
            "x":596,
            "y":687,
            "w":39,
            "h":36,
            "index":74
        },
        {
            "x":703,
            "y":688,
            "w":6,
            "h":7,
            "index":75
        },
        {
            "x":527,
            "y":689,
            "w":26,
            "h":26,
            "index":76
        },
        {
            "x":638,
            "y":689,
            "w":139,
            "h":154,
            "index":77
        },
        {
            "x":696,
            "y":689,
            "w":5,
            "h":27,
            "index":78
        },
        {
            "x":677,
            "y":690,
            "w":7,
            "h":8,
            "index":79
        },
        {
            "x":605,
            "y":697,
            "w":39,
            "h":40,
            "index":80
        },
        {
            "x":326,
            "y":717,
            "w":36,
            "h":38,
            "index":81
        },
        {
            "x":449,
            "y":730,
            "w":38,
            "h":48,
            "index":82
        },
        {
            "x":762,
            "y":731,
            "w":14,
            "h":18,
            "index":83
        },
        {
            "x":531,
            "y":732,
            "w":138,
            "h":162,
            "index":84
        },
        {
            "x":713,
            "y":737,
            "w":29,
            "h":30,
            "index":85
        },
        {
            "x":570,
            "y":764,
            "w":41,
            "h":23,
            "index":86
        },
        {
            "x":610,
            "y":782,
            "w":36,
            "h":36,
            "index":87
        },
        {
            "x":585,
            "y":799,
            "w":7,
            "h":10,
            "index":88
        },
        {
            "x":714,
            "y":801,
            "w":38,
            "h":29,
            "index":89
        },
        {
            "x":421,
            "y":828,
            "w":69,
            "h":31,
            "index":90
        },
        {
            "x":622,
            "y":837,
            "w":33,
            "h":63,
            "index":91
        },
        {
            "x":469,
            "y":839,
            "w":173,
            "h":82,
            "index":92
        },
        {
            "x":318,
            "y":842,
            "w":35,
            "h":35,
            "index":93
        },
        {
            "x":450,
            "y":862,
            "w":34,
            "h":58,
            "index":94
        },
        {
            "x":400,
            "y":873,
            "w":24,
            "h":23,
            "index":95
        }
    ]
}