{
    "image":"game.png",
    "width":1024,
    "height":1024,
    "selectTab":{
        "id":"01"
    },
    "selectColor":{
        "id":"FCCFCA",
        "color":"#FCCFCA"
    },
    "list":[
        {
            "x":0,
            "y":0,
            "w":1024,
            "h":1024,
            "index":0
        },
        {
            "x":573,
            "y":69,
            "w":121,
            "h":178,
            "index":1
        },
        {
            "x":419,
            "y":84,
            "w":116,
            "h":177,
            "index":2
        },
        {
            "x":597,
            "y":102,
            "w":71,
            "h":135,
            "index":3
        },
        {
            "x":440,
            "y":118,
            "w":71,
            "h":134,
            "index":4
        },
        {
            "x":616,
            "y":179,
            "w":33,
            "h":50,
            "index":5
        },
        {
            "x":209,
            "y":183,
            "w":84,
            "h":91,
            "index":6
        },
        {
            "x":460,
            "y":195,
            "w":33,
            "h":52,
            "index":7
        },
        {
            "x":754,
            "y":211,
            "w":14,
            "h":14,
            "index":8
        },
        {
            "x":350,
            "y":220,
            "w":445,
            "h":370,
            "index":9
        },
        {
            "x":806,
            "y":255,
            "w":68,
            "h":65,
            "index":10
        },
        {
            "x":396,
            "y":313,
            "w":345,
            "h":252,
            "index":11
        },
        {
            "x":303,
            "y":329,
            "w":14,
            "h":14,
            "index":12
        },
        {
            "x":134,
            "y":385,
            "w":194,
            "h":195,
            "index":13
        },
        {
            "x":593,
            "y":395,
            "w":76,
            "h":95,
            "index":14
        },
        {
            "x":459,
            "y":405,
            "w":75,
            "h":97,
            "index":15
        },
        {
            "x":612,
            "y":417,
            "w":12,
            "h":16,
            "index":16
        },
        {
            "x":499,
            "y":427,
            "w":12,
            "h":16,
            "index":17
        },
        {
            "x":700,
            "y":460,
            "w":20,
            "h":24,
            "index":18
        },
        {
            "x":549,
            "y":462,
            "w":35,
            "h":24,
            "index":19
        },
        {
            "x":420,
            "y":485,
            "w":20,
            "h":21,
            "index":20
        },
        {
            "x":670,
            "y":487,
            "w":26,
            "h":23,
            "index":21
        },
        {
            "x":446,
            "y":508,
            "w":27,
            "h":23,
            "index":22
        },
        {
            "x":633,
            "y":508,
            "w":31,
            "h":26,
            "index":23
        },
        {
            "x":827,
            "y":514,
            "w":14,
            "h":14,
            "index":24
        },
        {
            "x":596,
            "y":523,
            "w":32,
            "h":25,
            "index":25
        },
        {
            "x":480,
            "y":525,
            "w":31,
            "h":22,
            "index":26
        },
        {
            "x":557,
            "y":532,
            "w":34,
            "h":25,
            "index":27
        },
        {
            "x":517,
            "y":533,
            "w":34,
            "h":23,
            "index":28
        },
        {
            "x":327,
            "y":561,
            "w":69,
            "h":64,
            "index":29
        },
        {
            "x":588,
            "y":561,
            "w":173,
            "h":154,
            "index":30
        },
        {
            "x":384,
            "y":563,
            "w":32,
            "h":73,
            "index":31
        },
        {
            "x":712,
            "y":563,
            "w":41,
            "h":20,
            "index":32
        },
        {
            "x":404,
            "y":568,
            "w":189,
            "h":160,
            "index":33
        },
        {
            "x":498,
            "y":572,
            "w":169,
            "h":33,
            "index":34
        },
        {
            "x":736,
            "y":581,
            "w":41,
            "h":66,
            "index":35
        },
        {
            "x":753,
            "y":594,
            "w":62,
            "h":67,
            "index":36
        },
        {
            "x":575,
            "y":607,
            "w":34,
            "h":112,
            "index":37
        },
        {
            "x":601,
            "y":613,
            "w":70,
            "h":66,
            "index":38
        },
        {
            "x":639,
            "y":625,
            "w":17,
            "h":16,
            "index":39
        },
        {
            "x":672,
            "y":643,
            "w":42,
            "h":15,
            "index":40
        },
        {
            "x":645,
            "y":650,
            "w":15,
            "h":13,
            "index":41
        },
        {
            "x":171,
            "y":661,
            "w":14,
            "h":15,
            "index":42
        },
        {
            "x":498,
            "y":668,
            "w":221,
            "h":93,
            "index":43
        },
        {
            "x":512,
            "y":698,
            "w":223,
            "h":119,
            "index":44
        },
        {
            "x":806,
            "y":706,
            "w":57,
            "h":54,
            "index":45
        },
        {
            "x":319,
            "y":742,
            "w":14,
            "h":14,
            "index":46
        },
        {
            "x":667,
            "y":756,
            "w":52,
            "h":46,
            "index":47
        },
        {
            "x":717,
            "y":762,
            "w":21,
            "h":15,
            "index":48
        },
        {
            "x":655,
            "y":775,
            "w":95,
            "h":72,
            "index":49
        },
        {
            "x":648,
            "y":784,
            "w":23,
            "h":20,
            "index":50
        },
        {
            "x":582,
            "y":791,
            "w":41,
            "h":24,
            "index":51
        },
        {
            "x":537,
            "y":795,
            "w":49,
            "h":42,
            "index":52
        },
        {
            "x":544,
            "y":802,
            "w":91,
            "h":75,
            "index":53
        },
        {
            "x":391,
            "y":816,
            "w":60,
            "h":62,
            "index":54
        },
        {
            "x":536,
            "y":819,
            "w":7,
            "h":10,
            "index":55
        },
        {
            "x":679,
            "y":824,
            "w":72,
            "h":32,
            "index":56
        },
        {
            "x":577,
            "y":832,
            "w":60,
            "h":51,
            "index":57
        }
    ]
}