{
    "image":"game.png",
    "width":1024,
    "height":1024,
    "selectTab":{
        "id":"01"
    },
    "selectColor":{
        "id":"FCCFCA",
        "color":"#FCCFCA"
    },
    "list":[
        {
            "x":0,
            "y":0,
            "w":1024,
            "h":701,
            "index":0
        },
        {
            "x":277,
            "y":25,
            "w":433,
            "h":90,
            "index":1
        },
        {
            "x":25,
            "y":65,
            "w":166,
            "h":169,
            "index":2
        },
        {
            "x":55,
            "y":96,
            "w":106,
            "h":108,
            "index":3
        },
        {
            "x":282,
            "y":105,
            "w":22,
            "h":7,
            "index":4
        },
        {
            "x":309,
            "y":105,
            "w":375,
            "h":76,
            "index":5
        },
        {
            "x":909,
            "y":114,
            "w":63,
            "h":95,
            "index":6
        },
        {
            "x":831,
            "y":115,
            "w":62,
            "h":94,
            "index":7
        },
        {
            "x":88,
            "y":129,
            "w":38,
            "h":44,
            "index":8
        },
        {
            "x":935,
            "y":130,
            "w":18,
            "h":18,
            "index":9
        },
        {
            "x":852,
            "y":133,
            "w":16,
            "h":16,
            "index":10
        },
        {
            "x":897,
            "y":149,
            "w":8,
            "h":43,
            "index":11
        },
        {
            "x":480,
            "y":184,
            "w":160,
            "h":56,
            "index":12
        },
        {
            "x":510,
            "y":184,
            "w":157,
            "h":277,
            "index":13
        },
        {
            "x":354,
            "y":185,
            "w":142,
            "h":55,
            "index":14
        },
        {
            "x":429,
            "y":185,
            "w":116,
            "h":55,
            "index":15
        },
        {
            "x":326,
            "y":186,
            "w":162,
            "h":275,
            "index":16
        },
        {
            "x":557,
            "y":211,
            "w":8,
            "h":7,
            "index":17
        },
        {
            "x":354,
            "y":244,
            "w":286,
            "h":19,
            "index":18
        },
        {
            "x":588,
            "y":266,
            "w":52,
            "h":41,
            "index":19
        },
        {
            "x":0,
            "y":267,
            "w":299,
            "h":247,
            "index":20
        },
        {
            "x":354,
            "y":267,
            "w":134,
            "h":168,
            "index":21
        },
        {
            "x":375,
            "y":267,
            "w":109,
            "h":61,
            "index":22
        },
        {
            "x":437,
            "y":267,
            "w":203,
            "h":154,
            "index":23
        },
        {
            "x":539,
            "y":267,
            "w":101,
            "h":78,
            "index":24
        },
        {
            "x":706,
            "y":268,
            "w":318,
            "h":210,
            "index":25
        },
        {
            "x":421,
            "y":287,
            "w":6,
            "h":6,
            "index":26
        },
        {
            "x":486,
            "y":295,
            "w":26,
            "h":16,
            "index":27
        },
        {
            "x":488,
            "y":314,
            "w":21,
            "h":8,
            "index":28
        },
        {
            "x":459,
            "y":315,
            "w":27,
            "h":27,
            "index":29
        },
        {
            "x":512,
            "y":315,
            "w":27,
            "h":27,
            "index":30
        },
        {
            "x":602,
            "y":315,
            "w":10,
            "h":10,
            "index":31
        },
        {
            "x":155,
            "y":318,
            "w":91,
            "h":171,
            "index":32
        },
        {
            "x":490,
            "y":327,
            "w":17,
            "h":10,
            "index":33
        },
        {
            "x":441,
            "y":339,
            "w":117,
            "h":26,
            "index":34
        },
        {
            "x":170,
            "y":348,
            "w":69,
            "h":140,
            "index":35
        },
        {
            "x":377,
            "y":354,
            "w":9,
            "h":9,
            "index":36
        },
        {
            "x":429,
            "y":357,
            "w":26,
            "h":25,
            "index":37
        },
        {
            "x":500,
            "y":358,
            "w":69,
            "h":31,
            "index":38
        },
        {
            "x":447,
            "y":363,
            "w":52,
            "h":26,
            "index":39
        },
        {
            "x":39,
            "y":366,
            "w":125,
            "h":158,
            "index":40
        },
        {
            "x":570,
            "y":375,
            "w":70,
            "h":60,
            "index":41
        },
        {
            "x":426,
            "y":378,
            "w":19,
            "h":24,
            "index":42
        },
        {
            "x":729,
            "y":378,
            "w":295,
            "h":139,
            "index":43
        },
        {
            "x":554,
            "y":379,
            "w":19,
            "h":23,
            "index":44
        },
        {
            "x":88,
            "y":383,
            "w":106,
            "h":67,
            "index":45
        },
        {
            "x":443,
            "y":385,
            "w":55,
            "h":23,
            "index":46
        },
        {
            "x":500,
            "y":386,
            "w":56,
            "h":22,
            "index":47
        },
        {
            "x":0,
            "y":388,
            "w":45,
            "h":49,
            "index":48
        },
        {
            "x":53,
            "y":392,
            "w":91,
            "h":120,
            "index":49
        },
        {
            "x":415,
            "y":396,
            "w":169,
            "h":28,
            "index":50
        },
        {
            "x":248,
            "y":413,
            "w":16,
            "h":81,
            "index":51
        },
        {
            "x":510,
            "y":418,
            "w":78,
            "h":17,
            "index":52
        },
        {
            "x":492,
            "y":423,
            "w":13,
            "h":102,
            "index":53
        },
        {
            "x":774,
            "y":423,
            "w":250,
            "h":94,
            "index":54
        },
        {
            "x":0,
            "y":438,
            "w":22,
            "h":189,
            "index":55
        },
        {
            "x":9,
            "y":438,
            "w":69,
            "h":192,
            "index":56
        },
        {
            "x":132,
            "y":442,
            "w":56,
            "h":62,
            "index":57
        },
        {
            "x":188,
            "y":454,
            "w":21,
            "h":40,
            "index":58
        },
        {
            "x":635,
            "y":458,
            "w":315,
            "h":329,
            "index":59
        },
        {
            "x":664,
            "y":459,
            "w":86,
            "h":111,
            "index":60
        },
        {
            "x":671,
            "y":462,
            "w":1,
            "h":2,
            "index":61
        },
        {
            "x":922,
            "y":462,
            "w":72,
            "h":191,
            "index":62
        },
        {
            "x":807,
            "y":463,
            "w":98,
            "h":57,
            "index":63
        },
        {
            "x":975,
            "y":465,
            "w":49,
            "h":204,
            "index":64
        },
        {
            "x":510,
            "y":466,
            "w":160,
            "h":228,
            "index":65
        },
        {
            "x":74,
            "y":481,
            "w":66,
            "h":148,
            "index":66
        },
        {
            "x":113,
            "y":492,
            "w":246,
            "h":214,
            "index":67
        },
        {
            "x":454,
            "y":529,
            "w":90,
            "h":25,
            "index":68
        },
        {
            "x":356,
            "y":558,
            "w":299,
            "h":23,
            "index":69
        },
        {
            "x":371,
            "y":585,
            "w":269,
            "h":186,
            "index":70
        },
        {
            "x":325,
            "y":601,
            "w":5,
            "h":9,
            "index":71
        },
        {
            "x":395,
            "y":603,
            "w":223,
            "h":66,
            "index":72
        },
        {
            "x":284,
            "y":604,
            "w":32,
            "h":34,
            "index":73
        },
        {
            "x":227,
            "y":618,
            "w":5,
            "h":10,
            "index":74
        },
        {
            "x":161,
            "y":622,
            "w":55,
            "h":33,
            "index":75
        },
        {
            "x":491,
            "y":622,
            "w":29,
            "h":30,
            "index":76
        },
        {
            "x":0,
            "y":630,
            "w":111,
            "h":34,
            "index":77
        },
        {
            "x":0,
            "y":651,
            "w":65,
            "h":59,
            "index":78
        },
        {
            "x":920,
            "y":651,
            "w":104,
            "h":185,
            "index":79
        },
        {
            "x":45,
            "y":657,
            "w":81,
            "h":63,
            "index":80
        },
        {
            "x":673,
            "y":666,
            "w":34,
            "h":57,
            "index":81
        },
        {
            "x":764,
            "y":667,
            "w":56,
            "h":60,
            "index":82
        },
        {
            "x":115,
            "y":672,
            "w":83,
            "h":57,
            "index":83
        },
        {
            "x":120,
            "y":678,
            "w":288,
            "h":148,
            "index":84
        },
        {
            "x":395,
            "y":687,
            "w":223,
            "h":65,
            "index":85
        },
        {
            "x":292,
            "y":693,
            "w":15,
            "h":24,
            "index":86
        },
        {
            "x":491,
            "y":706,
            "w":29,
            "h":29,
            "index":87
        },
        {
            "x":686,
            "y":709,
            "w":289,
            "h":194,
            "index":88
        },
        {
            "x":0,
            "y":711,
            "w":41,
            "h":106,
            "index":89
        },
        {
            "x":277,
            "y":712,
            "w":21,
            "h":18,
            "index":90
        },
        {
            "x":6,
            "y":713,
            "w":124,
            "h":108,
            "index":91
        },
        {
            "x":237,
            "y":718,
            "w":18,
            "h":14,
            "index":92
        },
        {
            "x":257,
            "y":721,
            "w":20,
            "h":11,
            "index":93
        },
        {
            "x":772,
            "y":721,
            "w":1,
            "h":1,
            "index":94
        },
        {
            "x":133,
            "y":725,
            "w":16,
            "h":14,
            "index":95
        },
        {
            "x":644,
            "y":726,
            "w":7,
            "h":23,
            "index":96
        },
        {
            "x":149,
            "y":731,
            "w":19,
            "h":12,
            "index":97
        },
        {
            "x":170,
            "y":731,
            "w":18,
            "h":12,
            "index":98
        },
        {
            "x":614,
            "y":735,
            "w":410,
            "h":289,
            "index":99
        },
        {
            "x":791,
            "y":757,
            "w":47,
            "h":42,
            "index":100
        },
        {
            "x":405,
            "y":775,
            "w":230,
            "h":15,
            "index":101
        },
        {
            "x":110,
            "y":786,
            "w":115,
            "h":45,
            "index":102
        },
        {
            "x":213,
            "y":786,
            "w":90,
            "h":64,
            "index":103
        },
        {
            "x":408,
            "y":790,
            "w":68,
            "h":77,
            "index":104
        },
        {
            "x":445,
            "y":794,
            "w":185,
            "h":230,
            "index":105
        },
        {
            "x":323,
            "y":795,
            "w":192,
            "h":229,
            "index":106
        },
        {
            "x":297,
            "y":811,
            "w":41,
            "h":81,
            "index":107
        },
        {
            "x":740,
            "y":818,
            "w":123,
            "h":64,
            "index":108
        },
        {
            "x":0,
            "y":819,
            "w":2,
            "h":5,
            "index":109
        },
        {
            "x":0,
            "y":819,
            "w":106,
            "h":113,
            "index":110
        },
        {
            "x":73,
            "y":824,
            "w":136,
            "h":116,
            "index":111
        },
        {
            "x":179,
            "y":834,
            "w":114,
            "h":125,
            "index":112
        },
        {
            "x":658,
            "y":847,
            "w":48,
            "h":38,
            "index":113
        },
        {
            "x":480,
            "y":853,
            "w":74,
            "h":108,
            "index":114
        },
        {
            "x":270,
            "y":854,
            "w":68,
            "h":144,
            "index":115
        },
        {
            "x":340,
            "y":856,
            "w":138,
            "h":168,
            "index":116
        },
        {
            "x":789,
            "y":865,
            "w":89,
            "h":63,
            "index":117
        },
        {
            "x":652,
            "y":868,
            "w":143,
            "h":51,
            "index":118
        },
        {
            "x":409,
            "y":871,
            "w":11,
            "h":8,
            "index":119
        },
        {
            "x":672,
            "y":877,
            "w":114,
            "h":35,
            "index":120
        },
        {
            "x":367,
            "y":885,
            "w":12,
            "h":13,
            "index":121
        },
        {
            "x":649,
            "y":897,
            "w":109,
            "h":38,
            "index":122
        },
        {
            "x":759,
            "y":907,
            "w":28,
            "h":27,
            "index":123
        },
        {
            "x":441,
            "y":913,
            "w":12,
            "h":12,
            "index":124
        },
        {
            "x":0,
            "y":934,
            "w":69,
            "h":90,
            "index":125
        },
        {
            "x":46,
            "y":935,
            "w":130,
            "h":89,
            "index":126
        },
        {
            "x":396,
            "y":937,
            "w":12,
            "h":13,
            "index":127
        },
        {
            "x":155,
            "y":943,
            "w":112,
            "h":81,
            "index":128
        },
        {
            "x":342,
            "y":951,
            "w":12,
            "h":12,
            "index":129
        },
        {
            "x":253,
            "y":962,
            "w":83,
            "h":62,
            "index":130
        },
        {
            "x":447,
            "y":970,
            "w":13,
            "h":12,
            "index":131
        },
        {
            "x":404,
            "y":993,
            "w":12,
            "h":13,
            "index":132
        },
        {
            "x":359,
            "y":1014,
            "w":13,
            "h":10,
            "index":133
        },
        {
            "x":456,
            "y":1023,
            "w":5,
            "h":1,
            "index":134
        }
    ]
}