{
    "image":"game.png",
    "width":1024,
    "height":1024,
    "selectTab":{
        "id":"01"
    },
    "selectColor":{
        "id":"FCCFCA",
        "color":"#FCCFCA"
    },
    "list":[
        {
            "x":0,
            "y":0,
            "w":1024,
            "h":1024,
            "index":0
        },
        {
            "x":286,
            "y":30,
            "w":79,
            "h":42,
            "index":1
        },
        {
            "x":518,
            "y":58,
            "w":44,
            "h":74,
            "index":2
        },
        {
            "x":363,
            "y":70,
            "w":95,
            "h":63,
            "index":3
        },
        {
            "x":301,
            "y":73,
            "w":46,
            "h":11,
            "index":4
        },
        {
            "x":434,
            "y":73,
            "w":58,
            "h":60,
            "index":5
        },
        {
            "x":475,
            "y":79,
            "w":40,
            "h":53,
            "index":6
        },
        {
            "x":260,
            "y":89,
            "w":127,
            "h":124,
            "index":7
        },
        {
            "x":661,
            "y":113,
            "w":109,
            "h":102,
            "index":8
        },
        {
            "x":377,
            "y":136,
            "w":200,
            "h":23,
            "index":9
        },
        {
            "x":795,
            "y":136,
            "w":40,
            "h":79,
            "index":10
        },
        {
            "x":386,
            "y":162,
            "w":182,
            "h":49,
            "index":11
        },
        {
            "x":243,
            "y":166,
            "w":98,
            "h":56,
            "index":12
        },
        {
            "x":720,
            "y":183,
            "w":71,
            "h":43,
            "index":13
        },
        {
            "x":664,
            "y":204,
            "w":22,
            "h":13,
            "index":14
        },
        {
            "x":202,
            "y":215,
            "w":217,
            "h":617,
            "index":15
        },
        {
            "x":364,
            "y":215,
            "w":259,
            "h":300,
            "index":16
        },
        {
            "x":621,
            "y":219,
            "w":263,
            "h":621,
            "index":17
        },
        {
            "x":175,
            "y":221,
            "w":35,
            "h":28,
            "index":18
        },
        {
            "x":868,
            "y":225,
            "w":1,
            "h":1,
            "index":19
        },
        {
            "x":866,
            "y":226,
            "w":53,
            "h":606,
            "index":20
        },
        {
            "x":415,
            "y":247,
            "w":182,
            "h":169,
            "index":21
        },
        {
            "x":278,
            "y":250,
            "w":59,
            "h":57,
            "index":22
        },
        {
            "x":163,
            "y":251,
            "w":60,
            "h":23,
            "index":23
        },
        {
            "x":643,
            "y":252,
            "w":208,
            "h":58,
            "index":24
        },
        {
            "x":401,
            "y":269,
            "w":57,
            "h":180,
            "index":25
        },
        {
            "x":491,
            "y":273,
            "w":80,
            "h":78,
            "index":26
        },
        {
            "x":111,
            "y":276,
            "w":160,
            "h":76,
            "index":27
        },
        {
            "x":653,
            "y":287,
            "w":53,
            "h":38,
            "index":28
        },
        {
            "x":710,
            "y":288,
            "w":49,
            "h":37,
            "index":29
        },
        {
            "x":761,
            "y":291,
            "w":44,
            "h":34,
            "index":30
        },
        {
            "x":808,
            "y":291,
            "w":43,
            "h":34,
            "index":31
        },
        {
            "x":354,
            "y":307,
            "w":345,
            "h":472,
            "index":32
        },
        {
            "x":658,
            "y":328,
            "w":192,
            "h":38,
            "index":33
        },
        {
            "x":249,
            "y":344,
            "w":29,
            "h":34,
            "index":34
        },
        {
            "x":104,
            "y":345,
            "w":32,
            "h":35,
            "index":35
        },
        {
            "x":314,
            "y":347,
            "w":7,
            "h":15,
            "index":36
        },
        {
            "x":434,
            "y":348,
            "w":40,
            "h":87,
            "index":37
        },
        {
            "x":593,
            "y":348,
            "w":42,
            "h":84,
            "index":38
        },
        {
            "x":215,
            "y":353,
            "w":32,
            "h":33,
            "index":39
        },
        {
            "x":138,
            "y":354,
            "w":34,
            "h":33,
            "index":40
        },
        {
            "x":175,
            "y":357,
            "w":36,
            "h":33,
            "index":41
        },
        {
            "x":291,
            "y":358,
            "w":50,
            "h":67,
            "index":42
        },
        {
            "x":645,
            "y":368,
            "w":29,
            "h":91,
            "index":43
        },
        {
            "x":678,
            "y":369,
            "w":172,
            "h":95,
            "index":44
        },
        {
            "x":181,
            "y":391,
            "w":22,
            "h":49,
            "index":45
        },
        {
            "x":789,
            "y":396,
            "w":29,
            "h":11,
            "index":46
        },
        {
            "x":669,
            "y":405,
            "w":46,
            "h":10,
            "index":47
        },
        {
            "x":723,
            "y":409,
            "w":47,
            "h":11,
            "index":48
        },
        {
            "x":780,
            "y":411,
            "w":49,
            "h":31,
            "index":49
        },
        {
            "x":137,
            "y":415,
            "w":12,
            "h":12,
            "index":50
        },
        {
            "x":667,
            "y":416,
            "w":51,
            "h":14,
            "index":51
        },
        {
            "x":721,
            "y":420,
            "w":50,
            "h":16,
            "index":52
        },
        {
            "x":227,
            "y":421,
            "w":14,
            "h":14,
            "index":53
        },
        {
            "x":668,
            "y":431,
            "w":50,
            "h":34,
            "index":54
        },
        {
            "x":720,
            "y":438,
            "w":51,
            "h":29,
            "index":55
        },
        {
            "x":175,
            "y":441,
            "w":35,
            "h":19,
            "index":56
        },
        {
            "x":921,
            "y":441,
            "w":12,
            "h":91,
            "index":57
        },
        {
            "x":776,
            "y":443,
            "w":56,
            "h":25,
            "index":58
        },
        {
            "x":262,
            "y":453,
            "w":58,
            "h":93,
            "index":59
        },
        {
            "x":178,
            "y":464,
            "w":28,
            "h":18,
            "index":60
        },
        {
            "x":673,
            "y":465,
            "w":177,
            "h":48,
            "index":61
        },
        {
            "x":415,
            "y":483,
            "w":249,
            "h":185,
            "index":62
        },
        {
            "x":181,
            "y":486,
            "w":21,
            "h":90,
            "index":63
        },
        {
            "x":384,
            "y":491,
            "w":1,
            "h":1,
            "index":64
        },
        {
            "x":524,
            "y":498,
            "w":1,
            "h":1,
            "index":65
        },
        {
            "x":687,
            "y":513,
            "w":162,
            "h":151,
            "index":66
        },
        {
            "x":205,
            "y":538,
            "w":54,
            "h":94,
            "index":67
        },
        {
            "x":467,
            "y":543,
            "w":50,
            "h":60,
            "index":68
        },
        {
            "x":580,
            "y":543,
            "w":45,
            "h":59,
            "index":69
        },
        {
            "x":768,
            "y":554,
            "w":53,
            "h":16,
            "index":70
        },
        {
            "x":137,
            "y":561,
            "w":76,
            "h":93,
            "index":71
        },
        {
            "x":758,
            "y":573,
            "w":73,
            "h":35,
            "index":72
        },
        {
            "x":215,
            "y":592,
            "w":104,
            "h":86,
            "index":73
        },
        {
            "x":693,
            "y":599,
            "w":43,
            "h":13,
            "index":74
        },
        {
            "x":797,
            "y":600,
            "w":36,
            "h":67,
            "index":75
        },
        {
            "x":487,
            "y":603,
            "w":2,
            "h":1,
            "index":76
        },
        {
            "x":757,
            "y":606,
            "w":41,
            "h":35,
            "index":77
        },
        {
            "x":674,
            "y":611,
            "w":62,
            "h":34,
            "index":78
        },
        {
            "x":627,
            "y":613,
            "w":1,
            "h":1,
            "index":79
        },
        {
            "x":228,
            "y":614,
            "w":1,
            "h":1,
            "index":80
        },
        {
            "x":612,
            "y":614,
            "w":15,
            "h":17,
            "index":81
        },
        {
            "x":463,
            "y":617,
            "w":17,
            "h":19,
            "index":82
        },
        {
            "x":812,
            "y":626,
            "w":21,
            "h":27,
            "index":83
        },
        {
            "x":585,
            "y":628,
            "w":18,
            "h":17,
            "index":84
        },
        {
            "x":364,
            "y":631,
            "w":51,
            "h":211,
            "index":85
        },
        {
            "x":490,
            "y":632,
            "w":21,
            "h":18,
            "index":86
        },
        {
            "x":97,
            "y":635,
            "w":78,
            "h":61,
            "index":87
        },
        {
            "x":555,
            "y":636,
            "w":20,
            "h":17,
            "index":88
        },
        {
            "x":521,
            "y":639,
            "w":25,
            "h":16,
            "index":89
        },
        {
            "x":757,
            "y":640,
            "w":36,
            "h":27,
            "index":90
        },
        {
            "x":166,
            "y":644,
            "w":77,
            "h":82,
            "index":91
        },
        {
            "x":505,
            "y":645,
            "w":233,
            "h":135,
            "index":92
        },
        {
            "x":300,
            "y":652,
            "w":1,
            "h":1,
            "index":93
        },
        {
            "x":262,
            "y":656,
            "w":85,
            "h":51,
            "index":94
        },
        {
            "x":724,
            "y":665,
            "w":124,
            "h":82,
            "index":95
        },
        {
            "x":232,
            "y":681,
            "w":25,
            "h":23,
            "index":96
        },
        {
            "x":216,
            "y":690,
            "w":96,
            "h":92,
            "index":97
        },
        {
            "x":626,
            "y":693,
            "w":44,
            "h":36,
            "index":98
        },
        {
            "x":163,
            "y":696,
            "w":1,
            "h":1,
            "index":99
        },
        {
            "x":779,
            "y":696,
            "w":26,
            "h":27,
            "index":100
        },
        {
            "x":121,
            "y":699,
            "w":83,
            "h":79,
            "index":101
        },
        {
            "x":722,
            "y":704,
            "w":37,
            "h":36,
            "index":102
        },
        {
            "x":216,
            "y":712,
            "w":1,
            "h":1,
            "index":103
        },
        {
            "x":202,
            "y":713,
            "w":20,
            "h":38,
            "index":104
        },
        {
            "x":711,
            "y":719,
            "w":7,
            "h":17,
            "index":105
        },
        {
            "x":379,
            "y":735,
            "w":209,
            "h":153,
            "index":106
        },
        {
            "x":667,
            "y":739,
            "w":180,
            "h":64,
            "index":107
        },
        {
            "x":518,
            "y":745,
            "w":28,
            "h":17,
            "index":108
        },
        {
            "x":152,
            "y":754,
            "w":126,
            "h":33,
            "index":109
        },
        {
            "x":495,
            "y":769,
            "w":1,
            "h":1,
            "index":110
        },
        {
            "x":536,
            "y":771,
            "w":182,
            "h":105,
            "index":111
        },
        {
            "x":153,
            "y":781,
            "w":125,
            "h":80,
            "index":112
        },
        {
            "x":108,
            "y":824,
            "w":220,
            "h":159,
            "index":113
        },
        {
            "x":385,
            "y":830,
            "w":533,
            "h":166,
            "index":114
        },
        {
            "x":267,
            "y":834,
            "w":189,
            "h":145,
            "index":115
        },
        {
            "x":415,
            "y":842,
            "w":1,
            "h":1,
            "index":116
        },
        {
            "x":421,
            "y":845,
            "w":1,
            "h":1,
            "index":117
        },
        {
            "x":423,
            "y":846,
            "w":1,
            "h":1,
            "index":118
        },
        {
            "x":690,
            "y":872,
            "w":106,
            "h":76,
            "index":119
        },
        {
            "x":375,
            "y":881,
            "w":109,
            "h":78,
            "index":120
        },
        {
            "x":608,
            "y":903,
            "w":100,
            "h":83,
            "index":121
        },
        {
            "x":461,
            "y":941,
            "w":37,
            "h":23,
            "index":122
        },
        {
            "x":396,
            "y":950,
            "w":39,
            "h":27,
            "index":123
        }
    ]
}