{
    "image":"game.png",
    "width":1024,
    "height":1024,
    "selectTab":{
        "id":"01"
    },
    "selectColor":{
        "id":"FCCFCA",
        "color":"#FCCFCA"
    },
    "list":[
        {
            "x":21,
            "y":0,
            "w":98,
            "h":12,
            "index":0
        },
        {
            "x":0,
            "y":0,
            "w":1024,
            "h":956,
            "index":1
        },
        {
            "x":206,
            "y":0,
            "w":34,
            "h":3,
            "index":2
        },
        {
            "x":347,
            "y":0,
            "w":214,
            "h":11,
            "index":3
        },
        {
            "x":608,
            "y":0,
            "w":31,
            "h":2,
            "index":4
        },
        {
            "x":686,
            "y":0,
            "w":30,
            "h":2,
            "index":5
        },
        {
            "x":742,
            "y":0,
            "w":63,
            "h":6,
            "index":6
        },
        {
            "x":811,
            "y":0,
            "w":108,
            "h":12,
            "index":7
        },
        {
            "x":945,
            "y":0,
            "w":79,
            "h":12,
            "index":8
        },
        {
            "x":277,
            "y":85,
            "w":25,
            "h":25,
            "index":9
        },
        {
            "x":907,
            "y":103,
            "w":30,
            "h":30,
            "index":10
        },
        {
            "x":88,
            "y":107,
            "w":21,
            "h":21,
            "index":11
        },
        {
            "x":188,
            "y":158,
            "w":125,
            "h":61,
            "index":12
        },
        {
            "x":948,
            "y":164,
            "w":21,
            "h":21,
            "index":13
        },
        {
            "x":111,
            "y":166,
            "w":286,
            "h":169,
            "index":14
        },
        {
            "x":46,
            "y":191,
            "w":19,
            "h":19,
            "index":15
        },
        {
            "x":821,
            "y":192,
            "w":108,
            "h":200,
            "index":16
        },
        {
            "x":141,
            "y":200,
            "w":105,
            "h":117,
            "index":17
        },
        {
            "x":193,
            "y":201,
            "w":395,
            "h":280,
            "index":18
        },
        {
            "x":94,
            "y":203,
            "w":49,
            "h":69,
            "index":19
        },
        {
            "x":728,
            "y":211,
            "w":175,
            "h":377,
            "index":20
        },
        {
            "x":250,
            "y":227,
            "w":117,
            "h":106,
            "index":21
        },
        {
            "x":373,
            "y":253,
            "w":42,
            "h":42,
            "index":22
        },
        {
            "x":72,
            "y":257,
            "w":44,
            "h":48,
            "index":23
        },
        {
            "x":687,
            "y":258,
            "w":17,
            "h":17,
            "index":24
        },
        {
            "x":473,
            "y":262,
            "w":32,
            "h":40,
            "index":25
        },
        {
            "x":571,
            "y":272,
            "w":12,
            "h":31,
            "index":26
        },
        {
            "x":803,
            "y":274,
            "w":7,
            "h":8,
            "index":27
        },
        {
            "x":335,
            "y":281,
            "w":54,
            "h":61,
            "index":28
        },
        {
            "x":972,
            "y":287,
            "w":15,
            "h":15,
            "index":29
        },
        {
            "x":95,
            "y":293,
            "w":64,
            "h":52,
            "index":30
        },
        {
            "x":38,
            "y":303,
            "w":66,
            "h":33,
            "index":31
        },
        {
            "x":636,
            "y":310,
            "w":16,
            "h":16,
            "index":32
        },
        {
            "x":821,
            "y":310,
            "w":37,
            "h":43,
            "index":33
        },
        {
            "x":279,
            "y":317,
            "w":66,
            "h":49,
            "index":34
        },
        {
            "x":148,
            "y":322,
            "w":65,
            "h":45,
            "index":35
        },
        {
            "x":210,
            "y":336,
            "w":67,
            "h":35,
            "index":36
        },
        {
            "x":494,
            "y":336,
            "w":34,
            "h":22,
            "index":37
        },
        {
            "x":45,
            "y":344,
            "w":114,
            "h":60,
            "index":38
        },
        {
            "x":787,
            "y":349,
            "w":50,
            "h":40,
            "index":39
        },
        {
            "x":163,
            "y":363,
            "w":133,
            "h":35,
            "index":40
        },
        {
            "x":394,
            "y":366,
            "w":75,
            "h":127,
            "index":41
        },
        {
            "x":664,
            "y":374,
            "w":32,
            "h":32,
            "index":42
        },
        {
            "x":881,
            "y":380,
            "w":53,
            "h":73,
            "index":43
        },
        {
            "x":773,
            "y":381,
            "w":46,
            "h":46,
            "index":44
        },
        {
            "x":357,
            "y":383,
            "w":32,
            "h":17,
            "index":45
        },
        {
            "x":977,
            "y":408,
            "w":14,
            "h":16,
            "index":46
        },
        {
            "x":581,
            "y":416,
            "w":13,
            "h":12,
            "index":47
        },
        {
            "x":773,
            "y":424,
            "w":48,
            "h":41,
            "index":48
        },
        {
            "x":153,
            "y":429,
            "w":20,
            "h":20,
            "index":49
        },
        {
            "x":706,
            "y":459,
            "w":16,
            "h":15,
            "index":50
        },
        {
            "x":793,
            "y":462,
            "w":52,
            "h":29,
            "index":51
        },
        {
            "x":22,
            "y":464,
            "w":47,
            "h":430,
            "index":52
        },
        {
            "x":554,
            "y":470,
            "w":23,
            "h":24,
            "index":53
        },
        {
            "x":837,
            "y":486,
            "w":29,
            "h":43,
            "index":54
        },
        {
            "x":350,
            "y":495,
            "w":6,
            "h":7,
            "index":55
        },
        {
            "x":52,
            "y":505,
            "w":79,
            "h":395,
            "index":56
        },
        {
            "x":528,
            "y":509,
            "w":12,
            "h":12,
            "index":57
        },
        {
            "x":918,
            "y":509,
            "w":104,
            "h":307,
            "index":58
        },
        {
            "x":295,
            "y":512,
            "w":28,
            "h":28,
            "index":59
        },
        {
            "x":606,
            "y":514,
            "w":51,
            "h":292,
            "index":60
        },
        {
            "x":445,
            "y":545,
            "w":16,
            "h":15,
            "index":61
        },
        {
            "x":186,
            "y":547,
            "w":17,
            "h":17,
            "index":62
        },
        {
            "x":342,
            "y":564,
            "w":16,
            "h":17,
            "index":63
        },
        {
            "x":675,
            "y":566,
            "w":10,
            "h":11,
            "index":64
        },
        {
            "x":258,
            "y":582,
            "w":41,
            "h":27,
            "index":65
        },
        {
            "x":238,
            "y":583,
            "w":42,
            "h":29,
            "index":66
        },
        {
            "x":544,
            "y":583,
            "w":55,
            "h":254,
            "index":67
        },
        {
            "x":221,
            "y":592,
            "w":41,
            "h":26,
            "index":68
        },
        {
            "x":471,
            "y":592,
            "w":24,
            "h":25,
            "index":69
        },
        {
            "x":734,
            "y":594,
            "w":13,
            "h":13,
            "index":70
        },
        {
            "x":203,
            "y":604,
            "w":40,
            "h":32,
            "index":71
        },
        {
            "x":238,
            "y":613,
            "w":65,
            "h":85,
            "index":72
        },
        {
            "x":286,
            "y":614,
            "w":72,
            "h":151,
            "index":73
        },
        {
            "x":317,
            "y":621,
            "w":101,
            "h":132,
            "index":74
        },
        {
            "x":652,
            "y":627,
            "w":54,
            "h":191,
            "index":75
        },
        {
            "x":208,
            "y":630,
            "w":61,
            "h":144,
            "index":76
        },
        {
            "x":164,
            "y":637,
            "w":39,
            "h":20,
            "index":77
        },
        {
            "x":821,
            "y":640,
            "w":85,
            "h":183,
            "index":78
        },
        {
            "x":153,
            "y":646,
            "w":31,
            "h":38,
            "index":79
        },
        {
            "x":167,
            "y":649,
            "w":54,
            "h":118,
            "index":80
        },
        {
            "x":493,
            "y":659,
            "w":73,
            "h":190,
            "index":81
        },
        {
            "x":347,
            "y":668,
            "w":21,
            "h":30,
            "index":82
        },
        {
            "x":762,
            "y":673,
            "w":9,
            "h":10,
            "index":83
        },
        {
            "x":86,
            "y":683,
            "w":66,
            "h":94,
            "index":84
        },
        {
            "x":952,
            "y":688,
            "w":72,
            "h":133,
            "index":85
        },
        {
            "x":143,
            "y":691,
            "w":32,
            "h":55,
            "index":86
        },
        {
            "x":0,
            "y":692,
            "w":39,
            "h":200,
            "index":87
        },
        {
            "x":231,
            "y":692,
            "w":62,
            "h":63,
            "index":88
        },
        {
            "x":735,
            "y":705,
            "w":110,
            "h":133,
            "index":89
        },
        {
            "x":383,
            "y":716,
            "w":20,
            "h":10,
            "index":90
        },
        {
            "x":271,
            "y":740,
            "w":56,
            "h":34,
            "index":91
        },
        {
            "x":175,
            "y":752,
            "w":56,
            "h":39,
            "index":92
        },
        {
            "x":397,
            "y":756,
            "w":93,
            "h":153,
            "index":93
        },
        {
            "x":75,
            "y":773,
            "w":38,
            "h":138,
            "index":94
        },
        {
            "x":297,
            "y":774,
            "w":27,
            "h":37,
            "index":95
        },
        {
            "x":281,
            "y":776,
            "w":34,
            "h":36,
            "index":96
        },
        {
            "x":273,
            "y":777,
            "w":32,
            "h":31,
            "index":97
        },
        {
            "x":497,
            "y":796,
            "w":245,
            "h":228,
            "index":98
        },
        {
            "x":121,
            "y":800,
            "w":43,
            "h":130,
            "index":99
        },
        {
            "x":775,
            "y":803,
            "w":238,
            "h":220,
            "index":100
        },
        {
            "x":918,
            "y":806,
            "w":106,
            "h":217,
            "index":101
        },
        {
            "x":656,
            "y":819,
            "w":239,
            "h":205,
            "index":102
        },
        {
            "x":884,
            "y":837,
            "w":19,
            "h":31,
            "index":103
        },
        {
            "x":536,
            "y":841,
            "w":52,
            "h":21,
            "index":104
        },
        {
            "x":183,
            "y":843,
            "w":78,
            "h":121,
            "index":105
        },
        {
            "x":275,
            "y":843,
            "w":105,
            "h":111,
            "index":106
        },
        {
            "x":395,
            "y":874,
            "w":35,
            "h":41,
            "index":107
        },
        {
            "x":0,
            "y":890,
            "w":652,
            "h":134,
            "index":108
        },
        {
            "x":576,
            "y":902,
            "w":7,
            "h":9,
            "index":109
        },
        {
            "x":637,
            "y":909,
            "w":7,
            "h":8,
            "index":110
        },
        {
            "x":36,
            "y":940,
            "w":62,
            "h":84,
            "index":111
        },
        {
            "x":383,
            "y":963,
            "w":100,
            "h":61,
            "index":112
        },
        {
            "x":102,
            "y":972,
            "w":52,
            "h":52,
            "index":113
        },
        {
            "x":253,
            "y":988,
            "w":42,
            "h":36,
            "index":114
        },
        {
            "x":771,
            "y":992,
            "w":128,
            "h":32,
            "index":115
        },
        {
            "x":933,
            "y":1012,
            "w":49,
            "h":12,
            "index":116
        },
        {
            "x":30,
            "y":1013,
            "w":23,
            "h":11,
            "index":117
        },
        {
            "x":202,
            "y":1013,
            "w":32,
            "h":11,
            "index":118
        },
        {
            "x":317,
            "y":1015,
            "w":24,
            "h":9,
            "index":119
        }
    ]
}