{
    "image":"game.png",
    "width":1024,
    "height":1024,
    "selectTab":{
        "id":"01"
    },
    "selectColor":{
        "id":"FCCFCA",
        "color":"#FCCFCA"
    },
    "list":[
        {
            "x":0,
            "y":0,
            "w":11,
            "h":15,
            "index":0
        },
        {
            "x":0,
            "y":0,
            "w":23,
            "h":31,
            "index":1
        },
        {
            "x":0,
            "y":0,
            "w":61,
            "h":65,
            "index":2
        },
        {
            "x":0,
            "y":0,
            "w":132,
            "h":105,
            "index":3
        },
        {
            "x":76,
            "y":0,
            "w":24,
            "h":11,
            "index":4
        },
        {
            "x":1,
            "y":0,
            "w":368,
            "h":739,
            "index":5
        },
        {
            "x":292,
            "y":0,
            "w":70,
            "h":223,
            "index":6
        },
        {
            "x":348,
            "y":0,
            "w":77,
            "h":147,
            "index":7
        },
        {
            "x":391,
            "y":0,
            "w":73,
            "h":161,
            "index":8
        },
        {
            "x":442,
            "y":0,
            "w":265,
            "h":168,
            "index":9
        },
        {
            "x":592,
            "y":0,
            "w":195,
            "h":238,
            "index":10
        },
        {
            "x":788,
            "y":0,
            "w":34,
            "h":38,
            "index":11
        },
        {
            "x":823,
            "y":0,
            "w":54,
            "h":37,
            "index":12
        },
        {
            "x":870,
            "y":0,
            "w":154,
            "h":153,
            "index":13
        },
        {
            "x":914,
            "y":0,
            "w":110,
            "h":104,
            "index":14
        },
        {
            "x":4,
            "y":2,
            "w":168,
            "h":109,
            "index":15
        },
        {
            "x":2,
            "y":14,
            "w":4,
            "h":7,
            "index":16
        },
        {
            "x":788,
            "y":31,
            "w":49,
            "h":84,
            "index":17
        },
        {
            "x":719,
            "y":38,
            "w":305,
            "h":701,
            "index":18
        },
        {
            "x":655,
            "y":48,
            "w":93,
            "h":118,
            "index":19
        },
        {
            "x":26,
            "y":51,
            "w":137,
            "h":60,
            "index":20
        },
        {
            "x":370,
            "y":80,
            "w":36,
            "h":68,
            "index":21
        },
        {
            "x":783,
            "y":96,
            "w":56,
            "h":87,
            "index":22
        },
        {
            "x":93,
            "y":114,
            "w":54,
            "h":54,
            "index":23
        },
        {
            "x":579,
            "y":114,
            "w":129,
            "h":76,
            "index":24
        },
        {
            "x":812,
            "y":116,
            "w":30,
            "h":18,
            "index":25
        },
        {
            "x":0,
            "y":117,
            "w":107,
            "h":256,
            "index":26
        },
        {
            "x":778,
            "y":117,
            "w":10,
            "h":13,
            "index":27
        },
        {
            "x":770,
            "y":132,
            "w":28,
            "h":20,
            "index":28
        },
        {
            "x":469,
            "y":133,
            "w":109,
            "h":60,
            "index":29
        },
        {
            "x":595,
            "y":135,
            "w":138,
            "h":144,
            "index":30
        },
        {
            "x":138,
            "y":141,
            "w":181,
            "h":171,
            "index":31
        },
        {
            "x":350,
            "y":142,
            "w":157,
            "h":61,
            "index":32
        },
        {
            "x":743,
            "y":147,
            "w":76,
            "h":123,
            "index":33
        },
        {
            "x":350,
            "y":165,
            "w":151,
            "h":154,
            "index":34
        },
        {
            "x":229,
            "y":180,
            "w":22,
            "h":35,
            "index":35
        },
        {
            "x":493,
            "y":186,
            "w":120,
            "h":109,
            "index":36
        },
        {
            "x":302,
            "y":211,
            "w":52,
            "h":44,
            "index":37
        },
        {
            "x":184,
            "y":214,
            "w":105,
            "h":24,
            "index":38
        },
        {
            "x":320,
            "y":231,
            "w":45,
            "h":61,
            "index":39
        },
        {
            "x":209,
            "y":238,
            "w":27,
            "h":46,
            "index":40
        },
        {
            "x":736,
            "y":243,
            "w":57,
            "h":40,
            "index":41
        },
        {
            "x":290,
            "y":256,
            "w":36,
            "h":44,
            "index":42
        },
        {
            "x":669,
            "y":258,
            "w":113,
            "h":94,
            "index":43
        },
        {
            "x":280,
            "y":268,
            "w":38,
            "h":40,
            "index":44
        },
        {
            "x":599,
            "y":268,
            "w":136,
            "h":42,
            "index":45
        },
        {
            "x":373,
            "y":276,
            "w":145,
            "h":72,
            "index":46
        },
        {
            "x":594,
            "y":281,
            "w":164,
            "h":92,
            "index":47
        },
        {
            "x":650,
            "y":282,
            "w":185,
            "h":359,
            "index":48
        },
        {
            "x":360,
            "y":287,
            "w":169,
            "h":140,
            "index":49
        },
        {
            "x":322,
            "y":289,
            "w":43,
            "h":32,
            "index":50
        },
        {
            "x":201,
            "y":290,
            "w":78,
            "h":67,
            "index":51
        },
        {
            "x":477,
            "y":295,
            "w":181,
            "h":87,
            "index":52
        },
        {
            "x":304,
            "y":302,
            "w":140,
            "h":106,
            "index":53
        },
        {
            "x":259,
            "y":303,
            "w":32,
            "h":63,
            "index":54
        },
        {
            "x":213,
            "y":307,
            "w":55,
            "h":41,
            "index":55
        },
        {
            "x":311,
            "y":310,
            "w":7,
            "h":19,
            "index":56
        },
        {
            "x":279,
            "y":311,
            "w":29,
            "h":58,
            "index":57
        },
        {
            "x":762,
            "y":331,
            "w":37,
            "h":73,
            "index":58
        },
        {
            "x":319,
            "y":342,
            "w":470,
            "h":295,
            "index":59
        },
        {
            "x":210,
            "y":344,
            "w":46,
            "h":27,
            "index":60
        },
        {
            "x":246,
            "y":352,
            "w":404,
            "h":311,
            "index":61
        },
        {
            "x":191,
            "y":365,
            "w":68,
            "h":118,
            "index":62
        },
        {
            "x":0,
            "y":384,
            "w":174,
            "h":33,
            "index":63
        },
        {
            "x":0,
            "y":422,
            "w":145,
            "h":318,
            "index":64
        },
        {
            "x":672,
            "y":441,
            "w":20,
            "h":23,
            "index":65
        },
        {
            "x":0,
            "y":449,
            "w":124,
            "h":73,
            "index":66
        },
        {
            "x":475,
            "y":450,
            "w":22,
            "h":25,
            "index":67
        },
        {
            "x":0,
            "y":470,
            "w":26,
            "h":29,
            "index":68
        },
        {
            "x":561,
            "y":504,
            "w":44,
            "h":32,
            "index":69
        },
        {
            "x":722,
            "y":517,
            "w":25,
            "h":30,
            "index":70
        },
        {
            "x":380,
            "y":525,
            "w":26,
            "h":33,
            "index":71
        },
        {
            "x":676,
            "y":545,
            "w":36,
            "h":34,
            "index":72
        },
        {
            "x":0,
            "y":546,
            "w":124,
            "h":171,
            "index":73
        },
        {
            "x":415,
            "y":548,
            "w":36,
            "h":37,
            "index":74
        },
        {
            "x":627,
            "y":566,
            "w":42,
            "h":35,
            "index":75
        },
        {
            "x":460,
            "y":568,
            "w":44,
            "h":37,
            "index":76
        },
        {
            "x":512,
            "y":580,
            "w":47,
            "h":34,
            "index":77
        },
        {
            "x":571,
            "y":580,
            "w":46,
            "h":33,
            "index":78
        },
        {
            "x":685,
            "y":636,
            "w":52,
            "h":61,
            "index":79
        },
        {
            "x":603,
            "y":637,
            "w":85,
            "h":74,
            "index":80
        },
        {
            "x":339,
            "y":639,
            "w":113,
            "h":78,
            "index":81
        },
        {
            "x":449,
            "y":648,
            "w":99,
            "h":82,
            "index":82
        },
        {
            "x":547,
            "y":655,
            "w":58,
            "h":52,
            "index":83
        },
        {
            "x":608,
            "y":655,
            "w":59,
            "h":36,
            "index":84
        },
        {
            "x":653,
            "y":657,
            "w":105,
            "h":110,
            "index":85
        },
        {
            "x":475,
            "y":667,
            "w":68,
            "h":40,
            "index":86
        },
        {
            "x":319,
            "y":673,
            "w":207,
            "h":80,
            "index":87
        },
        {
            "x":670,
            "y":685,
            "w":119,
            "h":102,
            "index":88
        },
        {
            "x":597,
            "y":698,
            "w":69,
            "h":43,
            "index":89
        },
        {
            "x":508,
            "y":699,
            "w":48,
            "h":88,
            "index":90
        },
        {
            "x":263,
            "y":700,
            "w":157,
            "h":144,
            "index":91
        },
        {
            "x":584,
            "y":704,
            "w":27,
            "h":24,
            "index":92
        },
        {
            "x":550,
            "y":706,
            "w":22,
            "h":30,
            "index":93
        },
        {
            "x":410,
            "y":711,
            "w":214,
            "h":88,
            "index":94
        },
        {
            "x":611,
            "y":736,
            "w":41,
            "h":29,
            "index":95
        },
        {
            "x":0,
            "y":744,
            "w":1024,
            "h":280,
            "index":96
        },
        {
            "x":557,
            "y":752,
            "w":35,
            "h":35,
            "index":97
        },
        {
            "x":594,
            "y":756,
            "w":21,
            "h":22,
            "index":98
        },
        {
            "x":695,
            "y":768,
            "w":105,
            "h":102,
            "index":99
        },
        {
            "x":575,
            "y":769,
            "w":119,
            "h":108,
            "index":100
        },
        {
            "x":294,
            "y":780,
            "w":304,
            "h":168,
            "index":101
        },
        {
            "x":687,
            "y":788,
            "w":11,
            "h":12,
            "index":102
        },
        {
            "x":435,
            "y":792,
            "w":38,
            "h":32,
            "index":103
        },
        {
            "x":329,
            "y":794,
            "w":228,
            "h":124,
            "index":104
        },
        {
            "x":473,
            "y":797,
            "w":17,
            "h":20,
            "index":105
        },
        {
            "x":492,
            "y":802,
            "w":35,
            "h":34,
            "index":106
        },
        {
            "x":238,
            "y":803,
            "w":135,
            "h":97,
            "index":107
        },
        {
            "x":491,
            "y":809,
            "w":94,
            "h":134,
            "index":108
        },
        {
            "x":486,
            "y":819,
            "w":26,
            "h":43,
            "index":109
        },
        {
            "x":438,
            "y":820,
            "w":34,
            "h":35,
            "index":110
        },
        {
            "x":108,
            "y":826,
            "w":879,
            "h":172,
            "index":111
        },
        {
            "x":799,
            "y":842,
            "w":35,
            "h":42,
            "index":112
        },
        {
            "x":785,
            "y":861,
            "w":68,
            "h":54,
            "index":113
        },
        {
            "x":689,
            "y":864,
            "w":109,
            "h":73,
            "index":114
        },
        {
            "x":575,
            "y":876,
            "w":116,
            "h":71,
            "index":115
        },
        {
            "x":680,
            "y":911,
            "w":16,
            "h":17,
            "index":116
        }
    ]
}