{
    "image":"game.png",
    "width":1024,
    "height":1024,
    "selectTab":{
        "id":"01"
    },
    "selectColor":{
        "id":"FCCFCA",
        "color":"#FCCFCA"
    },
    "list":[
        {
            "x":0,
            "y":0,
            "w":12,
            "h":17,
            "index":0
        },
        {
            "x":0,
            "y":0,
            "w":24,
            "h":31,
            "index":1
        },
        {
            "x":0,
            "y":0,
            "w":62,
            "h":67,
            "index":2
        },
        {
            "x":0,
            "y":0,
            "w":136,
            "h":107,
            "index":3
        },
        {
            "x":0,
            "y":0,
            "w":369,
            "h":740,
            "index":4
        },
        {
            "x":292,
            "y":0,
            "w":71,
            "h":223,
            "index":5
        },
        {
            "x":347,
            "y":0,
            "w":78,
            "h":148,
            "index":6
        },
        {
            "x":390,
            "y":0,
            "w":75,
            "h":162,
            "index":7
        },
        {
            "x":441,
            "y":0,
            "w":267,
            "h":169,
            "index":8
        },
        {
            "x":591,
            "y":0,
            "w":196,
            "h":238,
            "index":9
        },
        {
            "x":788,
            "y":0,
            "w":34,
            "h":38,
            "index":10
        },
        {
            "x":822,
            "y":0,
            "w":55,
            "h":37,
            "index":11
        },
        {
            "x":870,
            "y":0,
            "w":154,
            "h":154,
            "index":12
        },
        {
            "x":914,
            "y":0,
            "w":110,
            "h":105,
            "index":13
        },
        {
            "x":3,
            "y":2,
            "w":171,
            "h":110,
            "index":14
        },
        {
            "x":787,
            "y":30,
            "w":50,
            "h":86,
            "index":15
        },
        {
            "x":718,
            "y":38,
            "w":306,
            "h":701,
            "index":16
        },
        {
            "x":655,
            "y":47,
            "w":93,
            "h":119,
            "index":17
        },
        {
            "x":26,
            "y":51,
            "w":139,
            "h":60,
            "index":18
        },
        {
            "x":369,
            "y":80,
            "w":37,
            "h":69,
            "index":19
        },
        {
            "x":783,
            "y":95,
            "w":57,
            "h":89,
            "index":20
        },
        {
            "x":93,
            "y":113,
            "w":55,
            "h":55,
            "index":21
        },
        {
            "x":579,
            "y":114,
            "w":129,
            "h":76,
            "index":22
        },
        {
            "x":777,
            "y":116,
            "w":11,
            "h":15,
            "index":23
        },
        {
            "x":811,
            "y":116,
            "w":32,
            "h":19,
            "index":24
        },
        {
            "x":0,
            "y":117,
            "w":107,
            "h":257,
            "index":25
        },
        {
            "x":469,
            "y":131,
            "w":109,
            "h":62,
            "index":26
        },
        {
            "x":769,
            "y":132,
            "w":29,
            "h":20,
            "index":27
        },
        {
            "x":595,
            "y":135,
            "w":138,
            "h":144,
            "index":28
        },
        {
            "x":138,
            "y":141,
            "w":181,
            "h":172,
            "index":29
        },
        {
            "x":350,
            "y":142,
            "w":158,
            "h":61,
            "index":30
        },
        {
            "x":742,
            "y":146,
            "w":77,
            "h":124,
            "index":31
        },
        {
            "x":350,
            "y":165,
            "w":151,
            "h":154,
            "index":32
        },
        {
            "x":229,
            "y":180,
            "w":23,
            "h":35,
            "index":33
        },
        {
            "x":493,
            "y":185,
            "w":120,
            "h":110,
            "index":34
        },
        {
            "x":302,
            "y":210,
            "w":52,
            "h":45,
            "index":35
        },
        {
            "x":184,
            "y":213,
            "w":106,
            "h":25,
            "index":36
        },
        {
            "x":319,
            "y":230,
            "w":46,
            "h":62,
            "index":37
        },
        {
            "x":208,
            "y":237,
            "w":28,
            "h":47,
            "index":38
        },
        {
            "x":736,
            "y":242,
            "w":57,
            "h":42,
            "index":39
        },
        {
            "x":290,
            "y":255,
            "w":36,
            "h":45,
            "index":40
        },
        {
            "x":668,
            "y":258,
            "w":114,
            "h":95,
            "index":41
        },
        {
            "x":280,
            "y":267,
            "w":38,
            "h":41,
            "index":42
        },
        {
            "x":598,
            "y":268,
            "w":137,
            "h":42,
            "index":43
        },
        {
            "x":373,
            "y":276,
            "w":145,
            "h":72,
            "index":44
        },
        {
            "x":594,
            "y":280,
            "w":164,
            "h":94,
            "index":45
        },
        {
            "x":246,
            "y":281,
            "w":590,
            "h":382,
            "index":46
        },
        {
            "x":359,
            "y":286,
            "w":170,
            "h":141,
            "index":47
        },
        {
            "x":200,
            "y":289,
            "w":80,
            "h":69,
            "index":48
        },
        {
            "x":322,
            "y":289,
            "w":44,
            "h":32,
            "index":49
        },
        {
            "x":476,
            "y":295,
            "w":183,
            "h":87,
            "index":50
        },
        {
            "x":303,
            "y":301,
            "w":141,
            "h":107,
            "index":51
        },
        {
            "x":258,
            "y":303,
            "w":50,
            "h":66,
            "index":52
        },
        {
            "x":212,
            "y":307,
            "w":56,
            "h":41,
            "index":53
        },
        {
            "x":311,
            "y":309,
            "w":8,
            "h":21,
            "index":54
        },
        {
            "x":762,
            "y":331,
            "w":38,
            "h":74,
            "index":55
        },
        {
            "x":318,
            "y":342,
            "w":471,
            "h":296,
            "index":56
        },
        {
            "x":210,
            "y":344,
            "w":47,
            "h":28,
            "index":57
        },
        {
            "x":191,
            "y":364,
            "w":68,
            "h":119,
            "index":58
        },
        {
            "x":0,
            "y":384,
            "w":174,
            "h":33,
            "index":59
        },
        {
            "x":0,
            "y":421,
            "w":146,
            "h":320,
            "index":60
        },
        {
            "x":672,
            "y":440,
            "w":21,
            "h":25,
            "index":61
        },
        {
            "x":0,
            "y":449,
            "w":124,
            "h":74,
            "index":62
        },
        {
            "x":475,
            "y":449,
            "w":23,
            "h":27,
            "index":63
        },
        {
            "x":0,
            "y":470,
            "w":26,
            "h":29,
            "index":64
        },
        {
            "x":560,
            "y":504,
            "w":46,
            "h":32,
            "index":65
        },
        {
            "x":721,
            "y":516,
            "w":26,
            "h":32,
            "index":66
        },
        {
            "x":379,
            "y":525,
            "w":28,
            "h":33,
            "index":67
        },
        {
            "x":675,
            "y":543,
            "w":38,
            "h":36,
            "index":68
        },
        {
            "x":0,
            "y":546,
            "w":125,
            "h":172,
            "index":69
        },
        {
            "x":414,
            "y":548,
            "w":38,
            "h":38,
            "index":70
        },
        {
            "x":627,
            "y":566,
            "w":42,
            "h":35,
            "index":71
        },
        {
            "x":459,
            "y":567,
            "w":46,
            "h":38,
            "index":72
        },
        {
            "x":512,
            "y":579,
            "w":48,
            "h":35,
            "index":73
        },
        {
            "x":570,
            "y":580,
            "w":47,
            "h":33,
            "index":74
        },
        {
            "x":685,
            "y":635,
            "w":52,
            "h":62,
            "index":75
        },
        {
            "x":603,
            "y":637,
            "w":85,
            "h":75,
            "index":76
        },
        {
            "x":339,
            "y":639,
            "w":114,
            "h":79,
            "index":77
        },
        {
            "x":449,
            "y":647,
            "w":99,
            "h":83,
            "index":78
        },
        {
            "x":546,
            "y":655,
            "w":59,
            "h":52,
            "index":79
        },
        {
            "x":608,
            "y":655,
            "w":59,
            "h":36,
            "index":80
        },
        {
            "x":653,
            "y":656,
            "w":105,
            "h":112,
            "index":81
        },
        {
            "x":475,
            "y":667,
            "w":68,
            "h":41,
            "index":82
        },
        {
            "x":319,
            "y":672,
            "w":209,
            "h":82,
            "index":83
        },
        {
            "x":670,
            "y":685,
            "w":119,
            "h":103,
            "index":84
        },
        {
            "x":597,
            "y":698,
            "w":69,
            "h":43,
            "index":85
        },
        {
            "x":262,
            "y":699,
            "w":158,
            "h":146,
            "index":86
        },
        {
            "x":508,
            "y":699,
            "w":49,
            "h":89,
            "index":87
        },
        {
            "x":583,
            "y":704,
            "w":30,
            "h":25,
            "index":88
        },
        {
            "x":549,
            "y":705,
            "w":24,
            "h":33,
            "index":89
        },
        {
            "x":409,
            "y":710,
            "w":215,
            "h":89,
            "index":90
        },
        {
            "x":611,
            "y":736,
            "w":41,
            "h":29,
            "index":91
        },
        {
            "x":0,
            "y":743,
            "w":1024,
            "h":281,
            "index":92
        },
        {
            "x":556,
            "y":752,
            "w":36,
            "h":35,
            "index":93
        },
        {
            "x":594,
            "y":755,
            "w":22,
            "h":23,
            "index":94
        },
        {
            "x":695,
            "y":768,
            "w":105,
            "h":102,
            "index":95
        },
        {
            "x":575,
            "y":769,
            "w":119,
            "h":109,
            "index":96
        },
        {
            "x":294,
            "y":779,
            "w":304,
            "h":169,
            "index":97
        },
        {
            "x":687,
            "y":787,
            "w":12,
            "h":13,
            "index":98
        },
        {
            "x":435,
            "y":792,
            "w":38,
            "h":32,
            "index":99
        },
        {
            "x":328,
            "y":794,
            "w":230,
            "h":124,
            "index":100
        },
        {
            "x":473,
            "y":797,
            "w":18,
            "h":20,
            "index":101
        },
        {
            "x":237,
            "y":802,
            "w":137,
            "h":98,
            "index":102
        },
        {
            "x":491,
            "y":802,
            "w":36,
            "h":34,
            "index":103
        },
        {
            "x":491,
            "y":808,
            "w":95,
            "h":136,
            "index":104
        },
        {
            "x":485,
            "y":818,
            "w":27,
            "h":45,
            "index":105
        },
        {
            "x":437,
            "y":819,
            "w":36,
            "h":37,
            "index":106
        },
        {
            "x":107,
            "y":825,
            "w":880,
            "h":174,
            "index":107
        },
        {
            "x":798,
            "y":840,
            "w":36,
            "h":44,
            "index":108
        },
        {
            "x":784,
            "y":861,
            "w":70,
            "h":54,
            "index":109
        },
        {
            "x":689,
            "y":864,
            "w":109,
            "h":74,
            "index":110
        },
        {
            "x":575,
            "y":875,
            "w":116,
            "h":72,
            "index":111
        },
        {
            "x":680,
            "y":910,
            "w":19,
            "h":20,
            "index":112
        }
    ]
}