{
    "image":"game.png",
    "width":1024,
    "height":1024,
    "selectTab":{
        "id":"01"
    },
    "selectColor":{
        "id":"FCCFCA",
        "color":"#FCCFCA"
    },
    "list":[
        {
            "x":0,
            "y":0,
            "w":1024,
            "h":1024,
            "index":0
        },
        {
            "x":623,
            "y":110,
            "w":96,
            "h":130,
            "index":1
        },
        {
            "x":301,
            "y":114,
            "w":53,
            "h":161,
            "index":2
        },
        {
            "x":573,
            "y":124,
            "w":311,
            "h":345,
            "index":3
        },
        {
            "x":147,
            "y":125,
            "w":233,
            "h":357,
            "index":4
        },
        {
            "x":796,
            "y":153,
            "w":67,
            "h":104,
            "index":5
        },
        {
            "x":749,
            "y":425,
            "w":57,
            "h":58,
            "index":6
        },
        {
            "x":542,
            "y":430,
            "w":34,
            "h":30,
            "index":7
        },
        {
            "x":648,
            "y":431,
            "w":221,
            "h":199,
            "index":8
        },
        {
            "x":693,
            "y":441,
            "w":32,
            "h":33,
            "index":9
        },
        {
            "x":841,
            "y":452,
            "w":113,
            "h":81,
            "index":10
        },
        {
            "x":60,
            "y":454,
            "w":167,
            "h":75,
            "index":11
        },
        {
            "x":499,
            "y":466,
            "w":16,
            "h":15,
            "index":12
        },
        {
            "x":169,
            "y":475,
            "w":172,
            "h":155,
            "index":13
        },
        {
            "x":467,
            "y":484,
            "w":81,
            "h":30,
            "index":14
        },
        {
            "x":184,
            "y":490,
            "w":12,
            "h":13,
            "index":15
        },
        {
            "x":149,
            "y":491,
            "w":34,
            "h":83,
            "index":16
        },
        {
            "x":859,
            "y":493,
            "w":9,
            "h":21,
            "index":17
        },
        {
            "x":135,
            "y":495,
            "w":29,
            "h":113,
            "index":18
        },
        {
            "x":869,
            "y":496,
            "w":12,
            "h":65,
            "index":19
        },
        {
            "x":102,
            "y":499,
            "w":50,
            "h":150,
            "index":20
        },
        {
            "x":867,
            "y":499,
            "w":43,
            "h":139,
            "index":21
        },
        {
            "x":456,
            "y":507,
            "w":102,
            "h":22,
            "index":22
        },
        {
            "x":75,
            "y":515,
            "w":52,
            "h":150,
            "index":23
        },
        {
            "x":887,
            "y":517,
            "w":45,
            "h":125,
            "index":24
        },
        {
            "x":402,
            "y":525,
            "w":21,
            "h":11,
            "index":25
        },
        {
            "x":447,
            "y":527,
            "w":119,
            "h":97,
            "index":26
        },
        {
            "x":626,
            "y":527,
            "w":93,
            "h":85,
            "index":27
        },
        {
            "x":409,
            "y":530,
            "w":39,
            "h":70,
            "index":28
        },
        {
            "x":563,
            "y":530,
            "w":42,
            "h":67,
            "index":29
        },
        {
            "x":635,
            "y":534,
            "w":74,
            "h":13,
            "index":30
        },
        {
            "x":723,
            "y":540,
            "w":70,
            "h":76,
            "index":31
        },
        {
            "x":296,
            "y":542,
            "w":91,
            "h":82,
            "index":32
        },
        {
            "x":308,
            "y":549,
            "w":72,
            "h":11,
            "index":33
        },
        {
            "x":569,
            "y":549,
            "w":19,
            "h":30,
            "index":34
        },
        {
            "x":776,
            "y":557,
            "w":45,
            "h":70,
            "index":35
        },
        {
            "x":249,
            "y":558,
            "w":47,
            "h":58,
            "index":36
        },
        {
            "x":484,
            "y":560,
            "w":45,
            "h":36,
            "index":37
        },
        {
            "x":649,
            "y":566,
            "w":41,
            "h":31,
            "index":38
        },
        {
            "x":234,
            "y":573,
            "w":19,
            "h":51,
            "index":39
        },
        {
            "x":326,
            "y":579,
            "w":40,
            "h":31,
            "index":40
        },
        {
            "x":703,
            "y":587,
            "w":97,
            "h":48,
            "index":41
        },
        {
            "x":277,
            "y":598,
            "w":457,
            "h":94,
            "index":42
        },
        {
            "x":127,
            "y":601,
            "w":178,
            "h":117,
            "index":43
        },
        {
            "x":851,
            "y":605,
            "w":18,
            "h":33,
            "index":44
        },
        {
            "x":647,
            "y":610,
            "w":50,
            "h":17,
            "index":45
        },
        {
            "x":619,
            "y":613,
            "w":108,
            "h":28,
            "index":46
        },
        {
            "x":465,
            "y":622,
            "w":84,
            "h":17,
            "index":47
        },
        {
            "x":316,
            "y":625,
            "w":52,
            "h":13,
            "index":48
        },
        {
            "x":844,
            "y":629,
            "w":4,
            "h":10,
            "index":49
        },
        {
            "x":700,
            "y":636,
            "w":141,
            "h":158,
            "index":50
        },
        {
            "x":836,
            "y":643,
            "w":132,
            "h":160,
            "index":51
        },
        {
            "x":275,
            "y":652,
            "w":459,
            "h":76,
            "index":52
        },
        {
            "x":101,
            "y":665,
            "w":73,
            "h":50,
            "index":53
        },
        {
            "x":786,
            "y":688,
            "w":70,
            "h":29,
            "index":54
        },
        {
            "x":101,
            "y":693,
            "w":150,
            "h":53,
            "index":55
        },
        {
            "x":236,
            "y":697,
            "w":61,
            "h":76,
            "index":56
        },
        {
            "x":292,
            "y":704,
            "w":37,
            "h":66,
            "index":57
        },
        {
            "x":774,
            "y":708,
            "w":89,
            "h":36,
            "index":58
        },
        {
            "x":686,
            "y":710,
            "w":10,
            "h":4,
            "index":59
        },
        {
            "x":307,
            "y":714,
            "w":60,
            "h":176,
            "index":60
        },
        {
            "x":646,
            "y":715,
            "w":56,
            "h":175,
            "index":61
        },
        {
            "x":229,
            "y":716,
            "w":7,
            "h":2,
            "index":62
        },
        {
            "x":683,
            "y":716,
            "w":14,
            "h":25,
            "index":63
        },
        {
            "x":365,
            "y":722,
            "w":248,
            "h":52,
            "index":64
        },
        {
            "x":616,
            "y":722,
            "w":35,
            "h":56,
            "index":65
        },
        {
            "x":83,
            "y":728,
            "w":55,
            "h":119,
            "index":66
        },
        {
            "x":820,
            "y":734,
            "w":43,
            "h":50,
            "index":67
        },
        {
            "x":129,
            "y":739,
            "w":57,
            "h":57,
            "index":68
        },
        {
            "x":687,
            "y":745,
            "w":13,
            "h":33,
            "index":69
        },
        {
            "x":789,
            "y":746,
            "w":30,
            "h":125,
            "index":70
        },
        {
            "x":188,
            "y":748,
            "w":29,
            "h":122,
            "index":71
        },
        {
            "x":219,
            "y":749,
            "w":28,
            "h":45,
            "index":72
        },
        {
            "x":770,
            "y":749,
            "w":17,
            "h":41,
            "index":73
        },
        {
            "x":316,
            "y":750,
            "w":7,
            "h":33,
            "index":74
        },
        {
            "x":858,
            "y":765,
            "w":77,
            "h":75,
            "index":75
        },
        {
            "x":243,
            "y":768,
            "w":48,
            "h":64,
            "index":76
        },
        {
            "x":291,
            "y":769,
            "w":22,
            "h":54,
            "index":77
        },
        {
            "x":353,
            "y":770,
            "w":25,
            "h":70,
            "index":78
        },
        {
            "x":116,
            "y":772,
            "w":778,
            "h":166,
            "index":79
        },
        {
            "x":822,
            "y":780,
            "w":32,
            "h":24,
            "index":80
        },
        {
            "x":121,
            "y":781,
            "w":63,
            "h":34,
            "index":81
        },
        {
            "x":582,
            "y":781,
            "w":76,
            "h":66,
            "index":82
        },
        {
            "x":693,
            "y":783,
            "w":21,
            "h":45,
            "index":83
        },
        {
            "x":700,
            "y":797,
            "w":60,
            "h":77,
            "index":84
        },
        {
            "x":837,
            "y":799,
            "w":23,
            "h":17,
            "index":85
        },
        {
            "x":901,
            "y":821,
            "w":21,
            "h":25,
            "index":86
        }
    ]
}