{
    "image":"game.png",
    "width":1024,
    "height":1024,
    "selectTab":{
        "id":"01"
    },
    "selectColor":{
        "id":"FCCFCA",
        "color":"#FCCFCA"
    },
    "list":[
        {
            "x":0,
            "y":0,
            "w":1024,
            "h":1024,
            "index":0
        },
        {
            "x":696,
            "y":50,
            "w":149,
            "h":190,
            "index":1
        },
        {
            "x":467,
            "y":65,
            "w":161,
            "h":228,
            "index":2
        },
        {
            "x":148,
            "y":68,
            "w":572,
            "h":638,
            "index":3
        },
        {
            "x":80,
            "y":97,
            "w":139,
            "h":89,
            "index":4
        },
        {
            "x":500,
            "y":124,
            "w":86,
            "h":150,
            "index":5
        },
        {
            "x":280,
            "y":125,
            "w":89,
            "h":166,
            "index":6
        },
        {
            "x":643,
            "y":138,
            "w":97,
            "h":57,
            "index":7
        },
        {
            "x":524,
            "y":199,
            "w":34,
            "h":72,
            "index":8
        },
        {
            "x":311,
            "y":213,
            "w":38,
            "h":70,
            "index":9
        },
        {
            "x":721,
            "y":313,
            "w":130,
            "h":79,
            "index":10
        },
        {
            "x":221,
            "y":358,
            "w":431,
            "h":308,
            "index":11
        },
        {
            "x":50,
            "y":408,
            "w":109,
            "h":72,
            "index":12
        },
        {
            "x":477,
            "y":442,
            "w":123,
            "h":121,
            "index":13
        },
        {
            "x":271,
            "y":445,
            "w":126,
            "h":120,
            "index":14
        },
        {
            "x":353,
            "y":483,
            "w":19,
            "h":22,
            "index":15
        },
        {
            "x":501,
            "y":485,
            "w":21,
            "h":22,
            "index":16
        },
        {
            "x":418,
            "y":530,
            "w":37,
            "h":32,
            "index":17
        },
        {
            "x":603,
            "y":549,
            "w":26,
            "h":23,
            "index":18
        },
        {
            "x":245,
            "y":551,
            "w":27,
            "h":38,
            "index":19
        },
        {
            "x":643,
            "y":563,
            "w":203,
            "h":179,
            "index":20
        },
        {
            "x":559,
            "y":576,
            "w":38,
            "h":33,
            "index":21
        },
        {
            "x":282,
            "y":577,
            "w":35,
            "h":36,
            "index":22
        },
        {
            "x":678,
            "y":582,
            "w":22,
            "h":18,
            "index":23
        },
        {
            "x":326,
            "y":596,
            "w":36,
            "h":33,
            "index":24
        },
        {
            "x":513,
            "y":597,
            "w":38,
            "h":31,
            "index":25
        },
        {
            "x":369,
            "y":606,
            "w":38,
            "h":31,
            "index":26
        },
        {
            "x":461,
            "y":608,
            "w":43,
            "h":30,
            "index":27
        },
        {
            "x":415,
            "y":611,
            "w":38,
            "h":30,
            "index":28
        },
        {
            "x":810,
            "y":625,
            "w":18,
            "h":23,
            "index":29
        },
        {
            "x":601,
            "y":642,
            "w":50,
            "h":65,
            "index":30
        },
        {
            "x":689,
            "y":646,
            "w":10,
            "h":12,
            "index":31
        },
        {
            "x":169,
            "y":665,
            "w":468,
            "h":316,
            "index":32
        },
        {
            "x":688,
            "y":671,
            "w":64,
            "h":57,
            "index":33
        },
        {
            "x":769,
            "y":672,
            "w":8,
            "h":11,
            "index":34
        },
        {
            "x":585,
            "y":714,
            "w":205,
            "h":165,
            "index":35
        },
        {
            "x":701,
            "y":786,
            "w":54,
            "h":60,
            "index":36
        },
        {
            "x":515,
            "y":966,
            "w":3,
            "h":7,
            "index":37
        },
        {
            "x":378,
            "y":977,
            "w":7,
            "h":6,
            "index":38
        }
    ]
}