{
    "image":"game.png",
    "width":1024,
    "height":1024,
    "selectTab":{
        "id":"01"
    },
    "selectColor":{
        "id":"FCCFCA",
        "color":"#FCCFCA"
    },
    "list":[
        {
            "x":0,
            "y":0,
            "w":1024,
            "h":1024,
            "index":0
        },
        {
            "x":697,
            "y":51,
            "w":147,
            "h":188,
            "index":1
        },
        {
            "x":470,
            "y":66,
            "w":157,
            "h":226,
            "index":2
        },
        {
            "x":149,
            "y":68,
            "w":570,
            "h":637,
            "index":3
        },
        {
            "x":81,
            "y":98,
            "w":137,
            "h":87,
            "index":4
        },
        {
            "x":501,
            "y":125,
            "w":85,
            "h":148,
            "index":5
        },
        {
            "x":281,
            "y":126,
            "w":88,
            "h":164,
            "index":6
        },
        {
            "x":644,
            "y":139,
            "w":95,
            "h":56,
            "index":7
        },
        {
            "x":525,
            "y":199,
            "w":32,
            "h":70,
            "index":8
        },
        {
            "x":312,
            "y":214,
            "w":36,
            "h":68,
            "index":9
        },
        {
            "x":722,
            "y":314,
            "w":129,
            "h":77,
            "index":10
        },
        {
            "x":221,
            "y":359,
            "w":430,
            "h":306,
            "index":11
        },
        {
            "x":51,
            "y":409,
            "w":107,
            "h":70,
            "index":12
        },
        {
            "x":478,
            "y":442,
            "w":120,
            "h":120,
            "index":13
        },
        {
            "x":272,
            "y":446,
            "w":124,
            "h":118,
            "index":14
        },
        {
            "x":354,
            "y":484,
            "w":18,
            "h":20,
            "index":15
        },
        {
            "x":502,
            "y":485,
            "w":20,
            "h":21,
            "index":16
        },
        {
            "x":419,
            "y":531,
            "w":36,
            "h":30,
            "index":17
        },
        {
            "x":605,
            "y":550,
            "w":23,
            "h":21,
            "index":18
        },
        {
            "x":246,
            "y":552,
            "w":25,
            "h":35,
            "index":19
        },
        {
            "x":643,
            "y":564,
            "w":202,
            "h":177,
            "index":20
        },
        {
            "x":560,
            "y":577,
            "w":35,
            "h":30,
            "index":21
        },
        {
            "x":283,
            "y":578,
            "w":32,
            "h":34,
            "index":22
        },
        {
            "x":678,
            "y":583,
            "w":21,
            "h":16,
            "index":23
        },
        {
            "x":326,
            "y":597,
            "w":35,
            "h":31,
            "index":24
        },
        {
            "x":515,
            "y":598,
            "w":35,
            "h":28,
            "index":25
        },
        {
            "x":370,
            "y":607,
            "w":35,
            "h":29,
            "index":26
        },
        {
            "x":462,
            "y":609,
            "w":41,
            "h":28,
            "index":27
        },
        {
            "x":416,
            "y":612,
            "w":36,
            "h":29,
            "index":28
        },
        {
            "x":811,
            "y":625,
            "w":16,
            "h":22,
            "index":29
        },
        {
            "x":602,
            "y":645,
            "w":48,
            "h":62,
            "index":30
        },
        {
            "x":690,
            "y":646,
            "w":9,
            "h":11,
            "index":31
        },
        {
            "x":170,
            "y":665,
            "w":467,
            "h":315,
            "index":32
        },
        {
            "x":689,
            "y":672,
            "w":62,
            "h":55,
            "index":33
        },
        {
            "x":769,
            "y":673,
            "w":7,
            "h":10,
            "index":34
        },
        {
            "x":586,
            "y":714,
            "w":204,
            "h":165,
            "index":35
        },
        {
            "x":584,
            "y":753,
            "w":41,
            "h":37,
            "index":36
        },
        {
            "x":702,
            "y":788,
            "w":52,
            "h":56,
            "index":37
        },
        {
            "x":578,
            "y":816,
            "w":1,
            "h":7,
            "index":38
        }
    ]
}