{
    "image":"game.png",
    "width":1024,
    "height":1024,
    "selectTab":{
        "id":"01"
    },
    "selectColor":{
        "id":"FCCFCA",
        "color":"#FCCFCA"
    },
    "list":[
        {
            "x":0,
            "y":0,
            "w":1024,
            "h":1024,
            "index":0
        },
        {
            "x":341,
            "y":167,
            "w":369,
            "h":333,
            "index":1
        },
        {
            "x":451,
            "y":228,
            "w":38,
            "h":58,
            "index":2
        },
        {
            "x":419,
            "y":232,
            "w":234,
            "h":231,
            "index":3
        },
        {
            "x":552,
            "y":251,
            "w":25,
            "h":59,
            "index":4
        },
        {
            "x":453,
            "y":284,
            "w":33,
            "h":14,
            "index":5
        },
        {
            "x":399,
            "y":306,
            "w":30,
            "h":139,
            "index":6
        },
        {
            "x":546,
            "y":307,
            "w":41,
            "h":14,
            "index":7
        },
        {
            "x":452,
            "y":321,
            "w":7,
            "h":8,
            "index":8
        },
        {
            "x":550,
            "y":346,
            "w":7,
            "h":8,
            "index":9
        },
        {
            "x":615,
            "y":355,
            "w":12,
            "h":16,
            "index":10
        },
        {
            "x":613,
            "y":368,
            "w":6,
            "h":12,
            "index":11
        },
        {
            "x":405,
            "y":399,
            "w":68,
            "h":170,
            "index":12
        },
        {
            "x":556,
            "y":420,
            "w":58,
            "h":61,
            "index":13
        },
        {
            "x":429,
            "y":425,
            "w":26,
            "h":34,
            "index":14
        },
        {
            "x":427,
            "y":444,
            "w":8,
            "h":20,
            "index":15
        },
        {
            "x":466,
            "y":455,
            "w":105,
            "h":76,
            "index":16
        },
        {
            "x":463,
            "y":458,
            "w":12,
            "h":10,
            "index":17
        },
        {
            "x":470,
            "y":470,
            "w":5,
            "h":11,
            "index":18
        },
        {
            "x":552,
            "y":508,
            "w":51,
            "h":45,
            "index":19
        },
        {
            "x":455,
            "y":521,
            "w":9,
            "h":23,
            "index":20
        },
        {
            "x":256,
            "y":522,
            "w":206,
            "h":322,
            "index":21
        },
        {
            "x":328,
            "y":523,
            "w":468,
            "h":489,
            "index":22
        },
        {
            "x":462,
            "y":524,
            "w":97,
            "h":35,
            "index":23
        },
        {
            "x":385,
            "y":545,
            "w":79,
            "h":78,
            "index":24
        },
        {
            "x":486,
            "y":646,
            "w":82,
            "h":90,
            "index":25
        },
        {
            "x":579,
            "y":649,
            "w":19,
            "h":19,
            "index":26
        },
        {
            "x":472,
            "y":650,
            "w":6,
            "h":6,
            "index":27
        },
        {
            "x":550,
            "y":691,
            "w":6,
            "h":6,
            "index":28
        },
        {
            "x":589,
            "y":704,
            "w":7,
            "h":7,
            "index":29
        },
        {
            "x":456,
            "y":752,
            "w":19,
            "h":19,
            "index":30
        },
        {
            "x":562,
            "y":757,
            "w":20,
            "h":19,
            "index":31
        },
        {
            "x":519,
            "y":785,
            "w":6,
            "h":6,
            "index":32
        },
        {
            "x":674,
            "y":931,
            "w":13,
            "h":44,
            "index":33
        },
        {
            "x":643,
            "y":933,
            "w":33,
            "h":47,
            "index":34
        },
        {
            "x":428,
            "y":935,
            "w":37,
            "h":50,
            "index":35
        },
        {
            "x":625,
            "y":935,
            "w":20,
            "h":47,
            "index":36
        },
        {
            "x":607,
            "y":936,
            "w":21,
            "h":48,
            "index":37
        },
        {
            "x":571,
            "y":938,
            "w":39,
            "h":50,
            "index":38
        },
        {
            "x":536,
            "y":943,
            "w":36,
            "h":47,
            "index":39
        },
        {
            "x":463,
            "y":944,
            "w":37,
            "h":45,
            "index":40
        },
        {
            "x":499,
            "y":949,
            "w":36,
            "h":41,
            "index":41
        },
        {
            "x":739,
            "y":1006,
            "w":13,
            "h":18,
            "index":42
        },
        {
            "x":752,
            "y":1006,
            "w":23,
            "h":18,
            "index":43
        },
        {
            "x":726,
            "y":1007,
            "w":13,
            "h":17,
            "index":44
        },
        {
            "x":715,
            "y":1009,
            "w":11,
            "h":15,
            "index":45
        },
        {
            "x":775,
            "y":1009,
            "w":7,
            "h":15,
            "index":46
        },
        {
            "x":707,
            "y":1012,
            "w":8,
            "h":12,
            "index":47
        }
    ]
}