{
    "image":"game.png",
    "width":1024,
    "height":1024,
    "selectTab":{
        "id":"01"
    },
    "selectColor":{
        "id":"FCCFCA",
        "color":"#FCCFCA"
    },
    "list":[
        {
            "x":0,
            "y":0,
            "w":1024,
            "h":1024,
            "index":0
        },
        {
            "x":506,
            "y":48,
            "w":40,
            "h":35,
            "index":1
        },
        {
            "x":449,
            "y":128,
            "w":95,
            "h":82,
            "index":2
        },
        {
            "x":518,
            "y":141,
            "w":15,
            "h":30,
            "index":3
        },
        {
            "x":552,
            "y":186,
            "w":18,
            "h":19,
            "index":4
        },
        {
            "x":365,
            "y":187,
            "w":280,
            "h":236,
            "index":5
        },
        {
            "x":411,
            "y":202,
            "w":23,
            "h":22,
            "index":6
        },
        {
            "x":574,
            "y":222,
            "w":27,
            "h":28,
            "index":7
        },
        {
            "x":443,
            "y":226,
            "w":28,
            "h":28,
            "index":8
        },
        {
            "x":510,
            "y":231,
            "w":24,
            "h":20,
            "index":9
        },
        {
            "x":378,
            "y":238,
            "w":16,
            "h":16,
            "index":10
        },
        {
            "x":617,
            "y":245,
            "w":12,
            "h":12,
            "index":11
        },
        {
            "x":396,
            "y":270,
            "w":8,
            "h":8,
            "index":12
        },
        {
            "x":586,
            "y":270,
            "w":8,
            "h":8,
            "index":13
        },
        {
            "x":485,
            "y":271,
            "w":15,
            "h":15,
            "index":14
        },
        {
            "x":429,
            "y":276,
            "w":17,
            "h":27,
            "index":15
        },
        {
            "x":542,
            "y":285,
            "w":16,
            "h":16,
            "index":16
        },
        {
            "x":436,
            "y":389,
            "w":240,
            "h":196,
            "index":17
        },
        {
            "x":330,
            "y":390,
            "w":121,
            "h":178,
            "index":18
        },
        {
            "x":621,
            "y":411,
            "w":33,
            "h":43,
            "index":19
        },
        {
            "x":350,
            "y":413,
            "w":23,
            "h":40,
            "index":20
        },
        {
            "x":347,
            "y":467,
            "w":6,
            "h":9,
            "index":21
        },
        {
            "x":656,
            "y":469,
            "w":5,
            "h":8,
            "index":22
        },
        {
            "x":360,
            "y":557,
            "w":20,
            "h":12,
            "index":23
        },
        {
            "x":396,
            "y":566,
            "w":145,
            "h":18,
            "index":24
        },
        {
            "x":367,
            "y":567,
            "w":277,
            "h":110,
            "index":25
        },
        {
            "x":373,
            "y":571,
            "w":31,
            "h":21,
            "index":26
        },
        {
            "x":632,
            "y":573,
            "w":13,
            "h":28,
            "index":27
        },
        {
            "x":605,
            "y":577,
            "w":23,
            "h":13,
            "index":28
        },
        {
            "x":558,
            "y":581,
            "w":57,
            "h":51,
            "index":29
        },
        {
            "x":394,
            "y":582,
            "w":59,
            "h":51,
            "index":30
        },
        {
            "x":447,
            "y":585,
            "w":35,
            "h":19,
            "index":31
        },
        {
            "x":529,
            "y":585,
            "w":31,
            "h":18,
            "index":32
        },
        {
            "x":472,
            "y":587,
            "w":66,
            "h":55,
            "index":33
        },
        {
            "x":370,
            "y":589,
            "w":7,
            "h":11,
            "index":34
        },
        {
            "x":602,
            "y":606,
            "w":36,
            "h":42,
            "index":35
        },
        {
            "x":375,
            "y":608,
            "w":34,
            "h":41,
            "index":36
        },
        {
            "x":516,
            "y":619,
            "w":67,
            "h":53,
            "index":37
        },
        {
            "x":428,
            "y":620,
            "w":68,
            "h":53,
            "index":38
        },
        {
            "x":568,
            "y":647,
            "w":48,
            "h":26,
            "index":39
        },
        {
            "x":397,
            "y":648,
            "w":45,
            "h":25,
            "index":40
        },
        {
            "x":480,
            "y":657,
            "w":55,
            "h":21,
            "index":41
        },
        {
            "x":398,
            "y":664,
            "w":217,
            "h":30,
            "index":42
        },
        {
            "x":409,
            "y":683,
            "w":59,
            "h":45,
            "index":43
        },
        {
            "x":566,
            "y":683,
            "w":38,
            "h":38,
            "index":44
        },
        {
            "x":414,
            "y":692,
            "w":179,
            "h":265,
            "index":45
        },
        {
            "x":487,
            "y":695,
            "w":62,
            "h":39,
            "index":46
        },
        {
            "x":530,
            "y":710,
            "w":56,
            "h":55,
            "index":47
        },
        {
            "x":447,
            "y":714,
            "w":62,
            "h":55,
            "index":48
        },
        {
            "x":420,
            "y":725,
            "w":8,
            "h":13,
            "index":49
        },
        {
            "x":427,
            "y":745,
            "w":39,
            "h":47,
            "index":50
        },
        {
            "x":487,
            "y":751,
            "w":65,
            "h":54,
            "index":51
        },
        {
            "x":571,
            "y":754,
            "w":14,
            "h":23,
            "index":52
        },
        {
            "x":530,
            "y":782,
            "w":46,
            "h":50,
            "index":53
        },
        {
            "x":443,
            "y":786,
            "w":66,
            "h":51,
            "index":54
        },
        {
            "x":483,
            "y":821,
            "w":65,
            "h":50,
            "index":55
        },
        {
            "x":448,
            "y":829,
            "w":14,
            "h":19,
            "index":56
        },
        {
            "x":523,
            "y":847,
            "w":37,
            "h":47,
            "index":57
        },
        {
            "x":457,
            "y":853,
            "w":45,
            "h":43,
            "index":58
        },
        {
            "x":485,
            "y":887,
            "w":57,
            "h":44,
            "index":59
        },
        {
            "x":472,
            "y":910,
            "w":31,
            "h":39,
            "index":60
        },
        {
            "x":523,
            "y":928,
            "w":14,
            "h":16,
            "index":61
        },
        {
            "x":492,
            "y":946,
            "w":34,
            "h":27,
            "index":62
        }
    ]
}