{
    "image":"game.png",
    "width":1024,
    "height":1024,
    "selectTab":{
        "id":"01"
    },
    "selectColor":{
        "id":"FCCFCA",
        "color":"#FCCFCA"
    },
    "list":[
        {
            "x":0,
            "y":0,
            "w":82,
            "h":30,
            "index":0
        },
        {
            "x":66,
            "y":0,
            "w":81,
            "h":92,
            "index":1
        },
        {
            "x":109,
            "y":0,
            "w":176,
            "h":89,
            "index":2
        },
        {
            "x":244,
            "y":0,
            "w":154,
            "h":108,
            "index":3
        },
        {
            "x":199,
            "y":0,
            "w":798,
            "h":349,
            "index":4
        },
        {
            "x":608,
            "y":0,
            "w":58,
            "h":38,
            "index":5
        },
        {
            "x":658,
            "y":0,
            "w":38,
            "h":31,
            "index":6
        },
        {
            "x":703,
            "y":0,
            "w":47,
            "h":103,
            "index":7
        },
        {
            "x":751,
            "y":0,
            "w":40,
            "h":39,
            "index":8
        },
        {
            "x":798,
            "y":0,
            "w":51,
            "h":119,
            "index":9
        },
        {
            "x":856,
            "y":0,
            "w":87,
            "h":97,
            "index":10
        },
        {
            "x":905,
            "y":0,
            "w":119,
            "h":52,
            "index":11
        },
        {
            "x":446,
            "y":10,
            "w":50,
            "h":31,
            "index":12
        },
        {
            "x":0,
            "y":22,
            "w":135,
            "h":169,
            "index":13
        },
        {
            "x":910,
            "y":31,
            "w":114,
            "h":400,
            "index":14
        },
        {
            "x":165,
            "y":32,
            "w":21,
            "h":22,
            "index":15
        },
        {
            "x":640,
            "y":33,
            "w":67,
            "h":55,
            "index":16
        },
        {
            "x":687,
            "y":37,
            "w":9,
            "h":14,
            "index":17
        },
        {
            "x":856,
            "y":38,
            "w":21,
            "h":44,
            "index":18
        },
        {
            "x":755,
            "y":43,
            "w":36,
            "h":77,
            "index":19
        },
        {
            "x":259,
            "y":46,
            "w":437,
            "h":281,
            "index":20
        },
        {
            "x":76,
            "y":68,
            "w":224,
            "h":539,
            "index":21
        },
        {
            "x":434,
            "y":78,
            "w":32,
            "h":47,
            "index":22
        },
        {
            "x":673,
            "y":79,
            "w":72,
            "h":60,
            "index":23
        },
        {
            "x":493,
            "y":81,
            "w":34,
            "h":47,
            "index":24
        },
        {
            "x":856,
            "y":81,
            "w":51,
            "h":52,
            "index":25
        },
        {
            "x":20,
            "y":86,
            "w":29,
            "h":31,
            "index":26
        },
        {
            "x":470,
            "y":89,
            "w":19,
            "h":23,
            "index":27
        },
        {
            "x":956,
            "y":90,
            "w":23,
            "h":26,
            "index":28
        },
        {
            "x":388,
            "y":98,
            "w":182,
            "h":155,
            "index":29
        },
        {
            "x":754,
            "y":114,
            "w":59,
            "h":42,
            "index":30
        },
        {
            "x":816,
            "y":116,
            "w":49,
            "h":32,
            "index":31
        },
        {
            "x":235,
            "y":119,
            "w":20,
            "h":21,
            "index":32
        },
        {
            "x":711,
            "y":127,
            "w":72,
            "h":67,
            "index":33
        },
        {
            "x":884,
            "y":128,
            "w":56,
            "h":55,
            "index":34
        },
        {
            "x":840,
            "y":136,
            "w":57,
            "h":55,
            "index":35
        },
        {
            "x":0,
            "y":143,
            "w":182,
            "h":161,
            "index":36
        },
        {
            "x":447,
            "y":144,
            "w":61,
            "h":58,
            "index":37
        },
        {
            "x":788,
            "y":144,
            "w":58,
            "h":53,
            "index":38
        },
        {
            "x":925,
            "y":177,
            "w":48,
            "h":48,
            "index":39
        },
        {
            "x":870,
            "y":178,
            "w":61,
            "h":57,
            "index":40
        },
        {
            "x":752,
            "y":180,
            "w":66,
            "h":64,
            "index":41
        },
        {
            "x":816,
            "y":185,
            "w":61,
            "h":57,
            "index":42
        },
        {
            "x":1000,
            "y":188,
            "w":19,
            "h":18,
            "index":43
        },
        {
            "x":204,
            "y":190,
            "w":17,
            "h":17,
            "index":44
        },
        {
            "x":74,
            "y":213,
            "w":27,
            "h":29,
            "index":45
        },
        {
            "x":852,
            "y":229,
            "w":71,
            "h":34,
            "index":46
        },
        {
            "x":779,
            "y":231,
            "w":72,
            "h":36,
            "index":47
        },
        {
            "x":362,
            "y":268,
            "w":24,
            "h":30,
            "index":48
        },
        {
            "x":585,
            "y":271,
            "w":24,
            "h":29,
            "index":49
        },
        {
            "x":500,
            "y":273,
            "w":25,
            "h":29,
            "index":50
        },
        {
            "x":633,
            "y":275,
            "w":10,
            "h":12,
            "index":51
        },
        {
            "x":0,
            "y":283,
            "w":205,
            "h":184,
            "index":52
        },
        {
            "x":258,
            "y":289,
            "w":28,
            "h":40,
            "index":53
        },
        {
            "x":691,
            "y":302,
            "w":41,
            "h":111,
            "index":54
        },
        {
            "x":248,
            "y":307,
            "w":3,
            "h":4,
            "index":55
        },
        {
            "x":796,
            "y":311,
            "w":149,
            "h":57,
            "index":56
        },
        {
            "x":952,
            "y":313,
            "w":18,
            "h":105,
            "index":57
        },
        {
            "x":278,
            "y":316,
            "w":39,
            "h":38,
            "index":58
        },
        {
            "x":657,
            "y":318,
            "w":38,
            "h":47,
            "index":59
        },
        {
            "x":1002,
            "y":319,
            "w":22,
            "h":34,
            "index":60
        },
        {
            "x":316,
            "y":323,
            "w":40,
            "h":39,
            "index":61
        },
        {
            "x":364,
            "y":324,
            "w":299,
            "h":277,
            "index":62
        },
        {
            "x":740,
            "y":329,
            "w":39,
            "h":66,
            "index":63
        },
        {
            "x":259,
            "y":331,
            "w":28,
            "h":67,
            "index":64
        },
        {
            "x":408,
            "y":333,
            "w":39,
            "h":39,
            "index":65
        },
        {
            "x":550,
            "y":334,
            "w":39,
            "h":38,
            "index":66
        },
        {
            "x":926,
            "y":341,
            "w":34,
            "h":33,
            "index":67
        },
        {
            "x":681,
            "y":348,
            "w":16,
            "h":17,
            "index":68
        },
        {
            "x":57,
            "y":356,
            "w":27,
            "h":30,
            "index":69
        },
        {
            "x":294,
            "y":360,
            "w":16,
            "h":139,
            "index":70
        },
        {
            "x":316,
            "y":362,
            "w":40,
            "h":37,
            "index":71
        },
        {
            "x":785,
            "y":362,
            "w":160,
            "h":88,
            "index":72
        },
        {
            "x":649,
            "y":369,
            "w":54,
            "h":20,
            "index":73
        },
        {
            "x":798,
            "y":372,
            "w":34,
            "h":34,
            "index":74
        },
        {
            "x":873,
            "y":378,
            "w":31,
            "h":33,
            "index":75
        },
        {
            "x":739,
            "y":390,
            "w":39,
            "h":76,
            "index":76
        },
        {
            "x":652,
            "y":391,
            "w":48,
            "h":27,
            "index":77
        },
        {
            "x":259,
            "y":393,
            "w":29,
            "h":67,
            "index":78
        },
        {
            "x":422,
            "y":402,
            "w":246,
            "h":193,
            "index":79
        },
        {
            "x":304,
            "y":405,
            "w":101,
            "h":92,
            "index":80
        },
        {
            "x":593,
            "y":416,
            "w":139,
            "h":28,
            "index":81
        },
        {
            "x":952,
            "y":416,
            "w":19,
            "h":47,
            "index":82
        },
        {
            "x":977,
            "y":419,
            "w":47,
            "h":71,
            "index":83
        },
        {
            "x":785,
            "y":428,
            "w":160,
            "h":98,
            "index":84
        },
        {
            "x":0,
            "y":441,
            "w":118,
            "h":583,
            "index":85
        },
        {
            "x":658,
            "y":447,
            "w":73,
            "h":67,
            "index":86
        },
        {
            "x":378,
            "y":448,
            "w":6,
            "h":13,
            "index":87
        },
        {
            "x":258,
            "y":458,
            "w":30,
            "h":70,
            "index":88
        },
        {
            "x":738,
            "y":461,
            "w":40,
            "h":84,
            "index":89
        },
        {
            "x":916,
            "y":462,
            "w":85,
            "h":63,
            "index":90
        },
        {
            "x":48,
            "y":475,
            "w":310,
            "h":434,
            "index":91
        },
        {
            "x":991,
            "y":489,
            "w":33,
            "h":255,
            "index":92
        },
        {
            "x":316,
            "y":500,
            "w":40,
            "h":46,
            "index":93
        },
        {
            "x":843,
            "y":502,
            "w":167,
            "h":97,
            "index":94
        },
        {
            "x":238,
            "y":504,
            "w":82,
            "h":135,
            "index":95
        },
        {
            "x":601,
            "y":515,
            "w":130,
            "h":117,
            "index":96
        },
        {
            "x":784,
            "y":524,
            "w":56,
            "h":79,
            "index":97
        },
        {
            "x":126,
            "y":529,
            "w":48,
            "h":95,
            "index":98
        },
        {
            "x":808,
            "y":538,
            "w":205,
            "h":117,
            "index":99
        },
        {
            "x":737,
            "y":540,
            "w":40,
            "h":73,
            "index":100
        },
        {
            "x":326,
            "y":548,
            "w":30,
            "h":44,
            "index":101
        },
        {
            "x":266,
            "y":552,
            "w":33,
            "h":75,
            "index":102
        },
        {
            "x":800,
            "y":577,
            "w":194,
            "h":135,
            "index":103
        },
        {
            "x":631,
            "y":584,
            "w":53,
            "h":10,
            "index":104
        },
        {
            "x":429,
            "y":585,
            "w":181,
            "h":66,
            "index":105
        },
        {
            "x":324,
            "y":596,
            "w":418,
            "h":87,
            "index":106
        },
        {
            "x":630,
            "y":597,
            "w":56,
            "h":50,
            "index":107
        },
        {
            "x":691,
            "y":598,
            "w":17,
            "h":35,
            "index":108
        },
        {
            "x":150,
            "y":603,
            "w":11,
            "h":14,
            "index":109
        },
        {
            "x":783,
            "y":606,
            "w":20,
            "h":73,
            "index":110
        },
        {
            "x":693,
            "y":611,
            "w":3,
            "h":5,
            "index":111
        },
        {
            "x":737,
            "y":611,
            "w":40,
            "h":96,
            "index":112
        },
        {
            "x":274,
            "y":613,
            "w":7,
            "h":10,
            "index":113
        },
        {
            "x":472,
            "y":613,
            "w":39,
            "h":35,
            "index":114
        },
        {
            "x":797,
            "y":634,
            "w":76,
            "h":25,
            "index":115
        },
        {
            "x":318,
            "y":641,
            "w":337,
            "h":68,
            "index":116
        },
        {
            "x":660,
            "y":646,
            "w":88,
            "h":63,
            "index":117
        },
        {
            "x":339,
            "y":668,
            "w":51,
            "h":118,
            "index":118
        },
        {
            "x":395,
            "y":678,
            "w":80,
            "h":122,
            "index":119
        },
        {
            "x":783,
            "y":679,
            "w":24,
            "h":65,
            "index":120
        },
        {
            "x":651,
            "y":685,
            "w":78,
            "h":150,
            "index":121
        },
        {
            "x":804,
            "y":686,
            "w":109,
            "h":69,
            "index":122
        },
        {
            "x":480,
            "y":691,
            "w":80,
            "h":123,
            "index":123
        },
        {
            "x":969,
            "y":691,
            "w":23,
            "h":46,
            "index":124
        },
        {
            "x":115,
            "y":694,
            "w":218,
            "h":171,
            "index":125
        },
        {
            "x":736,
            "y":700,
            "w":40,
            "h":63,
            "index":126
        },
        {
            "x":566,
            "y":704,
            "w":79,
            "h":126,
            "index":127
        },
        {
            "x":915,
            "y":709,
            "w":65,
            "h":118,
            "index":128
        },
        {
            "x":763,
            "y":733,
            "w":256,
            "h":192,
            "index":129
        },
        {
            "x":149,
            "y":734,
            "w":58,
            "h":73,
            "index":130
        },
        {
            "x":269,
            "y":735,
            "w":45,
            "h":68,
            "index":131
        },
        {
            "x":1010,
            "y":748,
            "w":14,
            "h":43,
            "index":132
        },
        {
            "x":736,
            "y":760,
            "w":36,
            "h":55,
            "index":133
        },
        {
            "x":849,
            "y":789,
            "w":10,
            "h":12,
            "index":134
        },
        {
            "x":290,
            "y":790,
            "w":734,
            "h":234,
            "index":135
        },
        {
            "x":234,
            "y":792,
            "w":17,
            "h":12,
            "index":136
        },
        {
            "x":736,
            "y":818,
            "w":21,
            "h":16,
            "index":137
        },
        {
            "x":158,
            "y":823,
            "w":13,
            "h":9,
            "index":138
        },
        {
            "x":291,
            "y":823,
            "w":11,
            "h":9,
            "index":139
        },
        {
            "x":367,
            "y":827,
            "w":59,
            "h":60,
            "index":140
        },
        {
            "x":269,
            "y":830,
            "w":13,
            "h":12,
            "index":141
        },
        {
            "x":184,
            "y":832,
            "w":14,
            "h":12,
            "index":142
        },
        {
            "x":58,
            "y":833,
            "w":313,
            "h":191,
            "index":143
        },
        {
            "x":244,
            "y":836,
            "w":16,
            "h":13,
            "index":144
        },
        {
            "x":211,
            "y":837,
            "w":20,
            "h":14,
            "index":145
        },
        {
            "x":839,
            "y":842,
            "w":14,
            "h":13,
            "index":146
        },
        {
            "x":209,
            "y":912,
            "w":57,
            "h":73,
            "index":147
        },
        {
            "x":38,
            "y":942,
            "w":58,
            "h":58,
            "index":148
        },
        {
            "x":679,
            "y":957,
            "w":32,
            "h":6,
            "index":149
        },
        {
            "x":950,
            "y":966,
            "w":32,
            "h":8,
            "index":150
        },
        {
            "x":116,
            "y":997,
            "w":59,
            "h":27,
            "index":151
        },
        {
            "x":181,
            "y":1019,
            "w":43,
            "h":5,
            "index":152
        }
    ]
}