{
    "image":"game.png",
    "width":1024,
    "height":1024,
    "selectTab":{
        "id":"01"
    },
    "selectColor":{
        "id":"FCCFCA",
        "color":"#FCCFCA"
    },
    "list":[
        {
            "x":0,
            "y":0,
            "w":1024,
            "h":1024,
            "index":0
        },
        {
            "x":353,
            "y":195,
            "w":107,
            "h":83,
            "index":1
        },
        {
            "x":429,
            "y":206,
            "w":57,
            "h":100,
            "index":2
        },
        {
            "x":385,
            "y":211,
            "w":40,
            "h":37,
            "index":3
        },
        {
            "x":469,
            "y":217,
            "w":109,
            "h":89,
            "index":4
        },
        {
            "x":345,
            "y":224,
            "w":150,
            "h":178,
            "index":5
        },
        {
            "x":547,
            "y":230,
            "w":57,
            "h":103,
            "index":6
        },
        {
            "x":494,
            "y":242,
            "w":42,
            "h":38,
            "index":7
        },
        {
            "x":587,
            "y":242,
            "w":107,
            "h":90,
            "index":8
        },
        {
            "x":516,
            "y":247,
            "w":155,
            "h":184,
            "index":9
        },
        {
            "x":662,
            "y":255,
            "w":53,
            "h":100,
            "index":10
        },
        {
            "x":621,
            "y":263,
            "w":41,
            "h":40,
            "index":11
        },
        {
            "x":349,
            "y":268,
            "w":94,
            "h":40,
            "index":12
        },
        {
            "x":640,
            "y":275,
            "w":95,
            "h":194,
            "index":13
        },
        {
            "x":305,
            "y":294,
            "w":103,
            "h":81,
            "index":14
        },
        {
            "x":457,
            "y":294,
            "w":103,
            "h":40,
            "index":15
        },
        {
            "x":707,
            "y":305,
            "w":112,
            "h":96,
            "index":16
        },
        {
            "x":704,
            "y":308,
            "w":14,
            "h":21,
            "index":17
        },
        {
            "x":339,
            "y":311,
            "w":32,
            "h":30,
            "index":18
        },
        {
            "x":382,
            "y":311,
            "w":55,
            "h":89,
            "index":19
        },
        {
            "x":465,
            "y":312,
            "w":49,
            "h":46,
            "index":20
        },
        {
            "x":390,
            "y":316,
            "w":5,
            "h":6,
            "index":21
        },
        {
            "x":575,
            "y":320,
            "w":96,
            "h":36,
            "index":22
        },
        {
            "x":421,
            "y":323,
            "w":108,
            "h":83,
            "index":23
        },
        {
            "x":744,
            "y":329,
            "w":45,
            "h":40,
            "index":24
        },
        {
            "x":781,
            "y":330,
            "w":59,
            "h":109,
            "index":25
        },
        {
            "x":502,
            "y":340,
            "w":54,
            "h":90,
            "index":26
        },
        {
            "x":320,
            "y":341,
            "w":8,
            "h":8,
            "index":27
        },
        {
            "x":823,
            "y":348,
            "w":113,
            "h":99,
            "index":28
        },
        {
            "x":540,
            "y":349,
            "w":106,
            "h":90,
            "index":29
        },
        {
            "x":794,
            "y":350,
            "w":64,
            "h":91,
            "index":30
        },
        {
            "x":365,
            "y":354,
            "w":9,
            "h":9,
            "index":31
        },
        {
            "x":305,
            "y":359,
            "w":343,
            "h":118,
            "index":32
        },
        {
            "x":620,
            "y":364,
            "w":48,
            "h":65,
            "index":33
        },
        {
            "x":331,
            "y":370,
            "w":63,
            "h":28,
            "index":34
        },
        {
            "x":862,
            "y":370,
            "w":40,
            "h":47,
            "index":35
        },
        {
            "x":438,
            "y":372,
            "w":34,
            "h":15,
            "index":36
        },
        {
            "x":567,
            "y":376,
            "w":43,
            "h":40,
            "index":37
        },
        {
            "x":898,
            "y":376,
            "w":55,
            "h":106,
            "index":38
        },
        {
            "x":911,
            "y":379,
            "w":6,
            "h":6,
            "index":39
        },
        {
            "x":695,
            "y":381,
            "w":95,
            "h":59,
            "index":40
        },
        {
            "x":413,
            "y":393,
            "w":100,
            "h":37,
            "index":41
        },
        {
            "x":664,
            "y":393,
            "w":8,
            "h":14,
            "index":42
        },
        {
            "x":845,
            "y":404,
            "w":5,
            "h":6,
            "index":43
        },
        {
            "x":739,
            "y":405,
            "w":225,
            "h":423,
            "index":44
        },
        {
            "x":649,
            "y":408,
            "w":111,
            "h":97,
            "index":45
        },
        {
            "x":394,
            "y":410,
            "w":7,
            "h":6,
            "index":46
        },
        {
            "x":351,
            "y":424,
            "w":116,
            "h":36,
            "index":47
        },
        {
            "x":533,
            "y":425,
            "w":37,
            "h":16,
            "index":48
        },
        {
            "x":797,
            "y":425,
            "w":108,
            "h":58,
            "index":49
        },
        {
            "x":370,
            "y":427,
            "w":37,
            "h":20,
            "index":50
        },
        {
            "x":657,
            "y":427,
            "w":5,
            "h":9,
            "index":51
        },
        {
            "x":685,
            "y":430,
            "w":43,
            "h":39,
            "index":52
        },
        {
            "x":724,
            "y":434,
            "w":63,
            "h":108,
            "index":53
        },
        {
            "x":948,
            "y":434,
            "w":5,
            "h":7,
            "index":54
        },
        {
            "x":234,
            "y":435,
            "w":105,
            "h":62,
            "index":55
        },
        {
            "x":776,
            "y":438,
            "w":130,
            "h":52,
            "index":56
        },
        {
            "x":267,
            "y":441,
            "w":40,
            "h":36,
            "index":57
        },
        {
            "x":310,
            "y":448,
            "w":52,
            "h":82,
            "index":58
        },
        {
            "x":465,
            "y":448,
            "w":27,
            "h":28,
            "index":59
        },
        {
            "x":737,
            "y":449,
            "w":65,
            "h":97,
            "index":60
        },
        {
            "x":349,
            "y":456,
            "w":110,
            "h":67,
            "index":61
        },
        {
            "x":767,
            "y":456,
            "w":109,
            "h":97,
            "index":62
        },
        {
            "x":485,
            "y":462,
            "w":14,
            "h":16,
            "index":63
        },
        {
            "x":424,
            "y":464,
            "w":54,
            "h":91,
            "index":64
        },
        {
            "x":496,
            "y":464,
            "w":50,
            "h":10,
            "index":65
        },
        {
            "x":323,
            "y":465,
            "w":49,
            "h":70,
            "index":66
        },
        {
            "x":385,
            "y":469,
            "w":41,
            "h":24,
            "index":67
        },
        {
            "x":574,
            "y":475,
            "w":42,
            "h":25,
            "index":68
        },
        {
            "x":386,
            "y":477,
            "w":42,
            "h":22,
            "index":69
        },
        {
            "x":802,
            "y":477,
            "w":47,
            "h":45,
            "index":70
        },
        {
            "x":465,
            "y":478,
            "w":108,
            "h":68,
            "index":71
        },
        {
            "x":568,
            "y":479,
            "w":22,
            "h":18,
            "index":72
        },
        {
            "x":613,
            "y":480,
            "w":13,
            "h":18,
            "index":73
        },
        {
            "x":621,
            "y":481,
            "w":25,
            "h":19,
            "index":74
        },
        {
            "x":435,
            "y":483,
            "w":56,
            "h":75,
            "index":75
        },
        {
            "x":623,
            "y":484,
            "w":111,
            "h":62,
            "index":76
        },
        {
            "x":840,
            "y":484,
            "w":62,
            "h":103,
            "index":77
        },
        {
            "x":226,
            "y":488,
            "w":94,
            "h":47,
            "index":78
        },
        {
            "x":498,
            "y":491,
            "w":50,
            "h":36,
            "index":79
        },
        {
            "x":589,
            "y":492,
            "w":26,
            "h":26,
            "index":80
        },
        {
            "x":544,
            "y":499,
            "w":54,
            "h":76,
            "index":81
        },
        {
            "x":605,
            "y":504,
            "w":24,
            "h":40,
            "index":82
        },
        {
            "x":604,
            "y":509,
            "w":83,
            "h":97,
            "index":83
        },
        {
            "x":334,
            "y":513,
            "w":98,
            "h":46,
            "index":84
        },
        {
            "x":171,
            "y":514,
            "w":113,
            "h":79,
            "index":85
        },
        {
            "x":574,
            "y":516,
            "w":6,
            "h":8,
            "index":86
        },
        {
            "x":636,
            "y":516,
            "w":67,
            "h":48,
            "index":87
        },
        {
            "x":893,
            "y":517,
            "w":12,
            "h":23,
            "index":88
        },
        {
            "x":564,
            "y":518,
            "w":39,
            "h":64,
            "index":89
        },
        {
            "x":204,
            "y":524,
            "w":50,
            "h":49,
            "index":90
        },
        {
            "x":247,
            "y":528,
            "w":64,
            "h":97,
            "index":91
        },
        {
            "x":681,
            "y":531,
            "w":7,
            "h":8,
            "index":92
        },
        {
            "x":739,
            "y":531,
            "w":109,
            "h":60,
            "index":93
        },
        {
            "x":306,
            "y":535,
            "w":12,
            "h":10,
            "index":94
        },
        {
            "x":449,
            "y":536,
            "w":98,
            "h":45,
            "index":95
        },
        {
            "x":282,
            "y":538,
            "w":113,
            "h":80,
            "index":96
        },
        {
            "x":668,
            "y":539,
            "w":64,
            "h":106,
            "index":97
        },
        {
            "x":681,
            "y":550,
            "w":68,
            "h":97,
            "index":98
        },
        {
            "x":357,
            "y":551,
            "w":66,
            "h":99,
            "index":99
        },
        {
            "x":325,
            "y":553,
            "w":39,
            "h":34,
            "index":100
        },
        {
            "x":712,
            "y":556,
            "w":110,
            "h":98,
            "index":101
        },
        {
            "x":397,
            "y":559,
            "w":114,
            "h":82,
            "index":102
        },
        {
            "x":371,
            "y":560,
            "w":60,
            "h":94,
            "index":103
        },
        {
            "x":621,
            "y":567,
            "w":7,
            "h":7,
            "index":104
        },
        {
            "x":472,
            "y":571,
            "w":65,
            "h":102,
            "index":105
        },
        {
            "x":595,
            "y":577,
            "w":6,
            "h":6,
            "index":106
        },
        {
            "x":430,
            "y":578,
            "w":42,
            "h":44,
            "index":107
        },
        {
            "x":502,
            "y":579,
            "w":113,
            "h":86,
            "index":108
        },
        {
            "x":654,
            "y":579,
            "w":11,
            "h":12,
            "index":109
        },
        {
            "x":303,
            "y":580,
            "w":6,
            "h":7,
            "index":110
        },
        {
            "x":754,
            "y":581,
            "w":33,
            "h":30,
            "index":111
        },
        {
            "x":862,
            "y":581,
            "w":6,
            "h":10,
            "index":112
        },
        {
            "x":165,
            "y":582,
            "w":92,
            "h":46,
            "index":113
        },
        {
            "x":785,
            "y":584,
            "w":62,
            "h":105,
            "index":114
        },
        {
            "x":610,
            "y":595,
            "w":22,
            "h":57,
            "index":115
        },
        {
            "x":624,
            "y":596,
            "w":53,
            "h":52,
            "index":116
        },
        {
            "x":551,
            "y":598,
            "w":40,
            "h":34,
            "index":117
        },
        {
            "x":261,
            "y":601,
            "w":17,
            "h":27,
            "index":118
        },
        {
            "x":110,
            "y":605,
            "w":112,
            "h":82,
            "index":119
        },
        {
            "x":269,
            "y":607,
            "w":99,
            "h":45,
            "index":120
        },
        {
            "x":732,
            "y":612,
            "w":12,
            "h":13,
            "index":121
        },
        {
            "x":184,
            "y":621,
            "w":65,
            "h":99,
            "index":122
        },
        {
            "x":147,
            "y":623,
            "w":38,
            "h":39,
            "index":123
        },
        {
            "x":580,
            "y":625,
            "w":35,
            "h":70,
            "index":124
        },
        {
            "x":243,
            "y":627,
            "w":14,
            "h":10,
            "index":125
        },
        {
            "x":769,
            "y":628,
            "w":11,
            "h":11,
            "index":126
        },
        {
            "x":381,
            "y":630,
            "w":99,
            "h":47,
            "index":127
        },
        {
            "x":219,
            "y":631,
            "w":113,
            "h":83,
            "index":128
        },
        {
            "x":682,
            "y":632,
            "w":110,
            "h":61,
            "index":129
        },
        {
            "x":639,
            "y":633,
            "w":10,
            "h":21,
            "index":130
        },
        {
            "x":531,
            "y":637,
            "w":7,
            "h":7,
            "index":131
        },
        {
            "x":835,
            "y":637,
            "w":6,
            "h":7,
            "index":132
        },
        {
            "x":525,
            "y":640,
            "w":109,
            "h":204,
            "index":133
        },
        {
            "x":614,
            "y":641,
            "w":61,
            "h":107,
            "index":134
        },
        {
            "x":293,
            "y":645,
            "w":67,
            "h":103,
            "index":135
        },
        {
            "x":291,
            "y":647,
            "w":10,
            "h":10,
            "index":136
        },
        {
            "x":624,
            "y":651,
            "w":68,
            "h":100,
            "index":137
        },
        {
            "x":307,
            "y":652,
            "w":63,
            "h":100,
            "index":138
        },
        {
            "x":130,
            "y":653,
            "w":5,
            "h":6,
            "index":139
        },
        {
            "x":492,
            "y":655,
            "w":93,
            "h":44,
            "index":140
        },
        {
            "x":259,
            "y":656,
            "w":26,
            "h":38,
            "index":141
        },
        {
            "x":331,
            "y":656,
            "w":117,
            "h":86,
            "index":142
        },
        {
            "x":657,
            "y":658,
            "w":108,
            "h":97,
            "index":143
        },
        {
            "x":254,
            "y":659,
            "w":22,
            "h":40,
            "index":144
        },
        {
            "x":408,
            "y":670,
            "w":65,
            "h":106,
            "index":145
        },
        {
            "x":222,
            "y":673,
            "w":7,
            "h":11,
            "index":146
        },
        {
            "x":100,
            "y":674,
            "w":94,
            "h":49,
            "index":147
        },
        {
            "x":437,
            "y":676,
            "w":120,
            "h":91,
            "index":148
        },
        {
            "x":366,
            "y":677,
            "w":43,
            "h":40,
            "index":149
        },
        {
            "x":697,
            "y":683,
            "w":40,
            "h":38,
            "index":150
        },
        {
            "x":730,
            "y":687,
            "w":60,
            "h":105,
            "index":151
        },
        {
            "x":800,
            "y":688,
            "w":12,
            "h":23,
            "index":152
        },
        {
            "x":516,
            "y":689,
            "w":67,
            "h":111,
            "index":153
        },
        {
            "x":197,
            "y":692,
            "w":20,
            "h":33,
            "index":154
        },
        {
            "x":475,
            "y":701,
            "w":47,
            "h":32,
            "index":155
        },
        {
            "x":101,
            "y":703,
            "w":430,
            "h":143,
            "index":156
        },
        {
            "x":204,
            "y":703,
            "w":100,
            "h":47,
            "index":157
        },
        {
            "x":677,
            "y":714,
            "w":6,
            "h":6,
            "index":158
        },
        {
            "x":476,
            "y":717,
            "w":48,
            "h":22,
            "index":159
        },
        {
            "x":599,
            "y":720,
            "w":21,
            "h":31,
            "index":160
        },
        {
            "x":313,
            "y":729,
            "w":104,
            "h":49,
            "index":161
        },
        {
            "x":136,
            "y":731,
            "w":13,
            "h":10,
            "index":162
        },
        {
            "x":626,
            "y":732,
            "w":109,
            "h":61,
            "index":163
        },
        {
            "x":459,
            "y":738,
            "w":6,
            "h":6,
            "index":164
        },
        {
            "x":562,
            "y":738,
            "w":15,
            "h":25,
            "index":165
        },
        {
            "x":185,
            "y":741,
            "w":10,
            "h":9,
            "index":166
        },
        {
            "x":584,
            "y":746,
            "w":158,
            "h":83,
            "index":167
        },
        {
            "x":422,
            "y":754,
            "w":101,
            "h":49,
            "index":168
        },
        {
            "x":245,
            "y":756,
            "w":28,
            "h":12,
            "index":169
        },
        {
            "x":637,
            "y":770,
            "w":8,
            "h":8,
            "index":170
        },
        {
            "x":757,
            "y":771,
            "w":11,
            "h":18,
            "index":171
        },
        {
            "x":308,
            "y":772,
            "w":8,
            "h":7,
            "index":172
        },
        {
            "x":383,
            "y":786,
            "w":6,
            "h":6,
            "index":173
        },
        {
            "x":696,
            "y":800,
            "w":21,
            "h":11,
            "index":174
        },
        {
            "x":543,
            "y":801,
            "w":5,
            "h":6,
            "index":175
        },
        {
            "x":419,
            "y":803,
            "w":12,
            "h":9,
            "index":176
        },
        {
            "x":484,
            "y":815,
            "w":21,
            "h":15,
            "index":177
        }
    ]
}