{
    "image":"game.png",
    "width":1024,
    "height":1024,
    "selectTab":{
        "id":"01"
    },
    "selectColor":{
        "id":"FCCFCA",
        "color":"#FCCFCA"
    },
    "list":[
        {
            "x":0,
            "y":0,
            "w":149,
            "h":89,
            "index":0
        },
        {
            "x":40,
            "y":0,
            "w":382,
            "h":382,
            "index":1
        },
        {
            "x":271,
            "y":0,
            "w":311,
            "h":32,
            "index":2
        },
        {
            "x":543,
            "y":0,
            "w":417,
            "h":481,
            "index":3
        },
        {
            "x":851,
            "y":0,
            "w":173,
            "h":92,
            "index":4
        },
        {
            "x":362,
            "y":32,
            "w":130,
            "h":190,
            "index":5
        },
        {
            "x":283,
            "y":33,
            "w":32,
            "h":34,
            "index":6
        },
        {
            "x":356,
            "y":33,
            "w":33,
            "h":34,
            "index":7
        },
        {
            "x":464,
            "y":33,
            "w":33,
            "h":34,
            "index":8
        },
        {
            "x":537,
            "y":33,
            "w":31,
            "h":34,
            "index":9
        },
        {
            "x":319,
            "y":39,
            "w":33,
            "h":28,
            "index":10
        },
        {
            "x":501,
            "y":40,
            "w":33,
            "h":27,
            "index":11
        },
        {
            "x":447,
            "y":42,
            "w":27,
            "h":67,
            "index":12
        },
        {
            "x":379,
            "y":43,
            "w":28,
            "h":66,
            "index":13
        },
        {
            "x":664,
            "y":62,
            "w":138,
            "h":34,
            "index":14
        },
        {
            "x":504,
            "y":71,
            "w":35,
            "h":38,
            "index":15
        },
        {
            "x":541,
            "y":71,
            "w":27,
            "h":38,
            "index":16
        },
        {
            "x":283,
            "y":72,
            "w":30,
            "h":39,
            "index":17
        },
        {
            "x":315,
            "y":72,
            "w":35,
            "h":39,
            "index":18
        },
        {
            "x":346,
            "y":72,
            "w":36,
            "h":39,
            "index":19
        },
        {
            "x":472,
            "y":72,
            "w":37,
            "h":38,
            "index":20
        },
        {
            "x":0,
            "y":90,
            "w":30,
            "h":308,
            "index":21
        },
        {
            "x":970,
            "y":90,
            "w":48,
            "h":661,
            "index":22
        },
        {
            "x":660,
            "y":106,
            "w":145,
            "h":49,
            "index":23
        },
        {
            "x":839,
            "y":109,
            "w":82,
            "h":45,
            "index":24
        },
        {
            "x":287,
            "y":115,
            "w":22,
            "h":26,
            "index":25
        },
        {
            "x":312,
            "y":115,
            "w":24,
            "h":26,
            "index":26
        },
        {
            "x":331,
            "y":115,
            "w":31,
            "h":25,
            "index":27
        },
        {
            "x":492,
            "y":115,
            "w":32,
            "h":25,
            "index":28
        },
        {
            "x":517,
            "y":115,
            "w":24,
            "h":26,
            "index":29
        },
        {
            "x":544,
            "y":115,
            "w":20,
            "h":25,
            "index":30
        },
        {
            "x":339,
            "y":145,
            "w":68,
            "h":77,
            "index":31
        },
        {
            "x":447,
            "y":145,
            "w":64,
            "h":77,
            "index":32
        },
        {
            "x":282,
            "y":149,
            "w":52,
            "h":19,
            "index":33
        },
        {
            "x":518,
            "y":149,
            "w":52,
            "h":19,
            "index":34
        },
        {
            "x":640,
            "y":165,
            "w":319,
            "h":25,
            "index":35
        },
        {
            "x":513,
            "y":178,
            "w":28,
            "h":23,
            "index":36
        },
        {
            "x":286,
            "y":179,
            "w":20,
            "h":22,
            "index":37
        },
        {
            "x":311,
            "y":179,
            "w":28,
            "h":22,
            "index":38
        },
        {
            "x":544,
            "y":179,
            "w":22,
            "h":22,
            "index":39
        },
        {
            "x":503,
            "y":205,
            "w":35,
            "h":34,
            "index":40
        },
        {
            "x":542,
            "y":205,
            "w":29,
            "h":34,
            "index":41
        },
        {
            "x":280,
            "y":206,
            "w":29,
            "h":36,
            "index":42
        },
        {
            "x":313,
            "y":206,
            "w":36,
            "h":35,
            "index":43
        },
        {
            "x":359,
            "y":233,
            "w":133,
            "h":21,
            "index":44
        },
        {
            "x":654,
            "y":243,
            "w":120,
            "h":132,
            "index":45
        },
        {
            "x":502,
            "y":244,
            "w":34,
            "h":18,
            "index":46
        },
        {
            "x":542,
            "y":244,
            "w":30,
            "h":19,
            "index":47
        },
        {
            "x":278,
            "y":246,
            "w":32,
            "h":23,
            "index":48
        },
        {
            "x":315,
            "y":246,
            "w":36,
            "h":21,
            "index":49
        },
        {
            "x":785,
            "y":256,
            "w":108,
            "h":71,
            "index":50
        },
        {
            "x":396,
            "y":260,
            "w":516,
            "h":406,
            "index":51
        },
        {
            "x":721,
            "y":313,
            "w":26,
            "h":32,
            "index":52
        },
        {
            "x":745,
            "y":319,
            "w":81,
            "h":81,
            "index":53
        },
        {
            "x":114,
            "y":326,
            "w":180,
            "h":56,
            "index":54
        },
        {
            "x":805,
            "y":335,
            "w":106,
            "h":108,
            "index":55
        },
        {
            "x":68,
            "y":343,
            "w":37,
            "h":19,
            "index":56
        },
        {
            "x":304,
            "y":344,
            "w":39,
            "h":18,
            "index":57
        },
        {
            "x":832,
            "y":372,
            "w":20,
            "h":23,
            "index":58
        },
        {
            "x":10,
            "y":392,
            "w":392,
            "h":40,
            "index":59
        },
        {
            "x":0,
            "y":426,
            "w":29,
            "h":326,
            "index":60
        },
        {
            "x":40,
            "y":442,
            "w":345,
            "h":309,
            "index":61
        },
        {
            "x":211,
            "y":482,
            "w":100,
            "h":172,
            "index":62
        },
        {
            "x":151,
            "y":484,
            "w":55,
            "h":267,
            "index":63
        },
        {
            "x":90,
            "y":495,
            "w":56,
            "h":256,
            "index":64
        },
        {
            "x":923,
            "y":495,
            "w":36,
            "h":52,
            "index":65
        },
        {
            "x":316,
            "y":499,
            "w":45,
            "h":242,
            "index":66
        },
        {
            "x":348,
            "y":501,
            "w":37,
            "h":47,
            "index":67
        },
        {
            "x":628,
            "y":555,
            "w":35,
            "h":22,
            "index":68
        },
        {
            "x":807,
            "y":555,
            "w":152,
            "h":197,
            "index":69
        },
        {
            "x":372,
            "y":560,
            "w":140,
            "h":185,
            "index":70
        },
        {
            "x":282,
            "y":570,
            "w":29,
            "h":56,
            "index":71
        },
        {
            "x":254,
            "y":602,
            "w":40,
            "h":37,
            "index":72
        },
        {
            "x":197,
            "y":634,
            "w":150,
            "h":86,
            "index":73
        },
        {
            "x":473,
            "y":672,
            "w":367,
            "h":242,
            "index":74
        },
        {
            "x":463,
            "y":673,
            "w":68,
            "h":68,
            "index":75
        },
        {
            "x":730,
            "y":676,
            "w":115,
            "h":120,
            "index":76
        },
        {
            "x":590,
            "y":677,
            "w":95,
            "h":33,
            "index":77
        },
        {
            "x":400,
            "y":711,
            "w":86,
            "h":108,
            "index":78
        },
        {
            "x":240,
            "y":723,
            "w":29,
            "h":60,
            "index":79
        },
        {
            "x":273,
            "y":723,
            "w":29,
            "h":60,
            "index":80
        },
        {
            "x":215,
            "y":725,
            "w":25,
            "h":54,
            "index":81
        },
        {
            "x":302,
            "y":727,
            "w":29,
            "h":53,
            "index":82
        },
        {
            "x":132,
            "y":751,
            "w":287,
            "h":68,
            "index":83
        },
        {
            "x":855,
            "y":760,
            "w":169,
            "h":189,
            "index":84
        },
        {
            "x":0,
            "y":762,
            "w":470,
            "h":97,
            "index":85
        },
        {
            "x":705,
            "y":769,
            "w":121,
            "h":100,
            "index":86
        },
        {
            "x":122,
            "y":802,
            "w":272,
            "h":42,
            "index":87
        },
        {
            "x":839,
            "y":803,
            "w":29,
            "h":50,
            "index":88
        },
        {
            "x":0,
            "y":868,
            "w":76,
            "h":81,
            "index":89
        },
        {
            "x":51,
            "y":868,
            "w":143,
            "h":81,
            "index":90
        },
        {
            "x":177,
            "y":868,
            "w":137,
            "h":81,
            "index":91
        },
        {
            "x":307,
            "y":868,
            "w":125,
            "h":81,
            "index":92
        },
        {
            "x":436,
            "y":868,
            "w":44,
            "h":81,
            "index":93
        },
        {
            "x":835,
            "y":868,
            "w":99,
            "h":81,
            "index":94
        },
        {
            "x":484,
            "y":906,
            "w":131,
            "h":92,
            "index":95
        },
        {
            "x":622,
            "y":916,
            "w":200,
            "h":96,
            "index":96
        },
        {
            "x":0,
            "y":957,
            "w":38,
            "h":67,
            "index":97
        },
        {
            "x":17,
            "y":957,
            "w":149,
            "h":67,
            "index":98
        },
        {
            "x":153,
            "y":957,
            "w":145,
            "h":67,
            "index":99
        },
        {
            "x":293,
            "y":957,
            "w":135,
            "h":67,
            "index":100
        },
        {
            "x":432,
            "y":957,
            "w":130,
            "h":67,
            "index":101
        },
        {
            "x":823,
            "y":957,
            "w":143,
            "h":67,
            "index":102
        },
        {
            "x":947,
            "y":957,
            "w":77,
            "h":67,
            "index":103
        },
        {
            "x":756,
            "y":991,
            "w":72,
            "h":33,
            "index":104
        },
        {
            "x":569,
            "y":1007,
            "w":94,
            "h":17,
            "index":105
        }
    ]
}