{
    "image":"game.png",
    "width":1024,
    "height":1024,
    "selectTab":{
        "id":"01"
    },
    "selectColor":{
        "id":"FCCFCA",
        "color":"#FCCFCA"
    },
    "list":[
        {
            "x":0,
            "y":0,
            "w":21,
            "h":14,
            "index":0
        },
        {
            "x":0,
            "y":0,
            "w":324,
            "h":623,
            "index":1
        },
        {
            "x":319,
            "y":0,
            "w":705,
            "h":366,
            "index":2
        },
        {
            "x":725,
            "y":0,
            "w":44,
            "h":26,
            "index":3
        },
        {
            "x":771,
            "y":0,
            "w":253,
            "h":138,
            "index":4
        },
        {
            "x":0,
            "y":9,
            "w":73,
            "h":52,
            "index":5
        },
        {
            "x":248,
            "y":10,
            "w":114,
            "h":333,
            "index":6
        },
        {
            "x":903,
            "y":10,
            "w":97,
            "h":128,
            "index":7
        },
        {
            "x":1008,
            "y":12,
            "w":16,
            "h":126,
            "index":8
        },
        {
            "x":741,
            "y":18,
            "w":11,
            "h":8,
            "index":9
        },
        {
            "x":50,
            "y":29,
            "w":57,
            "h":47,
            "index":10
        },
        {
            "x":703,
            "y":35,
            "w":91,
            "h":102,
            "index":11
        },
        {
            "x":40,
            "y":37,
            "w":168,
            "h":136,
            "index":12
        },
        {
            "x":842,
            "y":49,
            "w":21,
            "h":20,
            "index":13
        },
        {
            "x":634,
            "y":52,
            "w":28,
            "h":29,
            "index":14
        },
        {
            "x":903,
            "y":58,
            "w":47,
            "h":54,
            "index":15
        },
        {
            "x":725,
            "y":61,
            "w":46,
            "h":51,
            "index":16
        },
        {
            "x":50,
            "y":66,
            "w":188,
            "h":142,
            "index":17
        },
        {
            "x":825,
            "y":77,
            "w":56,
            "h":60,
            "index":18
        },
        {
            "x":71,
            "y":91,
            "w":160,
            "h":123,
            "index":19
        },
        {
            "x":840,
            "y":100,
            "w":26,
            "h":24,
            "index":20
        },
        {
            "x":230,
            "y":130,
            "w":525,
            "h":600,
            "index":21
        },
        {
            "x":685,
            "y":146,
            "w":339,
            "h":33,
            "index":22
        },
        {
            "x":361,
            "y":196,
            "w":64,
            "h":144,
            "index":23
        },
        {
            "x":577,
            "y":200,
            "w":63,
            "h":129,
            "index":24
        },
        {
            "x":760,
            "y":216,
            "w":27,
            "h":19,
            "index":25
        },
        {
            "x":844,
            "y":219,
            "w":23,
            "h":19,
            "index":26
        },
        {
            "x":182,
            "y":234,
            "w":20,
            "h":19,
            "index":27
        },
        {
            "x":740,
            "y":243,
            "w":63,
            "h":87,
            "index":28
        },
        {
            "x":920,
            "y":243,
            "w":39,
            "h":18,
            "index":29
        },
        {
            "x":826,
            "y":245,
            "w":63,
            "h":85,
            "index":30
        },
        {
            "x":982,
            "y":256,
            "w":28,
            "h":24,
            "index":31
        },
        {
            "x":920,
            "y":269,
            "w":39,
            "h":60,
            "index":32
        },
        {
            "x":843,
            "y":270,
            "w":27,
            "h":43,
            "index":33
        },
        {
            "x":757,
            "y":271,
            "w":30,
            "h":42,
            "index":34
        },
        {
            "x":591,
            "y":285,
            "w":22,
            "h":38,
            "index":35
        },
        {
            "x":389,
            "y":286,
            "w":25,
            "h":45,
            "index":36
        },
        {
            "x":983,
            "y":287,
            "w":26,
            "h":43,
            "index":37
        },
        {
            "x":101,
            "y":301,
            "w":22,
            "h":21,
            "index":38
        },
        {
            "x":707,
            "y":338,
            "w":317,
            "h":31,
            "index":39
        },
        {
            "x":198,
            "y":356,
            "w":18,
            "h":17,
            "index":40
        },
        {
            "x":701,
            "y":378,
            "w":323,
            "h":248,
            "index":41
        },
        {
            "x":56,
            "y":386,
            "w":125,
            "h":53,
            "index":42
        },
        {
            "x":336,
            "y":418,
            "w":374,
            "h":264,
            "index":43
        },
        {
            "x":811,
            "y":424,
            "w":28,
            "h":29,
            "index":44
        },
        {
            "x":921,
            "y":424,
            "w":103,
            "h":89,
            "index":45
        },
        {
            "x":45,
            "y":448,
            "w":150,
            "h":27,
            "index":46
        },
        {
            "x":591,
            "y":487,
            "w":71,
            "h":94,
            "index":47
        },
        {
            "x":412,
            "y":488,
            "w":87,
            "h":99,
            "index":48
        },
        {
            "x":797,
            "y":505,
            "w":15,
            "h":15,
            "index":49
        },
        {
            "x":932,
            "y":522,
            "w":92,
            "h":29,
            "index":50
        },
        {
            "x":137,
            "y":529,
            "w":15,
            "h":15,
            "index":51
        },
        {
            "x":97,
            "y":534,
            "w":807,
            "h":222,
            "index":52
        },
        {
            "x":528,
            "y":565,
            "w":42,
            "h":28,
            "index":53
        },
        {
            "x":403,
            "y":604,
            "w":30,
            "h":31,
            "index":54
        },
        {
            "x":631,
            "y":608,
            "w":22,
            "h":26,
            "index":55
        },
        {
            "x":43,
            "y":610,
            "w":144,
            "h":158,
            "index":56
        },
        {
            "x":315,
            "y":617,
            "w":651,
            "h":193,
            "index":57
        },
        {
            "x":829,
            "y":623,
            "w":34,
            "h":49,
            "index":58
        },
        {
            "x":448,
            "y":624,
            "w":34,
            "h":27,
            "index":59
        },
        {
            "x":591,
            "y":628,
            "w":25,
            "h":23,
            "index":60
        },
        {
            "x":0,
            "y":630,
            "w":51,
            "h":20,
            "index":61
        },
        {
            "x":950,
            "y":633,
            "w":74,
            "h":24,
            "index":62
        },
        {
            "x":498,
            "y":635,
            "w":33,
            "h":23,
            "index":63
        },
        {
            "x":547,
            "y":637,
            "w":30,
            "h":20,
            "index":64
        },
        {
            "x":0,
            "y":658,
            "w":74,
            "h":113,
            "index":65
        },
        {
            "x":933,
            "y":664,
            "w":91,
            "h":111,
            "index":66
        },
        {
            "x":804,
            "y":682,
            "w":85,
            "h":20,
            "index":67
        },
        {
            "x":803,
            "y":703,
            "w":86,
            "h":42,
            "index":68
        },
        {
            "x":174,
            "y":724,
            "w":162,
            "h":169,
            "index":69
        },
        {
            "x":78,
            "y":741,
            "w":850,
            "h":263,
            "index":70
        },
        {
            "x":0,
            "y":780,
            "w":44,
            "h":133,
            "index":71
        },
        {
            "x":52,
            "y":780,
            "w":80,
            "h":133,
            "index":72
        },
        {
            "x":873,
            "y":784,
            "w":97,
            "h":130,
            "index":73
        },
        {
            "x":977,
            "y":784,
            "w":47,
            "h":130,
            "index":74
        },
        {
            "x":942,
            "y":878,
            "w":35,
            "h":49,
            "index":75
        },
        {
            "x":132,
            "y":907,
            "w":92,
            "h":117,
            "index":76
        },
        {
            "x":772,
            "y":915,
            "w":76,
            "h":109,
            "index":77
        },
        {
            "x":0,
            "y":922,
            "w":88,
            "h":77,
            "index":78
        },
        {
            "x":61,
            "y":923,
            "w":90,
            "h":76,
            "index":79
        },
        {
            "x":846,
            "y":923,
            "w":94,
            "h":75,
            "index":80
        },
        {
            "x":979,
            "y":923,
            "w":45,
            "h":75,
            "index":81
        },
        {
            "x":915,
            "y":937,
            "w":85,
            "h":23,
            "index":82
        },
        {
            "x":834,
            "y":960,
            "w":28,
            "h":38,
            "index":83
        },
        {
            "x":916,
            "y":961,
            "w":85,
            "h":57,
            "index":84
        },
        {
            "x":219,
            "y":971,
            "w":66,
            "h":33,
            "index":85
        },
        {
            "x":738,
            "y":975,
            "w":28,
            "h":23,
            "index":86
        },
        {
            "x":514,
            "y":988,
            "w":223,
            "h":36,
            "index":87
        },
        {
            "x":283,
            "y":991,
            "w":223,
            "h":33,
            "index":88
        },
        {
            "x":741,
            "y":1006,
            "w":30,
            "h":18,
            "index":89
        },
        {
            "x":852,
            "y":1006,
            "w":84,
            "h":18,
            "index":90
        },
        {
            "x":0,
            "y":1007,
            "w":48,
            "h":17,
            "index":91
        },
        {
            "x":49,
            "y":1007,
            "w":82,
            "h":17,
            "index":92
        },
        {
            "x":985,
            "y":1007,
            "w":39,
            "h":17,
            "index":93
        },
        {
            "x":211,
            "y":1011,
            "w":67,
            "h":13,
            "index":94
        }
    ]
}