{
    "image":"game.png",
    "width":1024,
    "height":1024,
    "selectTab":{
        "id":"01"
    },
    "selectColor":{
        "id":"FCCFCA",
        "color":"#FCCFCA"
    },
    "list":[
        {
            "x":0,
            "y":0,
            "w":1024,
            "h":379,
            "index":0
        },
        {
            "x":440,
            "y":22,
            "w":66,
            "h":83,
            "index":1
        },
        {
            "x":414,
            "y":28,
            "w":228,
            "h":237,
            "index":2
        },
        {
            "x":538,
            "y":225,
            "w":53,
            "h":49,
            "index":3
        },
        {
            "x":522,
            "y":228,
            "w":118,
            "h":120,
            "index":4
        },
        {
            "x":283,
            "y":241,
            "w":50,
            "h":115,
            "index":5
        },
        {
            "x":305,
            "y":246,
            "w":35,
            "h":104,
            "index":6
        },
        {
            "x":434,
            "y":246,
            "w":35,
            "h":109,
            "index":7
        },
        {
            "x":325,
            "y":247,
            "w":38,
            "h":104,
            "index":8
        },
        {
            "x":348,
            "y":247,
            "w":37,
            "h":104,
            "index":9
        },
        {
            "x":369,
            "y":247,
            "w":36,
            "h":105,
            "index":10
        },
        {
            "x":390,
            "y":247,
            "w":38,
            "h":105,
            "index":11
        },
        {
            "x":414,
            "y":247,
            "w":36,
            "h":106,
            "index":12
        },
        {
            "x":452,
            "y":247,
            "w":49,
            "h":107,
            "index":13
        },
        {
            "x":726,
            "y":250,
            "w":9,
            "h":13,
            "index":14
        },
        {
            "x":704,
            "y":251,
            "w":8,
            "h":13,
            "index":15
        },
        {
            "x":781,
            "y":253,
            "w":6,
            "h":11,
            "index":16
        },
        {
            "x":751,
            "y":258,
            "w":8,
            "h":11,
            "index":17
        },
        {
            "x":500,
            "y":260,
            "w":21,
            "h":34,
            "index":18
        },
        {
            "x":789,
            "y":263,
            "w":8,
            "h":19,
            "index":19
        },
        {
            "x":724,
            "y":265,
            "w":18,
            "h":17,
            "index":20
        },
        {
            "x":772,
            "y":266,
            "w":14,
            "h":16,
            "index":21
        },
        {
            "x":703,
            "y":267,
            "w":17,
            "h":15,
            "index":22
        },
        {
            "x":748,
            "y":272,
            "w":16,
            "h":10,
            "index":23
        },
        {
            "x":695,
            "y":286,
            "w":110,
            "h":21,
            "index":24
        },
        {
            "x":476,
            "y":298,
            "w":48,
            "h":15,
            "index":25
        },
        {
            "x":574,
            "y":298,
            "w":52,
            "h":67,
            "index":26
        },
        {
            "x":513,
            "y":309,
            "w":89,
            "h":50,
            "index":27
        },
        {
            "x":699,
            "y":311,
            "w":102,
            "h":73,
            "index":28
        },
        {
            "x":494,
            "y":317,
            "w":24,
            "h":61,
            "index":29
        },
        {
            "x":541,
            "y":320,
            "w":115,
            "h":59,
            "index":30
        },
        {
            "x":723,
            "y":323,
            "w":43,
            "h":45,
            "index":31
        },
        {
            "x":281,
            "y":348,
            "w":14,
            "h":52,
            "index":32
        },
        {
            "x":400,
            "y":350,
            "w":1,
            "h":1,
            "index":33
        },
        {
            "x":820,
            "y":350,
            "w":34,
            "h":32,
            "index":34
        },
        {
            "x":380,
            "y":351,
            "w":1,
            "h":1,
            "index":35
        },
        {
            "x":478,
            "y":351,
            "w":13,
            "h":28,
            "index":36
        },
        {
            "x":299,
            "y":353,
            "w":109,
            "h":26,
            "index":37
        },
        {
            "x":522,
            "y":353,
            "w":15,
            "h":45,
            "index":38
        },
        {
            "x":409,
            "y":354,
            "w":65,
            "h":25,
            "index":39
        },
        {
            "x":799,
            "y":362,
            "w":31,
            "h":16,
            "index":40
        },
        {
            "x":414,
            "y":382,
            "w":610,
            "h":34,
            "index":41
        },
        {
            "x":0,
            "y":383,
            "w":415,
            "h":33,
            "index":42
        },
        {
            "x":0,
            "y":420,
            "w":1024,
            "h":604,
            "index":43
        },
        {
            "x":282,
            "y":455,
            "w":78,
            "h":105,
            "index":44
        },
        {
            "x":201,
            "y":478,
            "w":225,
            "h":239,
            "index":45
        },
        {
            "x":624,
            "y":577,
            "w":98,
            "h":64,
            "index":46
        },
        {
            "x":392,
            "y":585,
            "w":1,
            "h":1,
            "index":47
        },
        {
            "x":913,
            "y":587,
            "w":18,
            "h":15,
            "index":48
        },
        {
            "x":937,
            "y":587,
            "w":18,
            "h":16,
            "index":49
        },
        {
            "x":900,
            "y":588,
            "w":18,
            "h":15,
            "index":50
        },
        {
            "x":950,
            "y":588,
            "w":18,
            "h":15,
            "index":51
        },
        {
            "x":927,
            "y":590,
            "w":15,
            "h":13,
            "index":52
        },
        {
            "x":904,
            "y":606,
            "w":26,
            "h":26,
            "index":53
        },
        {
            "x":924,
            "y":606,
            "w":20,
            "h":28,
            "index":54
        },
        {
            "x":939,
            "y":606,
            "w":26,
            "h":25,
            "index":55
        },
        {
            "x":42,
            "y":632,
            "w":106,
            "h":69,
            "index":56
        },
        {
            "x":413,
            "y":636,
            "w":69,
            "h":88,
            "index":57
        },
        {
            "x":373,
            "y":663,
            "w":10,
            "h":6,
            "index":58
        },
        {
            "x":376,
            "y":704,
            "w":23,
            "h":23,
            "index":59
        },
        {
            "x":354,
            "y":715,
            "w":22,
            "h":9,
            "index":60
        },
        {
            "x":333,
            "y":721,
            "w":38,
            "h":24,
            "index":61
        },
        {
            "x":347,
            "y":721,
            "w":69,
            "h":63,
            "index":62
        },
        {
            "x":298,
            "y":722,
            "w":46,
            "h":69,
            "index":63
        },
        {
            "x":713,
            "y":755,
            "w":14,
            "h":15,
            "index":64
        },
        {
            "x":733,
            "y":755,
            "w":15,
            "h":15,
            "index":65
        },
        {
            "x":703,
            "y":757,
            "w":13,
            "h":13,
            "index":66
        },
        {
            "x":723,
            "y":757,
            "w":13,
            "h":13,
            "index":67
        },
        {
            "x":744,
            "y":757,
            "w":14,
            "h":13,
            "index":68
        },
        {
            "x":270,
            "y":766,
            "w":206,
            "h":134,
            "index":69
        },
        {
            "x":311,
            "y":768,
            "w":46,
            "h":42,
            "index":70
        },
        {
            "x":705,
            "y":773,
            "w":20,
            "h":20,
            "index":71
        },
        {
            "x":721,
            "y":773,
            "w":18,
            "h":23,
            "index":72
        },
        {
            "x":734,
            "y":773,
            "w":23,
            "h":22,
            "index":73
        },
        {
            "x":328,
            "y":782,
            "w":73,
            "h":53,
            "index":74
        },
        {
            "x":841,
            "y":829,
            "w":104,
            "h":71,
            "index":75
        },
        {
            "x":397,
            "y":890,
            "w":58,
            "h":80,
            "index":76
        },
        {
            "x":326,
            "y":899,
            "w":65,
            "h":91,
            "index":77
        },
        {
            "x":0,
            "y":960,
            "w":63,
            "h":64,
            "index":78
        },
        {
            "x":158,
            "y":970,
            "w":15,
            "h":15,
            "index":79
        },
        {
            "x":178,
            "y":970,
            "w":17,
            "h":15,
            "index":80
        },
        {
            "x":148,
            "y":972,
            "w":14,
            "h":13,
            "index":81
        },
        {
            "x":190,
            "y":972,
            "w":14,
            "h":14,
            "index":82
        },
        {
            "x":169,
            "y":973,
            "w":13,
            "h":12,
            "index":83
        },
        {
            "x":168,
            "y":988,
            "w":17,
            "h":24,
            "index":84
        },
        {
            "x":150,
            "y":989,
            "w":21,
            "h":20,
            "index":85
        },
        {
            "x":180,
            "y":989,
            "w":22,
            "h":22,
            "index":86
        }
    ]
}