{
    "image":"game.png",
    "width":1024,
    "height":1024,
    "selectTab":{
        "id":"01"
    },
    "selectColor":{
        "id":"FCCFCA",
        "color":"#FCCFCA"
    },
    "list":[
        {
            "x":0,
            "y":0,
            "w":637,
            "h":833,
            "index":0
        },
        {
            "x":553,
            "y":0,
            "w":471,
            "h":859,
            "index":1
        },
        {
            "x":667,
            "y":0,
            "w":357,
            "h":536,
            "index":2
        },
        {
            "x":702,
            "y":0,
            "w":322,
            "h":493,
            "index":3
        },
        {
            "x":726,
            "y":0,
            "w":298,
            "h":350,
            "index":4
        },
        {
            "x":802,
            "y":49,
            "w":144,
            "h":72,
            "index":5
        },
        {
            "x":65,
            "y":64,
            "w":125,
            "h":19,
            "index":6
        },
        {
            "x":87,
            "y":73,
            "w":113,
            "h":42,
            "index":7
        },
        {
            "x":503,
            "y":77,
            "w":35,
            "h":23,
            "index":8
        },
        {
            "x":59,
            "y":79,
            "w":24,
            "h":36,
            "index":9
        },
        {
            "x":275,
            "y":82,
            "w":350,
            "h":313,
            "index":10
        },
        {
            "x":87,
            "y":103,
            "w":161,
            "h":144,
            "index":11
        },
        {
            "x":57,
            "y":111,
            "w":24,
            "h":133,
            "index":12
        },
        {
            "x":168,
            "y":132,
            "w":6,
            "h":3,
            "index":13
        },
        {
            "x":157,
            "y":135,
            "w":3,
            "h":4,
            "index":14
        },
        {
            "x":117,
            "y":142,
            "w":3,
            "h":3,
            "index":15
        },
        {
            "x":159,
            "y":161,
            "w":22,
            "h":25,
            "index":16
        },
        {
            "x":765,
            "y":169,
            "w":50,
            "h":51,
            "index":17
        },
        {
            "x":86,
            "y":175,
            "w":25,
            "h":71,
            "index":18
        },
        {
            "x":426,
            "y":203,
            "w":25,
            "h":18,
            "index":19
        },
        {
            "x":182,
            "y":208,
            "w":6,
            "h":10,
            "index":20
        },
        {
            "x":195,
            "y":208,
            "w":2,
            "h":4,
            "index":21
        },
        {
            "x":773,
            "y":253,
            "w":218,
            "h":213,
            "index":22
        },
        {
            "x":905,
            "y":266,
            "w":50,
            "h":48,
            "index":23
        },
        {
            "x":126,
            "y":270,
            "w":68,
            "h":76,
            "index":24
        },
        {
            "x":727,
            "y":278,
            "w":61,
            "h":121,
            "index":25
        },
        {
            "x":950,
            "y":289,
            "w":41,
            "h":57,
            "index":26
        },
        {
            "x":942,
            "y":301,
            "w":12,
            "h":14,
            "index":27
        },
        {
            "x":199,
            "y":303,
            "w":65,
            "h":71,
            "index":28
        },
        {
            "x":79,
            "y":320,
            "w":73,
            "h":93,
            "index":29
        },
        {
            "x":980,
            "y":344,
            "w":44,
            "h":133,
            "index":30
        },
        {
            "x":171,
            "y":350,
            "w":29,
            "h":77,
            "index":31
        },
        {
            "x":155,
            "y":351,
            "w":12,
            "h":76,
            "index":32
        },
        {
            "x":780,
            "y":365,
            "w":17,
            "h":20,
            "index":33
        },
        {
            "x":851,
            "y":366,
            "w":8,
            "h":5,
            "index":34
        },
        {
            "x":182,
            "y":372,
            "w":31,
            "h":55,
            "index":35
        },
        {
            "x":920,
            "y":377,
            "w":20,
            "h":21,
            "index":36
        },
        {
            "x":505,
            "y":381,
            "w":11,
            "h":6,
            "index":37
        },
        {
            "x":120,
            "y":395,
            "w":1,
            "h":1,
            "index":38
        },
        {
            "x":195,
            "y":396,
            "w":56,
            "h":31,
            "index":39
        },
        {
            "x":85,
            "y":398,
            "w":66,
            "h":29,
            "index":40
        },
        {
            "x":204,
            "y":406,
            "w":1,
            "h":1,
            "index":41
        },
        {
            "x":119,
            "y":426,
            "w":106,
            "h":118,
            "index":42
        },
        {
            "x":572,
            "y":430,
            "w":32,
            "h":34,
            "index":43
        },
        {
            "x":230,
            "y":440,
            "w":34,
            "h":82,
            "index":44
        },
        {
            "x":531,
            "y":443,
            "w":23,
            "h":35,
            "index":45
        },
        {
            "x":230,
            "y":457,
            "w":18,
            "h":49,
            "index":46
        },
        {
            "x":472,
            "y":458,
            "w":67,
            "h":66,
            "index":47
        },
        {
            "x":417,
            "y":460,
            "w":11,
            "h":66,
            "index":48
        },
        {
            "x":94,
            "y":534,
            "w":155,
            "h":26,
            "index":49
        },
        {
            "x":614,
            "y":539,
            "w":227,
            "h":76,
            "index":50
        },
        {
            "x":85,
            "y":543,
            "w":81,
            "h":46,
            "index":51
        },
        {
            "x":170,
            "y":546,
            "w":92,
            "h":43,
            "index":52
        },
        {
            "x":366,
            "y":553,
            "w":233,
            "h":279,
            "index":53
        },
        {
            "x":603,
            "y":553,
            "w":199,
            "h":312,
            "index":54
        },
        {
            "x":94,
            "y":573,
            "w":75,
            "h":45,
            "index":55
        },
        {
            "x":172,
            "y":573,
            "w":84,
            "h":45,
            "index":56
        },
        {
            "x":44,
            "y":578,
            "w":267,
            "h":57,
            "index":57
        },
        {
            "x":518,
            "y":592,
            "w":26,
            "h":20,
            "index":58
        },
        {
            "x":416,
            "y":602,
            "w":60,
            "h":40,
            "index":59
        },
        {
            "x":806,
            "y":605,
            "w":40,
            "h":260,
            "index":60
        },
        {
            "x":493,
            "y":608,
            "w":49,
            "h":49,
            "index":61
        },
        {
            "x":644,
            "y":610,
            "w":38,
            "h":14,
            "index":62
        },
        {
            "x":43,
            "y":613,
            "w":270,
            "h":48,
            "index":63
        },
        {
            "x":683,
            "y":622,
            "w":38,
            "h":14,
            "index":64
        },
        {
            "x":643,
            "y":624,
            "w":36,
            "h":40,
            "index":65
        },
        {
            "x":387,
            "y":630,
            "w":194,
            "h":59,
            "index":66
        },
        {
            "x":525,
            "y":631,
            "w":1,
            "h":1,
            "index":67
        },
        {
            "x":725,
            "y":633,
            "w":38,
            "h":15,
            "index":68
        },
        {
            "x":683,
            "y":636,
            "w":36,
            "h":44,
            "index":69
        },
        {
            "x":512,
            "y":638,
            "w":1,
            "h":1,
            "index":70
        },
        {
            "x":628,
            "y":641,
            "w":11,
            "h":8,
            "index":71
        },
        {
            "x":457,
            "y":644,
            "w":16,
            "h":28,
            "index":72
        },
        {
            "x":419,
            "y":645,
            "w":18,
            "h":28,
            "index":73
        },
        {
            "x":447,
            "y":646,
            "w":13,
            "h":28,
            "index":74
        },
        {
            "x":433,
            "y":647,
            "w":13,
            "h":27,
            "index":75
        },
        {
            "x":724,
            "y":647,
            "w":39,
            "h":42,
            "index":76
        },
        {
            "x":622,
            "y":648,
            "w":117,
            "h":70,
            "index":77
        },
        {
            "x":157,
            "y":666,
            "w":49,
            "h":39,
            "index":78
        },
        {
            "x":768,
            "y":674,
            "w":7,
            "h":5,
            "index":79
        },
        {
            "x":519,
            "y":677,
            "w":53,
            "h":60,
            "index":80
        },
        {
            "x":629,
            "y":682,
            "w":38,
            "h":38,
            "index":81
        },
        {
            "x":743,
            "y":682,
            "w":34,
            "h":37,
            "index":82
        },
        {
            "x":426,
            "y":698,
            "w":22,
            "h":22,
            "index":83
        },
        {
            "x":463,
            "y":698,
            "w":45,
            "h":25,
            "index":84
        },
        {
            "x":643,
            "y":701,
            "w":39,
            "h":14,
            "index":85
        },
        {
            "x":685,
            "y":703,
            "w":17,
            "h":8,
            "index":86
        },
        {
            "x":157,
            "y":709,
            "w":49,
            "h":22,
            "index":87
        },
        {
            "x":399,
            "y":713,
            "w":57,
            "h":51,
            "index":88
        },
        {
            "x":682,
            "y":714,
            "w":38,
            "h":14,
            "index":89
        },
        {
            "x":643,
            "y":715,
            "w":34,
            "h":33,
            "index":90
        },
        {
            "x":522,
            "y":716,
            "w":31,
            "h":28,
            "index":91
        },
        {
            "x":539,
            "y":718,
            "w":1,
            "h":1,
            "index":92
        },
        {
            "x":724,
            "y":718,
            "w":11,
            "h":8,
            "index":93
        },
        {
            "x":468,
            "y":720,
            "w":38,
            "h":33,
            "index":94
        },
        {
            "x":626,
            "y":723,
            "w":12,
            "h":9,
            "index":95
        },
        {
            "x":540,
            "y":727,
            "w":1,
            "h":1,
            "index":96
        },
        {
            "x":724,
            "y":727,
            "w":39,
            "h":14,
            "index":97
        },
        {
            "x":682,
            "y":728,
            "w":37,
            "h":37,
            "index":98
        },
        {
            "x":84,
            "y":731,
            "w":86,
            "h":101,
            "index":99
        },
        {
            "x":192,
            "y":731,
            "w":85,
            "h":100,
            "index":100
        },
        {
            "x":622,
            "y":731,
            "w":117,
            "h":75,
            "index":101
        },
        {
            "x":170,
            "y":736,
            "w":41,
            "h":122,
            "index":102
        },
        {
            "x":820,
            "y":740,
            "w":5,
            "h":32,
            "index":103
        },
        {
            "x":723,
            "y":741,
            "w":40,
            "h":33,
            "index":104
        },
        {
            "x":768,
            "y":760,
            "w":7,
            "h":5,
            "index":105
        },
        {
            "x":12,
            "y":768,
            "w":685,
            "h":256,
            "index":106
        },
        {
            "x":744,
            "y":768,
            "w":34,
            "h":38,
            "index":107
        },
        {
            "x":308,
            "y":779,
            "w":458,
            "h":171,
            "index":108
        },
        {
            "x":736,
            "y":788,
            "w":288,
            "h":233,
            "index":109
        },
        {
            "x":0,
            "y":795,
            "w":352,
            "h":229,
            "index":110
        },
        {
            "x":462,
            "y":819,
            "w":141,
            "h":66,
            "index":111
        },
        {
            "x":555,
            "y":872,
            "w":461,
            "h":152,
            "index":112
        }
    ]
}