{
    "image":"game.png",
    "width":1024,
    "height":1024,
    "selectTab":{
        "id":"01"
    },
    "selectColor":{
        "id":"FCCFCA",
        "color":"#FCCFCA"
    },
    "list":[
        {
            "x":0,
            "y":0,
            "w":466,
            "h":703,
            "index":0
        },
        {
            "x":470,
            "y":0,
            "w":554,
            "h":500,
            "index":1
        },
        {
            "x":69,
            "y":5,
            "w":24,
            "h":23,
            "index":2
        },
        {
            "x":143,
            "y":5,
            "w":23,
            "h":24,
            "index":3
        },
        {
            "x":200,
            "y":6,
            "w":226,
            "h":144,
            "index":4
        },
        {
            "x":516,
            "y":7,
            "w":423,
            "h":446,
            "index":5
        },
        {
            "x":942,
            "y":10,
            "w":82,
            "h":139,
            "index":6
        },
        {
            "x":123,
            "y":12,
            "w":18,
            "h":19,
            "index":7
        },
        {
            "x":99,
            "y":13,
            "w":22,
            "h":14,
            "index":8
        },
        {
            "x":40,
            "y":16,
            "w":26,
            "h":14,
            "index":9
        },
        {
            "x":163,
            "y":18,
            "w":19,
            "h":12,
            "index":10
        },
        {
            "x":73,
            "y":23,
            "w":47,
            "h":40,
            "index":11
        },
        {
            "x":155,
            "y":28,
            "w":25,
            "h":28,
            "index":12
        },
        {
            "x":51,
            "y":29,
            "w":18,
            "h":19,
            "index":13
        },
        {
            "x":140,
            "y":32,
            "w":18,
            "h":18,
            "index":14
        },
        {
            "x":110,
            "y":33,
            "w":24,
            "h":24,
            "index":15
        },
        {
            "x":71,
            "y":34,
            "w":26,
            "h":19,
            "index":16
        },
        {
            "x":665,
            "y":35,
            "w":129,
            "h":110,
            "index":17
        },
        {
            "x":28,
            "y":36,
            "w":24,
            "h":21,
            "index":18
        },
        {
            "x":967,
            "y":36,
            "w":57,
            "h":91,
            "index":19
        },
        {
            "x":977,
            "y":45,
            "w":47,
            "h":74,
            "index":20
        },
        {
            "x":139,
            "y":48,
            "w":11,
            "h":31,
            "index":21
        },
        {
            "x":48,
            "y":50,
            "w":20,
            "h":30,
            "index":22
        },
        {
            "x":135,
            "y":51,
            "w":2,
            "h":3,
            "index":23
        },
        {
            "x":150,
            "y":55,
            "w":20,
            "h":26,
            "index":24
        },
        {
            "x":125,
            "y":56,
            "w":16,
            "h":27,
            "index":25
        },
        {
            "x":557,
            "y":58,
            "w":141,
            "h":97,
            "index":26
        },
        {
            "x":759,
            "y":59,
            "w":142,
            "h":96,
            "index":27
        },
        {
            "x":73,
            "y":66,
            "w":50,
            "h":14,
            "index":28
        },
        {
            "x":997,
            "y":66,
            "w":27,
            "h":35,
            "index":29
        },
        {
            "x":72,
            "y":81,
            "w":1,
            "h":2,
            "index":30
        },
        {
            "x":76,
            "y":84,
            "w":51,
            "h":28,
            "index":31
        },
        {
            "x":131,
            "y":84,
            "w":20,
            "h":29,
            "index":32
        },
        {
            "x":456,
            "y":85,
            "w":22,
            "h":7,
            "index":33
        },
        {
            "x":148,
            "y":86,
            "w":19,
            "h":32,
            "index":34
        },
        {
            "x":62,
            "y":87,
            "w":13,
            "h":25,
            "index":35
        },
        {
            "x":38,
            "y":95,
            "w":21,
            "h":23,
            "index":36
        },
        {
            "x":378,
            "y":95,
            "w":173,
            "h":71,
            "index":37
        },
        {
            "x":120,
            "y":100,
            "w":16,
            "h":26,
            "index":38
        },
        {
            "x":804,
            "y":100,
            "w":77,
            "h":44,
            "index":39
        },
        {
            "x":41,
            "y":115,
            "w":19,
            "h":513,
            "index":40
        },
        {
            "x":62,
            "y":116,
            "w":140,
            "h":21,
            "index":41
        },
        {
            "x":250,
            "y":117,
            "w":146,
            "h":20,
            "index":42
        },
        {
            "x":52,
            "y":128,
            "w":15,
            "h":28,
            "index":43
        },
        {
            "x":71,
            "y":141,
            "w":21,
            "h":34,
            "index":44
        },
        {
            "x":92,
            "y":141,
            "w":298,
            "h":108,
            "index":45
        },
        {
            "x":67,
            "y":157,
            "w":1,
            "h":1,
            "index":46
        },
        {
            "x":63,
            "y":158,
            "w":6,
            "h":91,
            "index":47
        },
        {
            "x":73,
            "y":160,
            "w":28,
            "h":89,
            "index":48
        },
        {
            "x":105,
            "y":160,
            "w":28,
            "h":89,
            "index":49
        },
        {
            "x":159,
            "y":168,
            "w":49,
            "h":79,
            "index":50
        },
        {
            "x":337,
            "y":169,
            "w":24,
            "h":28,
            "index":51
        },
        {
            "x":394,
            "y":170,
            "w":18,
            "h":233,
            "index":52
        },
        {
            "x":415,
            "y":170,
            "w":101,
            "h":233,
            "index":53
        },
        {
            "x":442,
            "y":170,
            "w":47,
            "h":19,
            "index":54
        },
        {
            "x":255,
            "y":172,
            "w":17,
            "h":9,
            "index":55
        },
        {
            "x":283,
            "y":174,
            "w":16,
            "h":10,
            "index":56
        },
        {
            "x":137,
            "y":178,
            "w":18,
            "h":71,
            "index":57
        },
        {
            "x":239,
            "y":181,
            "w":68,
            "h":68,
            "index":58
        },
        {
            "x":544,
            "y":186,
            "w":166,
            "h":227,
            "index":59
        },
        {
            "x":742,
            "y":186,
            "w":75,
            "h":80,
            "index":60
        },
        {
            "x":742,
            "y":186,
            "w":169,
            "h":229,
            "index":61
        },
        {
            "x":158,
            "y":188,
            "w":27,
            "h":61,
            "index":62
        },
        {
            "x":325,
            "y":191,
            "w":22,
            "h":18,
            "index":63
        },
        {
            "x":353,
            "y":191,
            "w":21,
            "h":17,
            "index":64
        },
        {
            "x":251,
            "y":193,
            "w":43,
            "h":44,
            "index":65
        },
        {
            "x":965,
            "y":198,
            "w":59,
            "h":102,
            "index":66
        },
        {
            "x":571,
            "y":219,
            "w":91,
            "h":56,
            "index":67
        },
        {
            "x":331,
            "y":222,
            "w":41,
            "h":27,
            "index":68
        },
        {
            "x":811,
            "y":230,
            "w":43,
            "h":36,
            "index":69
        },
        {
            "x":291,
            "y":246,
            "w":5,
            "h":3,
            "index":70
        },
        {
            "x":249,
            "y":247,
            "w":2,
            "h":2,
            "index":71
        },
        {
            "x":796,
            "y":250,
            "w":59,
            "h":57,
            "index":72
        },
        {
            "x":54,
            "y":253,
            "w":345,
            "h":18,
            "index":73
        },
        {
            "x":681,
            "y":273,
            "w":29,
            "h":80,
            "index":74
        },
        {
            "x":63,
            "y":274,
            "w":327,
            "h":112,
            "index":75
        },
        {
            "x":92,
            "y":292,
            "w":31,
            "h":56,
            "index":76
        },
        {
            "x":262,
            "y":297,
            "w":39,
            "h":38,
            "index":77
        },
        {
            "x":354,
            "y":297,
            "w":11,
            "h":54,
            "index":78
        },
        {
            "x":126,
            "y":298,
            "w":34,
            "h":50,
            "index":79
        },
        {
            "x":544,
            "y":303,
            "w":152,
            "h":109,
            "index":80
        },
        {
            "x":164,
            "y":304,
            "w":45,
            "h":82,
            "index":81
        },
        {
            "x":1016,
            "y":304,
            "w":8,
            "h":86,
            "index":82
        },
        {
            "x":339,
            "y":308,
            "w":17,
            "h":44,
            "index":83
        },
        {
            "x":296,
            "y":315,
            "w":22,
            "h":21,
            "index":84
        },
        {
            "x":198,
            "y":316,
            "w":33,
            "h":70,
            "index":85
        },
        {
            "x":855,
            "y":319,
            "w":71,
            "h":278,
            "index":86
        },
        {
            "x":280,
            "y":326,
            "w":18,
            "h":19,
            "index":87
        },
        {
            "x":366,
            "y":326,
            "w":11,
            "h":25,
            "index":88
        },
        {
            "x":756,
            "y":328,
            "w":35,
            "h":34,
            "index":89
        },
        {
            "x":163,
            "y":332,
            "w":4,
            "h":16,
            "index":90
        },
        {
            "x":944,
            "y":333,
            "w":59,
            "h":258,
            "index":91
        },
        {
            "x":763,
            "y":339,
            "w":45,
            "h":44,
            "index":92
        },
        {
            "x":75,
            "y":352,
            "w":98,
            "h":34,
            "index":93
        },
        {
            "x":267,
            "y":355,
            "w":41,
            "h":31,
            "index":94
        },
        {
            "x":336,
            "y":356,
            "w":42,
            "h":30,
            "index":95
        },
        {
            "x":892,
            "y":383,
            "w":71,
            "h":208,
            "index":96
        },
        {
            "x":54,
            "y":390,
            "w":345,
            "h":19,
            "index":97
        },
        {
            "x":996,
            "y":394,
            "w":28,
            "h":197,
            "index":98
        },
        {
            "x":535,
            "y":403,
            "w":48,
            "h":70,
            "index":99
        },
        {
            "x":573,
            "y":403,
            "w":62,
            "h":74,
            "index":100
        },
        {
            "x":742,
            "y":403,
            "w":140,
            "h":40,
            "index":101
        },
        {
            "x":258,
            "y":405,
            "w":375,
            "h":230,
            "index":102
        },
        {
            "x":628,
            "y":409,
            "w":61,
            "h":78,
            "index":103
        },
        {
            "x":63,
            "y":412,
            "w":277,
            "h":112,
            "index":104
        },
        {
            "x":681,
            "y":416,
            "w":115,
            "h":73,
            "index":105
        },
        {
            "x":473,
            "y":423,
            "w":31,
            "h":26,
            "index":106
        },
        {
            "x":942,
            "y":425,
            "w":5,
            "h":72,
            "index":107
        },
        {
            "x":781,
            "y":432,
            "w":115,
            "h":162,
            "index":108
        },
        {
            "x":281,
            "y":435,
            "w":265,
            "h":266,
            "index":109
        },
        {
            "x":98,
            "y":441,
            "w":17,
            "h":21,
            "index":110
        },
        {
            "x":136,
            "y":441,
            "w":30,
            "h":83,
            "index":111
        },
        {
            "x":169,
            "y":446,
            "w":104,
            "h":138,
            "index":112
        },
        {
            "x":84,
            "y":460,
            "w":19,
            "h":27,
            "index":113
        },
        {
            "x":104,
            "y":460,
            "w":19,
            "h":27,
            "index":114
        },
        {
            "x":604,
            "y":475,
            "w":223,
            "h":275,
            "index":115
        },
        {
            "x":81,
            "y":491,
            "w":44,
            "h":33,
            "index":116
        },
        {
            "x":1015,
            "y":524,
            "w":9,
            "h":66,
            "index":117
        },
        {
            "x":439,
            "y":526,
            "w":63,
            "h":68,
            "index":118
        },
        {
            "x":54,
            "y":528,
            "w":112,
            "h":21,
            "index":119
        },
        {
            "x":62,
            "y":553,
            "w":111,
            "h":63,
            "index":120
        },
        {
            "x":812,
            "y":569,
            "w":106,
            "h":107,
            "index":121
        },
        {
            "x":172,
            "y":571,
            "w":88,
            "h":81,
            "index":122
        },
        {
            "x":374,
            "y":582,
            "w":75,
            "h":27,
            "index":123
        },
        {
            "x":18,
            "y":584,
            "w":260,
            "h":240,
            "index":124
        },
        {
            "x":455,
            "y":584,
            "w":66,
            "h":25,
            "index":125
        },
        {
            "x":362,
            "y":590,
            "w":164,
            "h":93,
            "index":126
        },
        {
            "x":71,
            "y":592,
            "w":37,
            "h":37,
            "index":127
        },
        {
            "x":913,
            "y":594,
            "w":111,
            "h":27,
            "index":128
        },
        {
            "x":517,
            "y":616,
            "w":20,
            "h":25,
            "index":129
        },
        {
            "x":59,
            "y":619,
            "w":19,
            "h":19,
            "index":130
        },
        {
            "x":916,
            "y":620,
            "w":108,
            "h":133,
            "index":131
        },
        {
            "x":601,
            "y":628,
            "w":67,
            "h":24,
            "index":132
        },
        {
            "x":35,
            "y":630,
            "w":32,
            "h":34,
            "index":133
        },
        {
            "x":596,
            "y":635,
            "w":162,
            "h":81,
            "index":134
        },
        {
            "x":669,
            "y":636,
            "w":80,
            "h":16,
            "index":135
        },
        {
            "x":264,
            "y":639,
            "w":351,
            "h":67,
            "index":136
        },
        {
            "x":825,
            "y":656,
            "w":91,
            "h":122,
            "index":137
        },
        {
            "x":592,
            "y":660,
            "w":17,
            "h":24,
            "index":138
        },
        {
            "x":412,
            "y":670,
            "w":99,
            "h":24,
            "index":139
        },
        {
            "x":0,
            "y":699,
            "w":1024,
            "h":325,
            "index":140
        },
        {
            "x":614,
            "y":708,
            "w":47,
            "h":34,
            "index":141
        },
        {
            "x":248,
            "y":709,
            "w":489,
            "h":70,
            "index":142
        },
        {
            "x":6,
            "y":722,
            "w":33,
            "h":86,
            "index":143
        },
        {
            "x":740,
            "y":725,
            "w":81,
            "h":89,
            "index":144
        },
        {
            "x":448,
            "y":736,
            "w":76,
            "h":73,
            "index":145
        },
        {
            "x":219,
            "y":740,
            "w":51,
            "h":33,
            "index":146
        },
        {
            "x":822,
            "y":746,
            "w":28,
            "h":46,
            "index":147
        },
        {
            "x":136,
            "y":748,
            "w":135,
            "h":97,
            "index":148
        },
        {
            "x":520,
            "y":752,
            "w":26,
            "h":45,
            "index":149
        },
        {
            "x":225,
            "y":753,
            "w":1,
            "h":1,
            "index":150
        },
        {
            "x":146,
            "y":755,
            "w":69,
            "h":18,
            "index":151
        },
        {
            "x":41,
            "y":761,
            "w":26,
            "h":41,
            "index":152
        },
        {
            "x":284,
            "y":765,
            "w":689,
            "h":157,
            "index":153
        },
        {
            "x":575,
            "y":765,
            "w":108,
            "h":57,
            "index":154
        },
        {
            "x":823,
            "y":765,
            "w":14,
            "h":14,
            "index":155
        },
        {
            "x":524,
            "y":768,
            "w":9,
            "h":15,
            "index":156
        },
        {
            "x":264,
            "y":775,
            "w":16,
            "h":29,
            "index":157
        },
        {
            "x":157,
            "y":787,
            "w":143,
            "h":166,
            "index":158
        },
        {
            "x":567,
            "y":791,
            "w":121,
            "h":55,
            "index":159
        },
        {
            "x":381,
            "y":799,
            "w":74,
            "h":64,
            "index":160
        },
        {
            "x":8,
            "y":803,
            "w":126,
            "h":147,
            "index":161
        },
        {
            "x":557,
            "y":810,
            "w":144,
            "h":53,
            "index":162
        },
        {
            "x":95,
            "y":814,
            "w":1,
            "h":1,
            "index":163
        },
        {
            "x":359,
            "y":818,
            "w":26,
            "h":35,
            "index":164
        },
        {
            "x":548,
            "y":820,
            "w":156,
            "h":68,
            "index":165
        },
        {
            "x":118,
            "y":826,
            "w":14,
            "h":9,
            "index":166
        },
        {
            "x":765,
            "y":826,
            "w":110,
            "h":77,
            "index":167
        },
        {
            "x":371,
            "y":829,
            "w":9,
            "h":11,
            "index":168
        },
        {
            "x":198,
            "y":834,
            "w":60,
            "h":32,
            "index":169
        },
        {
            "x":359,
            "y":841,
            "w":119,
            "h":37,
            "index":170
        },
        {
            "x":137,
            "y":842,
            "w":66,
            "h":48,
            "index":171
        },
        {
            "x":102,
            "y":849,
            "w":52,
            "h":107,
            "index":172
        },
        {
            "x":857,
            "y":855,
            "w":30,
            "h":31,
            "index":173
        },
        {
            "x":207,
            "y":866,
            "w":12,
            "h":8,
            "index":174
        },
        {
            "x":885,
            "y":882,
            "w":11,
            "h":12,
            "index":175
        },
        {
            "x":158,
            "y":890,
            "w":17,
            "h":11,
            "index":176
        },
        {
            "x":282,
            "y":921,
            "w":693,
            "h":24,
            "index":177
        },
        {
            "x":314,
            "y":949,
            "w":37,
            "h":37,
            "index":178
        },
        {
            "x":378,
            "y":949,
            "w":27,
            "h":17,
            "index":179
        },
        {
            "x":857,
            "y":949,
            "w":27,
            "h":18,
            "index":180
        },
        {
            "x":906,
            "y":949,
            "w":36,
            "h":37,
            "index":181
        }
    ]
}