{
    "image":"game.png",
    "width":1024,
    "height":1024,
    "selectTab":{
        "id":"01"
    },
    "selectColor":{
        "id":"FCCFCA",
        "color":"#FCCFCA"
    },
    "list":[
        {
            "x":0,
            "y":0,
            "w":346,
            "h":662,
            "index":0
        },
        {
            "x":347,
            "y":0,
            "w":677,
            "h":474,
            "index":1
        },
        {
            "x":122,
            "y":23,
            "w":42,
            "h":42,
            "index":2
        },
        {
            "x":673,
            "y":44,
            "w":242,
            "h":258,
            "index":3
        },
        {
            "x":287,
            "y":60,
            "w":43,
            "h":43,
            "index":4
        },
        {
            "x":357,
            "y":60,
            "w":44,
            "h":43,
            "index":5
        },
        {
            "x":91,
            "y":64,
            "w":105,
            "h":90,
            "index":6
        },
        {
            "x":693,
            "y":64,
            "w":201,
            "h":218,
            "index":7
        },
        {
            "x":334,
            "y":74,
            "w":18,
            "h":17,
            "index":8
        },
        {
            "x":703,
            "y":75,
            "w":176,
            "h":207,
            "index":9
        },
        {
            "x":964,
            "y":92,
            "w":60,
            "h":108,
            "index":10
        },
        {
            "x":339,
            "y":97,
            "w":8,
            "h":21,
            "index":11
        },
        {
            "x":833,
            "y":101,
            "w":22,
            "h":39,
            "index":12
        },
        {
            "x":726,
            "y":102,
            "w":22,
            "h":38,
            "index":13
        },
        {
            "x":265,
            "y":123,
            "w":156,
            "h":158,
            "index":14
        },
        {
            "x":432,
            "y":138,
            "w":265,
            "h":167,
            "index":15
        },
        {
            "x":287,
            "y":141,
            "w":51,
            "h":38,
            "index":16
        },
        {
            "x":347,
            "y":141,
            "w":52,
            "h":37,
            "index":17
        },
        {
            "x":292,
            "y":146,
            "w":103,
            "h":101,
            "index":18
        },
        {
            "x":99,
            "y":153,
            "w":87,
            "h":19,
            "index":19
        },
        {
            "x":109,
            "y":178,
            "w":67,
            "h":29,
            "index":20
        },
        {
            "x":807,
            "y":179,
            "w":37,
            "h":46,
            "index":21
        },
        {
            "x":737,
            "y":181,
            "w":34,
            "h":45,
            "index":22
        },
        {
            "x":373,
            "y":183,
            "w":31,
            "h":64,
            "index":23
        },
        {
            "x":283,
            "y":184,
            "w":32,
            "h":64,
            "index":24
        },
        {
            "x":963,
            "y":191,
            "w":61,
            "h":60,
            "index":25
        },
        {
            "x":822,
            "y":193,
            "w":7,
            "h":8,
            "index":26
        },
        {
            "x":15,
            "y":198,
            "w":25,
            "h":131,
            "index":27
        },
        {
            "x":80,
            "y":213,
            "w":127,
            "h":12,
            "index":28
        },
        {
            "x":781,
            "y":217,
            "w":14,
            "h":8,
            "index":29
        },
        {
            "x":973,
            "y":226,
            "w":33,
            "h":32,
            "index":30
        },
        {
            "x":99,
            "y":230,
            "w":9,
            "h":9,
            "index":31
        },
        {
            "x":179,
            "y":230,
            "w":9,
            "h":9,
            "index":32
        },
        {
            "x":832,
            "y":230,
            "w":15,
            "h":13,
            "index":33
        },
        {
            "x":312,
            "y":231,
            "w":62,
            "h":32,
            "index":34
        },
        {
            "x":736,
            "y":232,
            "w":13,
            "h":12,
            "index":35
        },
        {
            "x":931,
            "y":234,
            "w":93,
            "h":123,
            "index":36
        },
        {
            "x":752,
            "y":240,
            "w":13,
            "h":11,
            "index":37
        },
        {
            "x":813,
            "y":241,
            "w":13,
            "h":10,
            "index":38
        },
        {
            "x":826,
            "y":241,
            "w":9,
            "h":11,
            "index":39
        },
        {
            "x":747,
            "y":244,
            "w":5,
            "h":6,
            "index":40
        },
        {
            "x":770,
            "y":244,
            "w":14,
            "h":10,
            "index":41
        },
        {
            "x":791,
            "y":244,
            "w":15,
            "h":11,
            "index":42
        },
        {
            "x":761,
            "y":246,
            "w":11,
            "h":10,
            "index":43
        },
        {
            "x":800,
            "y":246,
            "w":18,
            "h":12,
            "index":44
        },
        {
            "x":777,
            "y":247,
            "w":19,
            "h":11,
            "index":45
        },
        {
            "x":329,
            "y":256,
            "w":418,
            "h":365,
            "index":46
        },
        {
            "x":628,
            "y":258,
            "w":42,
            "h":54,
            "index":47
        },
        {
            "x":0,
            "y":272,
            "w":11,
            "h":66,
            "index":48
        },
        {
            "x":29,
            "y":273,
            "w":94,
            "h":45,
            "index":49
        },
        {
            "x":407,
            "y":281,
            "w":231,
            "h":91,
            "index":50
        },
        {
            "x":646,
            "y":304,
            "w":57,
            "h":91,
            "index":51
        },
        {
            "x":361,
            "y":306,
            "w":43,
            "h":87,
            "index":52
        },
        {
            "x":29,
            "y":317,
            "w":106,
            "h":40,
            "index":53
        },
        {
            "x":877,
            "y":327,
            "w":147,
            "h":134,
            "index":54
        },
        {
            "x":27,
            "y":332,
            "w":78,
            "h":75,
            "index":55
        },
        {
            "x":953,
            "y":333,
            "w":29,
            "h":28,
            "index":56
        },
        {
            "x":10,
            "y":336,
            "w":17,
            "h":106,
            "index":57
        },
        {
            "x":25,
            "y":338,
            "w":34,
            "h":90,
            "index":58
        },
        {
            "x":0,
            "y":341,
            "w":3,
            "h":6,
            "index":59
        },
        {
            "x":0,
            "y":346,
            "w":8,
            "h":19,
            "index":60
        },
        {
            "x":1005,
            "y":348,
            "w":19,
            "h":29,
            "index":61
        },
        {
            "x":0,
            "y":369,
            "w":8,
            "h":129,
            "index":62
        },
        {
            "x":124,
            "y":390,
            "w":233,
            "h":196,
            "index":63
        },
        {
            "x":664,
            "y":393,
            "w":228,
            "h":275,
            "index":64
        },
        {
            "x":908,
            "y":427,
            "w":25,
            "h":26,
            "index":65
        },
        {
            "x":953,
            "y":438,
            "w":26,
            "h":26,
            "index":66
        },
        {
            "x":885,
            "y":444,
            "w":139,
            "h":103,
            "index":67
        },
        {
            "x":13,
            "y":446,
            "w":9,
            "h":54,
            "index":68
        },
        {
            "x":398,
            "y":446,
            "w":66,
            "h":85,
            "index":69
        },
        {
            "x":544,
            "y":447,
            "w":71,
            "h":84,
            "index":70
        },
        {
            "x":171,
            "y":466,
            "w":186,
            "h":218,
            "index":71
        },
        {
            "x":27,
            "y":473,
            "w":84,
            "h":29,
            "index":72
        },
        {
            "x":442,
            "y":477,
            "w":14,
            "h":18,
            "index":73
        },
        {
            "x":571,
            "y":477,
            "w":12,
            "h":16,
            "index":74
        },
        {
            "x":0,
            "y":502,
            "w":15,
            "h":13,
            "index":75
        },
        {
            "x":36,
            "y":507,
            "w":72,
            "h":61,
            "index":76
        },
        {
            "x":0,
            "y":508,
            "w":21,
            "h":31,
            "index":77
        },
        {
            "x":33,
            "y":513,
            "w":40,
            "h":79,
            "index":78
        },
        {
            "x":22,
            "y":514,
            "w":18,
            "h":90,
            "index":79
        },
        {
            "x":486,
            "y":517,
            "w":27,
            "h":16,
            "index":80
        },
        {
            "x":894,
            "y":524,
            "w":86,
            "h":79,
            "index":81
        },
        {
            "x":4,
            "y":527,
            "w":14,
            "h":155,
            "index":82
        },
        {
            "x":0,
            "y":542,
            "w":5,
            "h":38,
            "index":83
        },
        {
            "x":984,
            "y":546,
            "w":40,
            "h":70,
            "index":84
        },
        {
            "x":574,
            "y":551,
            "w":26,
            "h":24,
            "index":85
        },
        {
            "x":415,
            "y":553,
            "w":20,
            "h":18,
            "index":86
        },
        {
            "x":443,
            "y":564,
            "w":23,
            "h":19,
            "index":87
        },
        {
            "x":537,
            "y":564,
            "w":30,
            "h":22,
            "index":88
        },
        {
            "x":477,
            "y":570,
            "w":24,
            "h":17,
            "index":89
        },
        {
            "x":314,
            "y":577,
            "w":116,
            "h":43,
            "index":90
        },
        {
            "x":69,
            "y":583,
            "w":139,
            "h":129,
            "index":91
        },
        {
            "x":817,
            "y":584,
            "w":137,
            "h":111,
            "index":92
        },
        {
            "x":293,
            "y":587,
            "w":148,
            "h":158,
            "index":93
        },
        {
            "x":454,
            "y":587,
            "w":155,
            "h":35,
            "index":94
        },
        {
            "x":463,
            "y":591,
            "w":171,
            "h":159,
            "index":95
        },
        {
            "x":637,
            "y":599,
            "w":64,
            "h":106,
            "index":96
        },
        {
            "x":947,
            "y":602,
            "w":77,
            "h":37,
            "index":97
        },
        {
            "x":64,
            "y":623,
            "w":194,
            "h":220,
            "index":98
        },
        {
            "x":862,
            "y":625,
            "w":101,
            "h":116,
            "index":99
        },
        {
            "x":427,
            "y":627,
            "w":49,
            "h":127,
            "index":100
        },
        {
            "x":277,
            "y":633,
            "w":54,
            "h":73,
            "index":101
        },
        {
            "x":586,
            "y":633,
            "w":5,
            "h":13,
            "index":102
        },
        {
            "x":614,
            "y":636,
            "w":63,
            "h":75,
            "index":103
        },
        {
            "x":964,
            "y":640,
            "w":60,
            "h":44,
            "index":104
        },
        {
            "x":816,
            "y":660,
            "w":29,
            "h":44,
            "index":105
        },
        {
            "x":21,
            "y":666,
            "w":42,
            "h":16,
            "index":106
        },
        {
            "x":673,
            "y":667,
            "w":147,
            "h":67,
            "index":107
        },
        {
            "x":0,
            "y":676,
            "w":1,
            "h":6,
            "index":108
        },
        {
            "x":171,
            "y":678,
            "w":88,
            "h":104,
            "index":109
        },
        {
            "x":195,
            "y":678,
            "w":479,
            "h":255,
            "index":110
        },
        {
            "x":551,
            "y":682,
            "w":7,
            "h":13,
            "index":111
        },
        {
            "x":0,
            "y":684,
            "w":73,
            "h":25,
            "index":112
        },
        {
            "x":751,
            "y":687,
            "w":64,
            "h":13,
            "index":113
        },
        {
            "x":937,
            "y":687,
            "w":87,
            "h":120,
            "index":114
        },
        {
            "x":831,
            "y":690,
            "w":17,
            "h":12,
            "index":115
        },
        {
            "x":71,
            "y":702,
            "w":21,
            "h":60,
            "index":116
        },
        {
            "x":750,
            "y":704,
            "w":98,
            "h":58,
            "index":117
        },
        {
            "x":844,
            "y":705,
            "w":30,
            "h":37,
            "index":118
        },
        {
            "x":0,
            "y":707,
            "w":69,
            "h":103,
            "index":119
        },
        {
            "x":850,
            "y":718,
            "w":10,
            "h":8,
            "index":120
        },
        {
            "x":655,
            "y":728,
            "w":285,
            "h":60,
            "index":121
        },
        {
            "x":0,
            "y":767,
            "w":1024,
            "h":257,
            "index":122
        },
        {
            "x":655,
            "y":768,
            "w":286,
            "h":40,
            "index":123
        },
        {
            "x":925,
            "y":795,
            "w":6,
            "h":27,
            "index":124
        },
        {
            "x":665,
            "y":798,
            "w":35,
            "h":138,
            "index":125
        },
        {
            "x":896,
            "y":799,
            "w":36,
            "h":137,
            "index":126
        },
        {
            "x":700,
            "y":806,
            "w":84,
            "h":38,
            "index":127
        },
        {
            "x":815,
            "y":806,
            "w":79,
            "h":36,
            "index":128
        },
        {
            "x":788,
            "y":814,
            "w":22,
            "h":79,
            "index":129
        },
        {
            "x":639,
            "y":833,
            "w":28,
            "h":13,
            "index":130
        },
        {
            "x":837,
            "y":844,
            "w":47,
            "h":30,
            "index":131
        },
        {
            "x":143,
            "y":845,
            "w":46,
            "h":28,
            "index":132
        },
        {
            "x":579,
            "y":852,
            "w":87,
            "h":52,
            "index":133
        },
        {
            "x":63,
            "y":908,
            "w":754,
            "h":96,
            "index":134
        },
        {
            "x":552,
            "y":908,
            "w":109,
            "h":10,
            "index":135
        },
        {
            "x":126,
            "y":921,
            "w":628,
            "h":64,
            "index":136
        }
    ]
}