{
    "image":"game.png",
    "width":1024,
    "height":1024,
    "selectTab":{
        "id":"01"
    },
    "selectColor":{
        "id":"FCCFCA",
        "color":"#FCCFCA"
    },
    "list":[
        {
            "x":0,
            "y":0,
            "w":1024,
            "h":1024,
            "index":0
        },
        {
            "x":61,
            "y":71,
            "w":284,
            "h":179,
            "index":1
        },
        {
            "x":81,
            "y":93,
            "w":243,
            "h":137,
            "index":2
        },
        {
            "x":689,
            "y":109,
            "w":135,
            "h":106,
            "index":3
        },
        {
            "x":113,
            "y":132,
            "w":72,
            "h":97,
            "index":4
        },
        {
            "x":616,
            "y":137,
            "w":323,
            "h":326,
            "index":5
        },
        {
            "x":200,
            "y":234,
            "w":145,
            "h":16,
            "index":6
        },
        {
            "x":82,
            "y":244,
            "w":412,
            "h":370,
            "index":7
        },
        {
            "x":174,
            "y":283,
            "w":235,
            "h":326,
            "index":8
        },
        {
            "x":736,
            "y":410,
            "w":141,
            "h":149,
            "index":9
        },
        {
            "x":609,
            "y":414,
            "w":134,
            "h":114,
            "index":10
        },
        {
            "x":834,
            "y":455,
            "w":84,
            "h":141,
            "index":11
        },
        {
            "x":894,
            "y":467,
            "w":103,
            "h":193,
            "index":12
        },
        {
            "x":748,
            "y":480,
            "w":4,
            "h":4,
            "index":13
        },
        {
            "x":690,
            "y":484,
            "w":66,
            "h":36,
            "index":14
        },
        {
            "x":642,
            "y":485,
            "w":103,
            "h":117,
            "index":15
        },
        {
            "x":342,
            "y":501,
            "w":10,
            "h":10,
            "index":16
        },
        {
            "x":259,
            "y":502,
            "w":11,
            "h":10,
            "index":17
        },
        {
            "x":732,
            "y":525,
            "w":148,
            "h":94,
            "index":18
        },
        {
            "x":607,
            "y":526,
            "w":50,
            "h":67,
            "index":19
        },
        {
            "x":587,
            "y":529,
            "w":31,
            "h":36,
            "index":20
        },
        {
            "x":311,
            "y":534,
            "w":10,
            "h":5,
            "index":21
        },
        {
            "x":587,
            "y":554,
            "w":68,
            "h":64,
            "index":22
        },
        {
            "x":847,
            "y":558,
            "w":64,
            "h":60,
            "index":23
        },
        {
            "x":313,
            "y":560,
            "w":3,
            "h":1,
            "index":24
        },
        {
            "x":300,
            "y":564,
            "w":21,
            "h":12,
            "index":25
        },
        {
            "x":461,
            "y":565,
            "w":21,
            "h":35,
            "index":26
        },
        {
            "x":99,
            "y":568,
            "w":36,
            "h":66,
            "index":27
        },
        {
            "x":725,
            "y":586,
            "w":20,
            "h":13,
            "index":28
        },
        {
            "x":659,
            "y":593,
            "w":140,
            "h":51,
            "index":29
        },
        {
            "x":829,
            "y":593,
            "w":12,
            "h":75,
            "index":30
        },
        {
            "x":435,
            "y":596,
            "w":53,
            "h":54,
            "index":31
        },
        {
            "x":126,
            "y":597,
            "w":329,
            "h":134,
            "index":32
        },
        {
            "x":859,
            "y":597,
            "w":23,
            "h":70,
            "index":33
        },
        {
            "x":102,
            "y":598,
            "w":51,
            "h":55,
            "index":34
        },
        {
            "x":723,
            "y":599,
            "w":2,
            "h":1,
            "index":35
        },
        {
            "x":931,
            "y":599,
            "w":35,
            "h":7,
            "index":36
        },
        {
            "x":806,
            "y":605,
            "w":23,
            "h":61,
            "index":37
        },
        {
            "x":842,
            "y":606,
            "w":17,
            "h":63,
            "index":38
        },
        {
            "x":876,
            "y":607,
            "w":26,
            "h":51,
            "index":39
        },
        {
            "x":931,
            "y":609,
            "w":5,
            "h":12,
            "index":40
        },
        {
            "x":961,
            "y":609,
            "w":6,
            "h":12,
            "index":41
        },
        {
            "x":256,
            "y":610,
            "w":16,
            "h":12,
            "index":42
        },
        {
            "x":327,
            "y":610,
            "w":10,
            "h":9,
            "index":43
        },
        {
            "x":950,
            "y":610,
            "w":9,
            "h":12,
            "index":44
        },
        {
            "x":938,
            "y":611,
            "w":10,
            "h":11,
            "index":45
        },
        {
            "x":275,
            "y":613,
            "w":16,
            "h":13,
            "index":46
        },
        {
            "x":312,
            "y":613,
            "w":12,
            "h":12,
            "index":47
        },
        {
            "x":294,
            "y":615,
            "w":14,
            "h":11,
            "index":48
        },
        {
            "x":883,
            "y":615,
            "w":1,
            "h":2,
            "index":49
        },
        {
            "x":736,
            "y":617,
            "w":4,
            "h":4,
            "index":50
        },
        {
            "x":982,
            "y":622,
            "w":42,
            "h":98,
            "index":51
        },
        {
            "x":933,
            "y":626,
            "w":30,
            "h":14,
            "index":52
        },
        {
            "x":795,
            "y":628,
            "w":15,
            "h":26,
            "index":53
        },
        {
            "x":456,
            "y":635,
            "w":1,
            "h":1,
            "index":54
        },
        {
            "x":544,
            "y":637,
            "w":160,
            "h":83,
            "index":55
        },
        {
            "x":919,
            "y":644,
            "w":58,
            "h":31,
            "index":56
        },
        {
            "x":555,
            "y":646,
            "w":463,
            "h":154,
            "index":57
        },
        {
            "x":792,
            "y":657,
            "w":108,
            "h":78,
            "index":58
        },
        {
            "x":917,
            "y":675,
            "w":62,
            "h":52,
            "index":59
        },
        {
            "x":635,
            "y":679,
            "w":72,
            "h":16,
            "index":60
        },
        {
            "x":931,
            "y":687,
            "w":25,
            "h":22,
            "index":61
        },
        {
            "x":632,
            "y":693,
            "w":76,
            "h":49,
            "index":62
        },
        {
            "x":170,
            "y":711,
            "w":242,
            "h":85,
            "index":63
        },
        {
            "x":918,
            "y":726,
            "w":61,
            "h":30,
            "index":64
        },
        {
            "x":554,
            "y":737,
            "w":465,
            "h":85,
            "index":65
        },
        {
            "x":224,
            "y":789,
            "w":75,
            "h":70,
            "index":66
        },
        {
            "x":297,
            "y":789,
            "w":72,
            "h":68,
            "index":67
        },
        {
            "x":962,
            "y":789,
            "w":45,
            "h":82,
            "index":68
        },
        {
            "x":577,
            "y":795,
            "w":52,
            "h":80,
            "index":69
        }
    ]
}