{
    "image":"game.png",
    "width":1024,
    "height":1024,
    "selectTab":{
        "id":"01"
    },
    "selectColor":{
        "id":"FCCFCA",
        "color":"#FCCFCA"
    },
    "list":[
        {
            "x":0,
            "y":0,
            "w":1024,
            "h":1024,
            "index":0
        },
        {
            "x":584,
            "y":44,
            "w":255,
            "h":393,
            "index":1
        },
        {
            "x":394,
            "y":58,
            "w":276,
            "h":445,
            "index":2
        },
        {
            "x":234,
            "y":71,
            "w":121,
            "h":124,
            "index":3
        },
        {
            "x":441,
            "y":122,
            "w":65,
            "h":26,
            "index":4
        },
        {
            "x":550,
            "y":128,
            "w":74,
            "h":47,
            "index":5
        },
        {
            "x":434,
            "y":163,
            "w":71,
            "h":88,
            "index":6
        },
        {
            "x":529,
            "y":173,
            "w":82,
            "h":94,
            "index":7
        },
        {
            "x":476,
            "y":194,
            "w":15,
            "h":17,
            "index":8
        },
        {
            "x":576,
            "y":205,
            "w":17,
            "h":19,
            "index":9
        },
        {
            "x":770,
            "y":253,
            "w":70,
            "h":71,
            "index":10
        },
        {
            "x":196,
            "y":306,
            "w":120,
            "h":115,
            "index":11
        },
        {
            "x":336,
            "y":359,
            "w":251,
            "h":192,
            "index":12
        },
        {
            "x":527,
            "y":378,
            "w":186,
            "h":133,
            "index":13
        },
        {
            "x":607,
            "y":410,
            "w":21,
            "h":47,
            "index":14
        },
        {
            "x":625,
            "y":411,
            "w":45,
            "h":64,
            "index":15
        },
        {
            "x":375,
            "y":430,
            "w":19,
            "h":49,
            "index":16
        },
        {
            "x":387,
            "y":498,
            "w":228,
            "h":161,
            "index":17
        },
        {
            "x":729,
            "y":510,
            "w":105,
            "h":104,
            "index":18
        },
        {
            "x":496,
            "y":539,
            "w":41,
            "h":43,
            "index":19
        },
        {
            "x":473,
            "y":572,
            "w":49,
            "h":40,
            "index":20
        },
        {
            "x":208,
            "y":579,
            "w":119,
            "h":116,
            "index":21
        },
        {
            "x":322,
            "y":649,
            "w":142,
            "h":318,
            "index":22
        },
        {
            "x":527,
            "y":657,
            "w":153,
            "h":318,
            "index":23
        },
        {
            "x":673,
            "y":690,
            "w":109,
            "h":109,
            "index":24
        },
        {
            "x":224,
            "y":777,
            "w":87,
            "h":88,
            "index":25
        }
    ]
}