{
    "image":"game.png",
    "width":1024,
    "height":1024,
    "selectTab":{
        "id":"01"
    },
    "selectColor":{
        "id":"FCCFCA",
        "color":"#FCCFCA"
    },
    "list":[
        {
            "x":0,
            "y":0,
            "w":1024,
            "h":1014,
            "index":0
        },
        {
            "x":901,
            "y":0,
            "w":22,
            "h":25,
            "index":1
        },
        {
            "x":543,
            "y":28,
            "w":2,
            "h":1,
            "index":2
        },
        {
            "x":542,
            "y":29,
            "w":1,
            "h":1,
            "index":3
        },
        {
            "x":540,
            "y":30,
            "w":1,
            "h":1,
            "index":4
        },
        {
            "x":527,
            "y":30,
            "w":79,
            "h":76,
            "index":5
        },
        {
            "x":538,
            "y":31,
            "w":2,
            "h":1,
            "index":6
        },
        {
            "x":592,
            "y":32,
            "w":45,
            "h":31,
            "index":7
        },
        {
            "x":671,
            "y":33,
            "w":49,
            "h":56,
            "index":8
        },
        {
            "x":639,
            "y":39,
            "w":30,
            "h":42,
            "index":9
        },
        {
            "x":595,
            "y":59,
            "w":106,
            "h":86,
            "index":10
        },
        {
            "x":965,
            "y":84,
            "w":1,
            "h":1,
            "index":11
        },
        {
            "x":966,
            "y":85,
            "w":1,
            "h":1,
            "index":12
        },
        {
            "x":253,
            "y":105,
            "w":36,
            "h":53,
            "index":13
        },
        {
            "x":536,
            "y":106,
            "w":25,
            "h":38,
            "index":14
        },
        {
            "x":532,
            "y":118,
            "w":1,
            "h":1,
            "index":15
        },
        {
            "x":0,
            "y":167,
            "w":199,
            "h":417,
            "index":16
        },
        {
            "x":914,
            "y":198,
            "w":90,
            "h":76,
            "index":17
        },
        {
            "x":57,
            "y":199,
            "w":1,
            "h":1,
            "index":18
        },
        {
            "x":365,
            "y":236,
            "w":73,
            "h":64,
            "index":19
        },
        {
            "x":466,
            "y":250,
            "w":69,
            "h":55,
            "index":20
        },
        {
            "x":437,
            "y":266,
            "w":30,
            "h":30,
            "index":21
        },
        {
            "x":288,
            "y":281,
            "w":300,
            "h":294,
            "index":22
        },
        {
            "x":39,
            "y":317,
            "w":99,
            "h":77,
            "index":23
        },
        {
            "x":668,
            "y":467,
            "w":27,
            "h":33,
            "index":24
        },
        {
            "x":631,
            "y":482,
            "w":80,
            "h":68,
            "index":25
        },
        {
            "x":102,
            "y":484,
            "w":261,
            "h":292,
            "index":26
        },
        {
            "x":538,
            "y":514,
            "w":31,
            "h":52,
            "index":27
        },
        {
            "x":397,
            "y":539,
            "w":164,
            "h":93,
            "index":28
        },
        {
            "x":465,
            "y":553,
            "w":60,
            "h":40,
            "index":29
        },
        {
            "x":430,
            "y":554,
            "w":41,
            "h":27,
            "index":30
        },
        {
            "x":487,
            "y":554,
            "w":33,
            "h":20,
            "index":31
        },
        {
            "x":525,
            "y":579,
            "w":1,
            "h":1,
            "index":32
        },
        {
            "x":417,
            "y":581,
            "w":14,
            "h":21,
            "index":33
        },
        {
            "x":425,
            "y":583,
            "w":44,
            "h":34,
            "index":34
        },
        {
            "x":480,
            "y":584,
            "w":46,
            "h":28,
            "index":35
        },
        {
            "x":528,
            "y":584,
            "w":18,
            "h":58,
            "index":36
        },
        {
            "x":0,
            "y":587,
            "w":1024,
            "h":437,
            "index":37
        },
        {
            "x":457,
            "y":599,
            "w":79,
            "h":54,
            "index":38
        },
        {
            "x":403,
            "y":608,
            "w":47,
            "h":23,
            "index":39
        },
        {
            "x":398,
            "y":619,
            "w":71,
            "h":34,
            "index":40
        },
        {
            "x":386,
            "y":619,
            "w":184,
            "h":52,
            "index":41
        },
        {
            "x":533,
            "y":624,
            "w":378,
            "h":254,
            "index":42
        },
        {
            "x":535,
            "y":642,
            "w":1,
            "h":1,
            "index":43
        },
        {
            "x":565,
            "y":650,
            "w":1,
            "h":1,
            "index":44
        },
        {
            "x":390,
            "y":651,
            "w":22,
            "h":24,
            "index":45
        },
        {
            "x":543,
            "y":651,
            "w":22,
            "h":25,
            "index":46
        },
        {
            "x":393,
            "y":666,
            "w":167,
            "h":52,
            "index":47
        },
        {
            "x":246,
            "y":686,
            "w":52,
            "h":28,
            "index":48
        },
        {
            "x":239,
            "y":704,
            "w":64,
            "h":51,
            "index":49
        },
        {
            "x":444,
            "y":744,
            "w":37,
            "h":32,
            "index":50
        },
        {
            "x":128,
            "y":746,
            "w":226,
            "h":91,
            "index":51
        },
        {
            "x":417,
            "y":758,
            "w":75,
            "h":68,
            "index":52
        },
        {
            "x":994,
            "y":780,
            "w":14,
            "h":18,
            "index":53
        },
        {
            "x":531,
            "y":792,
            "w":82,
            "h":49,
            "index":54
        },
        {
            "x":97,
            "y":833,
            "w":39,
            "h":28,
            "index":55
        },
        {
            "x":49,
            "y":892,
            "w":54,
            "h":32,
            "index":56
        },
        {
            "x":940,
            "y":955,
            "w":84,
            "h":69,
            "index":57
        },
        {
            "x":437,
            "y":985,
            "w":1,
            "h":1,
            "index":58
        },
        {
            "x":898,
            "y":1013,
            "w":24,
            "h":11,
            "index":59
        }
    ]
}