{
    "image":"game.png",
    "width":1024,
    "height":1024,
    "selectTab":{
        "id":"01"
    },
    "selectColor":{
        "id":"FCCFCA",
        "color":"#FCCFCA"
    },
    "list":[
        {
            "x":0,
            "y":0,
            "w":1024,
            "h":1024,
            "index":0
        },
        {
            "x":811,
            "y":40,
            "w":42,
            "h":42,
            "index":1
        },
        {
            "x":767,
            "y":113,
            "w":46,
            "h":45,
            "index":2
        },
        {
            "x":330,
            "y":168,
            "w":155,
            "h":97,
            "index":3
        },
        {
            "x":460,
            "y":170,
            "w":143,
            "h":98,
            "index":4
        },
        {
            "x":831,
            "y":176,
            "w":27,
            "h":27,
            "index":5
        },
        {
            "x":214,
            "y":192,
            "w":126,
            "h":127,
            "index":6
        },
        {
            "x":572,
            "y":209,
            "w":107,
            "h":116,
            "index":7
        },
        {
            "x":354,
            "y":232,
            "w":513,
            "h":407,
            "index":8
        },
        {
            "x":357,
            "y":234,
            "w":151,
            "h":163,
            "index":9
        },
        {
            "x":244,
            "y":237,
            "w":134,
            "h":145,
            "index":10
        },
        {
            "x":494,
            "y":259,
            "w":114,
            "h":134,
            "index":11
        },
        {
            "x":585,
            "y":284,
            "w":85,
            "h":107,
            "index":12
        },
        {
            "x":174,
            "y":297,
            "w":67,
            "h":58,
            "index":13
        },
        {
            "x":217,
            "y":336,
            "w":82,
            "h":65,
            "index":14
        },
        {
            "x":74,
            "y":355,
            "w":186,
            "h":115,
            "index":15
        },
        {
            "x":526,
            "y":367,
            "w":77,
            "h":64,
            "index":16
        },
        {
            "x":284,
            "y":373,
            "w":83,
            "h":56,
            "index":17
        },
        {
            "x":360,
            "y":395,
            "w":84,
            "h":45,
            "index":18
        },
        {
            "x":446,
            "y":395,
            "w":78,
            "h":45,
            "index":19
        },
        {
            "x":675,
            "y":396,
            "w":94,
            "h":210,
            "index":20
        },
        {
            "x":260,
            "y":404,
            "w":254,
            "h":73,
            "index":21
        },
        {
            "x":892,
            "y":422,
            "w":52,
            "h":349,
            "index":22
        },
        {
            "x":817,
            "y":494,
            "w":61,
            "h":268,
            "index":23
        },
        {
            "x":178,
            "y":518,
            "w":56,
            "h":228,
            "index":24
        },
        {
            "x":120,
            "y":520,
            "w":47,
            "h":223,
            "index":25
        },
        {
            "x":772,
            "y":578,
            "w":50,
            "h":180,
            "index":26
        },
        {
            "x":200,
            "y":593,
            "w":68,
            "h":154,
            "index":27
        },
        {
            "x":929,
            "y":614,
            "w":53,
            "h":159,
            "index":28
        },
        {
            "x":82,
            "y":639,
            "w":63,
            "h":100,
            "index":29
        },
        {
            "x":527,
            "y":672,
            "w":182,
            "h":148,
            "index":30
        },
        {
            "x":824,
            "y":720,
            "w":40,
            "h":39,
            "index":31
        },
        {
            "x":228,
            "y":729,
            "w":204,
            "h":161,
            "index":32
        },
        {
            "x":377,
            "y":729,
            "w":26,
            "h":12,
            "index":33
        },
        {
            "x":880,
            "y":730,
            "w":24,
            "h":39,
            "index":34
        },
        {
            "x":916,
            "y":738,
            "w":8,
            "h":34,
            "index":35
        },
        {
            "x":83,
            "y":776,
            "w":42,
            "h":22,
            "index":36
        },
        {
            "x":626,
            "y":802,
            "w":219,
            "h":169,
            "index":37
        },
        {
            "x":826,
            "y":805,
            "w":31,
            "h":16,
            "index":38
        },
        {
            "x":479,
            "y":810,
            "w":46,
            "h":24,
            "index":39
        },
        {
            "x":117,
            "y":850,
            "w":48,
            "h":27,
            "index":40
        },
        {
            "x":888,
            "y":860,
            "w":34,
            "h":19,
            "index":41
        },
        {
            "x":547,
            "y":863,
            "w":23,
            "h":13,
            "index":42
        },
        {
            "x":486,
            "y":892,
            "w":41,
            "h":23,
            "index":43
        }
    ]
}