{
    "image":"game.png",
    "width":1024,
    "height":1024,
    "selectTab":{
        "id":"01"
    },
    "selectColor":{
        "id":"FCCFCA",
        "color":"#FCCFCA"
    },
    "list":[
        {
            "x":0,
            "y":0,
            "w":77,
            "h":223,
            "index":0
        },
        {
            "x":32,
            "y":0,
            "w":87,
            "h":226,
            "index":1
        },
        {
            "x":130,
            "y":0,
            "w":120,
            "h":35,
            "index":2
        },
        {
            "x":195,
            "y":0,
            "w":97,
            "h":72,
            "index":3
        },
        {
            "x":299,
            "y":0,
            "w":27,
            "h":291,
            "index":4
        },
        {
            "x":333,
            "y":0,
            "w":267,
            "h":94,
            "index":5
        },
        {
            "x":607,
            "y":0,
            "w":28,
            "h":211,
            "index":6
        },
        {
            "x":642,
            "y":0,
            "w":43,
            "h":208,
            "index":7
        },
        {
            "x":692,
            "y":0,
            "w":242,
            "h":547,
            "index":8
        },
        {
            "x":868,
            "y":0,
            "w":156,
            "h":28,
            "index":9
        },
        {
            "x":1022,
            "y":0,
            "w":2,
            "h":1,
            "index":10
        },
        {
            "x":118,
            "y":7,
            "w":174,
            "h":98,
            "index":11
        },
        {
            "x":858,
            "y":21,
            "w":166,
            "h":51,
            "index":12
        },
        {
            "x":447,
            "y":26,
            "w":9,
            "h":8,
            "index":13
        },
        {
            "x":374,
            "y":37,
            "w":8,
            "h":8,
            "index":14
        },
        {
            "x":519,
            "y":39,
            "w":8,
            "h":7,
            "index":15
        },
        {
            "x":517,
            "y":58,
            "w":84,
            "h":178,
            "index":16
        },
        {
            "x":835,
            "y":65,
            "w":189,
            "h":143,
            "index":17
        },
        {
            "x":332,
            "y":81,
            "w":206,
            "h":71,
            "index":18
        },
        {
            "x":112,
            "y":92,
            "w":180,
            "h":41,
            "index":19
        },
        {
            "x":204,
            "y":110,
            "w":9,
            "h":9,
            "index":20
        },
        {
            "x":97,
            "y":120,
            "w":195,
            "h":171,
            "index":21
        },
        {
            "x":332,
            "y":125,
            "w":120,
            "h":87,
            "index":22
        },
        {
            "x":333,
            "y":130,
            "w":184,
            "h":161,
            "index":23
        },
        {
            "x":138,
            "y":139,
            "w":154,
            "h":54,
            "index":24
        },
        {
            "x":153,
            "y":157,
            "w":41,
            "h":61,
            "index":25
        },
        {
            "x":511,
            "y":157,
            "w":18,
            "h":41,
            "index":26
        },
        {
            "x":60,
            "y":176,
            "w":30,
            "h":128,
            "index":27
        },
        {
            "x":356,
            "y":176,
            "w":65,
            "h":90,
            "index":28
        },
        {
            "x":831,
            "y":193,
            "w":193,
            "h":48,
            "index":29
        },
        {
            "x":422,
            "y":215,
            "w":472,
            "h":306,
            "index":30
        },
        {
            "x":0,
            "y":224,
            "w":57,
            "h":37,
            "index":31
        },
        {
            "x":430,
            "y":225,
            "w":84,
            "h":114,
            "index":32
        },
        {
            "x":235,
            "y":238,
            "w":7,
            "h":7,
            "index":33
        },
        {
            "x":966,
            "y":240,
            "w":58,
            "h":390,
            "index":34
        },
        {
            "x":104,
            "y":247,
            "w":8,
            "h":10,
            "index":35
        },
        {
            "x":939,
            "y":249,
            "w":23,
            "h":310,
            "index":36
        },
        {
            "x":0,
            "y":261,
            "w":87,
            "h":175,
            "index":37
        },
        {
            "x":466,
            "y":268,
            "w":338,
            "h":326,
            "index":38
        },
        {
            "x":81,
            "y":298,
            "w":343,
            "h":28,
            "index":39
        },
        {
            "x":85,
            "y":333,
            "w":342,
            "h":37,
            "index":40
        },
        {
            "x":158,
            "y":354,
            "w":13,
            "h":13,
            "index":41
        },
        {
            "x":124,
            "y":370,
            "w":83,
            "h":27,
            "index":42
        },
        {
            "x":502,
            "y":374,
            "w":77,
            "h":78,
            "index":43
        },
        {
            "x":208,
            "y":376,
            "w":214,
            "h":210,
            "index":44
        },
        {
            "x":619,
            "y":376,
            "w":83,
            "h":82,
            "index":45
        },
        {
            "x":93,
            "y":377,
            "w":28,
            "h":25,
            "index":46
        },
        {
            "x":89,
            "y":395,
            "w":147,
            "h":132,
            "index":47
        },
        {
            "x":224,
            "y":395,
            "w":50,
            "h":85,
            "index":48
        },
        {
            "x":62,
            "y":405,
            "w":49,
            "h":63,
            "index":49
        },
        {
            "x":230,
            "y":414,
            "w":27,
            "h":44,
            "index":50
        },
        {
            "x":0,
            "y":436,
            "w":82,
            "h":152,
            "index":51
        },
        {
            "x":310,
            "y":443,
            "w":145,
            "h":176,
            "index":52
        },
        {
            "x":707,
            "y":471,
            "w":182,
            "h":274,
            "index":53
        },
        {
            "x":492,
            "y":476,
            "w":1,
            "h":1,
            "index":54
        },
        {
            "x":455,
            "y":477,
            "w":73,
            "h":33,
            "index":55
        },
        {
            "x":443,
            "y":486,
            "w":208,
            "h":137,
            "index":56
        },
        {
            "x":536,
            "y":486,
            "w":104,
            "h":28,
            "index":57
        },
        {
            "x":33,
            "y":508,
            "w":257,
            "h":62,
            "index":58
        },
        {
            "x":89,
            "y":519,
            "w":147,
            "h":29,
            "index":59
        },
        {
            "x":430,
            "y":527,
            "w":39,
            "h":52,
            "index":60
        },
        {
            "x":31,
            "y":549,
            "w":259,
            "h":51,
            "index":61
        },
        {
            "x":861,
            "y":552,
            "w":94,
            "h":114,
            "index":62
        },
        {
            "x":960,
            "y":576,
            "w":29,
            "h":61,
            "index":63
        },
        {
            "x":255,
            "y":588,
            "w":20,
            "h":20,
            "index":64
        },
        {
            "x":49,
            "y":591,
            "w":22,
            "h":87,
            "index":65
        },
        {
            "x":412,
            "y":591,
            "w":53,
            "h":34,
            "index":66
        },
        {
            "x":555,
            "y":591,
            "w":156,
            "h":115,
            "index":67
        },
        {
            "x":282,
            "y":592,
            "w":31,
            "h":20,
            "index":68
        },
        {
            "x":0,
            "y":594,
            "w":42,
            "h":51,
            "index":69
        },
        {
            "x":961,
            "y":596,
            "w":11,
            "h":22,
            "index":70
        },
        {
            "x":77,
            "y":597,
            "w":173,
            "h":48,
            "index":71
        },
        {
            "x":450,
            "y":605,
            "w":117,
            "h":87,
            "index":72
        },
        {
            "x":14,
            "y":607,
            "w":399,
            "h":340,
            "index":73
        },
        {
            "x":777,
            "y":615,
            "w":243,
            "h":78,
            "index":74
        },
        {
            "x":411,
            "y":619,
            "w":1,
            "h":1,
            "index":75
        },
        {
            "x":408,
            "y":627,
            "w":295,
            "h":119,
            "index":76
        },
        {
            "x":682,
            "y":640,
            "w":23,
            "h":15,
            "index":77
        },
        {
            "x":1020,
            "y":646,
            "w":4,
            "h":24,
            "index":78
        },
        {
            "x":0,
            "y":652,
            "w":112,
            "h":141,
            "index":79
        },
        {
            "x":925,
            "y":653,
            "w":88,
            "h":73,
            "index":80
        },
        {
            "x":771,
            "y":660,
            "w":148,
            "h":70,
            "index":81
        },
        {
            "x":763,
            "y":677,
            "w":261,
            "h":69,
            "index":82
        },
        {
            "x":392,
            "y":682,
            "w":11,
            "h":20,
            "index":83
        },
        {
            "x":915,
            "y":695,
            "w":103,
            "h":77,
            "index":84
        },
        {
            "x":754,
            "y":703,
            "w":270,
            "h":84,
            "index":85
        },
        {
            "x":398,
            "y":711,
            "w":626,
            "h":313,
            "index":86
        },
        {
            "x":22,
            "y":719,
            "w":52,
            "h":60,
            "index":87
        },
        {
            "x":1021,
            "y":726,
            "w":3,
            "h":14,
            "index":88
        },
        {
            "x":916,
            "y":732,
            "w":104,
            "h":88,
            "index":89
        },
        {
            "x":752,
            "y":741,
            "w":160,
            "h":87,
            "index":90
        },
        {
            "x":919,
            "y":760,
            "w":105,
            "h":75,
            "index":91
        },
        {
            "x":531,
            "y":773,
            "w":163,
            "h":45,
            "index":92
        },
        {
            "x":0,
            "y":787,
            "w":209,
            "h":237,
            "index":93
        },
        {
            "x":517,
            "y":792,
            "w":98,
            "h":57,
            "index":94
        },
        {
            "x":321,
            "y":806,
            "w":1,
            "h":1,
            "index":95
        },
        {
            "x":621,
            "y":806,
            "w":71,
            "h":29,
            "index":96
        },
        {
            "x":305,
            "y":821,
            "w":27,
            "h":27,
            "index":97
        },
        {
            "x":619,
            "y":822,
            "w":72,
            "h":28,
            "index":98
        },
        {
            "x":512,
            "y":823,
            "w":101,
            "h":59,
            "index":99
        },
        {
            "x":619,
            "y":834,
            "w":78,
            "h":33,
            "index":100
        },
        {
            "x":338,
            "y":846,
            "w":99,
            "h":58,
            "index":101
        },
        {
            "x":775,
            "y":848,
            "w":199,
            "h":176,
            "index":102
        },
        {
            "x":618,
            "y":850,
            "w":81,
            "h":33,
            "index":103
        },
        {
            "x":792,
            "y":860,
            "w":180,
            "h":164,
            "index":104
        },
        {
            "x":417,
            "y":878,
            "w":171,
            "h":88,
            "index":105
        },
        {
            "x":229,
            "y":879,
            "w":148,
            "h":145,
            "index":106
        },
        {
            "x":461,
            "y":897,
            "w":65,
            "h":39,
            "index":107
        },
        {
            "x":576,
            "y":898,
            "w":207,
            "h":106,
            "index":108
        },
        {
            "x":856,
            "y":912,
            "w":142,
            "h":112,
            "index":109
        },
        {
            "x":308,
            "y":913,
            "w":186,
            "h":94,
            "index":110
        },
        {
            "x":762,
            "y":919,
            "w":35,
            "h":22,
            "index":111
        },
        {
            "x":293,
            "y":931,
            "w":308,
            "h":93,
            "index":112
        },
        {
            "x":649,
            "y":933,
            "w":60,
            "h":29,
            "index":113
        },
        {
            "x":117,
            "y":935,
            "w":41,
            "h":29,
            "index":114
        },
        {
            "x":785,
            "y":939,
            "w":8,
            "h":7,
            "index":115
        },
        {
            "x":731,
            "y":941,
            "w":38,
            "h":19,
            "index":116
        },
        {
            "x":152,
            "y":943,
            "w":40,
            "h":31,
            "index":117
        },
        {
            "x":193,
            "y":945,
            "w":45,
            "h":39,
            "index":118
        },
        {
            "x":71,
            "y":946,
            "w":40,
            "h":42,
            "index":119
        },
        {
            "x":757,
            "y":950,
            "w":31,
            "h":22,
            "index":120
        },
        {
            "x":89,
            "y":957,
            "w":45,
            "h":42,
            "index":121
        },
        {
            "x":703,
            "y":960,
            "w":36,
            "h":19,
            "index":122
        },
        {
            "x":175,
            "y":966,
            "w":47,
            "h":35,
            "index":123
        },
        {
            "x":730,
            "y":968,
            "w":41,
            "h":21,
            "index":124
        },
        {
            "x":123,
            "y":971,
            "w":50,
            "h":32,
            "index":125
        },
        {
            "x":679,
            "y":979,
            "w":33,
            "h":16,
            "index":126
        },
        {
            "x":764,
            "y":983,
            "w":15,
            "h":13,
            "index":127
        },
        {
            "x":706,
            "y":988,
            "w":39,
            "h":18,
            "index":128
        },
        {
            "x":570,
            "y":990,
            "w":111,
            "h":34,
            "index":129
        },
        {
            "x":73,
            "y":991,
            "w":164,
            "h":33,
            "index":130
        },
        {
            "x":652,
            "y":994,
            "w":36,
            "h":19,
            "index":131
        },
        {
            "x":740,
            "y":997,
            "w":32,
            "h":19,
            "index":132
        },
        {
            "x":681,
            "y":1004,
            "w":41,
            "h":19,
            "index":133
        },
        {
            "x":277,
            "y":1009,
            "w":38,
            "h":15,
            "index":134
        },
        {
            "x":719,
            "y":1014,
            "w":34,
            "h":10,
            "index":135
        },
        {
            "x":0,
            "y":1020,
            "w":4,
            "h":4,
            "index":136
        },
        {
            "x":763,
            "y":1021,
            "w":5,
            "h":3,
            "index":137
        }
    ]
}