{
    "image":"game.png",
    "width":1024,
    "height":1024,
    "selectTab":{
        "id":"01"
    },
    "selectColor":{
        "id":"FCCFCA",
        "color":"#FCCFCA"
    },
    "list":[
        {
            "x":0,
            "y":0,
            "w":48,
            "h":31,
            "index":0
        },
        {
            "x":55,
            "y":0,
            "w":70,
            "h":12,
            "index":1
        },
        {
            "x":135,
            "y":0,
            "w":19,
            "h":10,
            "index":2
        },
        {
            "x":159,
            "y":0,
            "w":77,
            "h":228,
            "index":3
        },
        {
            "x":231,
            "y":0,
            "w":69,
            "h":255,
            "index":4
        },
        {
            "x":295,
            "y":0,
            "w":49,
            "h":247,
            "index":5
        },
        {
            "x":349,
            "y":0,
            "w":223,
            "h":100,
            "index":6
        },
        {
            "x":567,
            "y":0,
            "w":181,
            "h":46,
            "index":7
        },
        {
            "x":436,
            "y":0,
            "w":460,
            "h":246,
            "index":8
        },
        {
            "x":873,
            "y":0,
            "w":99,
            "h":368,
            "index":9
        },
        {
            "x":946,
            "y":0,
            "w":78,
            "h":389,
            "index":10
        },
        {
            "x":150,
            "y":5,
            "w":18,
            "h":27,
            "index":11
        },
        {
            "x":44,
            "y":7,
            "w":16,
            "h":26,
            "index":12
        },
        {
            "x":123,
            "y":7,
            "w":22,
            "h":29,
            "index":13
        },
        {
            "x":64,
            "y":9,
            "w":27,
            "h":27,
            "index":14
        },
        {
            "x":170,
            "y":13,
            "w":25,
            "h":26,
            "index":15
        },
        {
            "x":81,
            "y":17,
            "w":36,
            "h":26,
            "index":16
        },
        {
            "x":22,
            "y":19,
            "w":20,
            "h":23,
            "index":17
        },
        {
            "x":342,
            "y":33,
            "w":109,
            "h":127,
            "index":18
        },
        {
            "x":182,
            "y":34,
            "w":31,
            "h":17,
            "index":19
        },
        {
            "x":119,
            "y":35,
            "w":12,
            "h":8,
            "index":20
        },
        {
            "x":0,
            "y":36,
            "w":29,
            "h":19,
            "index":21
        },
        {
            "x":133,
            "y":38,
            "w":46,
            "h":36,
            "index":22
        },
        {
            "x":33,
            "y":39,
            "w":47,
            "h":36,
            "index":23
        },
        {
            "x":87,
            "y":43,
            "w":38,
            "h":20,
            "index":24
        },
        {
            "x":184,
            "y":57,
            "w":35,
            "h":22,
            "index":25
        },
        {
            "x":0,
            "y":61,
            "w":28,
            "h":23,
            "index":26
        },
        {
            "x":116,
            "y":64,
            "w":15,
            "h":15,
            "index":27
        },
        {
            "x":81,
            "y":66,
            "w":33,
            "h":26,
            "index":28
        },
        {
            "x":171,
            "y":74,
            "w":28,
            "h":28,
            "index":29
        },
        {
            "x":12,
            "y":75,
            "w":28,
            "h":25,
            "index":30
        },
        {
            "x":123,
            "y":75,
            "w":26,
            "h":27,
            "index":31
        },
        {
            "x":66,
            "y":78,
            "w":18,
            "h":26,
            "index":32
        },
        {
            "x":40,
            "y":81,
            "w":19,
            "h":31,
            "index":33
        },
        {
            "x":153,
            "y":81,
            "w":17,
            "h":28,
            "index":34
        },
        {
            "x":0,
            "y":91,
            "w":36,
            "h":28,
            "index":35
        },
        {
            "x":85,
            "y":95,
            "w":13,
            "h":20,
            "index":36
        },
        {
            "x":94,
            "y":96,
            "w":28,
            "h":78,
            "index":37
        },
        {
            "x":118,
            "y":101,
            "w":39,
            "h":33,
            "index":38
        },
        {
            "x":58,
            "y":105,
            "w":12,
            "h":18,
            "index":39
        },
        {
            "x":73,
            "y":111,
            "w":17,
            "h":62,
            "index":40
        },
        {
            "x":3,
            "y":118,
            "w":71,
            "h":47,
            "index":41
        },
        {
            "x":111,
            "y":124,
            "w":88,
            "h":39,
            "index":42
        },
        {
            "x":0,
            "y":135,
            "w":29,
            "h":73,
            "index":43
        },
        {
            "x":340,
            "y":146,
            "w":236,
            "h":66,
            "index":44
        },
        {
            "x":24,
            "y":163,
            "w":137,
            "h":40,
            "index":45
        },
        {
            "x":113,
            "y":168,
            "w":15,
            "h":5,
            "index":46
        },
        {
            "x":336,
            "y":179,
            "w":202,
            "h":78,
            "index":47
        },
        {
            "x":528,
            "y":192,
            "w":139,
            "h":86,
            "index":48
        },
        {
            "x":35,
            "y":199,
            "w":116,
            "h":65,
            "index":49
        },
        {
            "x":0,
            "y":203,
            "w":220,
            "h":138,
            "index":50
        },
        {
            "x":0,
            "y":208,
            "w":32,
            "h":22,
            "index":51
        },
        {
            "x":675,
            "y":211,
            "w":204,
            "h":73,
            "index":52
        },
        {
            "x":617,
            "y":213,
            "w":56,
            "h":53,
            "index":53
        },
        {
            "x":300,
            "y":226,
            "w":724,
            "h":193,
            "index":54
        },
        {
            "x":0,
            "y":228,
            "w":61,
            "h":51,
            "index":55
        },
        {
            "x":433,
            "y":231,
            "w":23,
            "h":22,
            "index":56
        },
        {
            "x":619,
            "y":234,
            "w":47,
            "h":57,
            "index":57
        },
        {
            "x":637,
            "y":234,
            "w":176,
            "h":96,
            "index":58
        },
        {
            "x":451,
            "y":244,
            "w":29,
            "h":26,
            "index":59
        },
        {
            "x":0,
            "y":246,
            "w":224,
            "h":122,
            "index":60
        },
        {
            "x":221,
            "y":253,
            "w":803,
            "h":203,
            "index":61
        },
        {
            "x":0,
            "y":256,
            "w":68,
            "h":43,
            "index":62
        },
        {
            "x":618,
            "y":257,
            "w":56,
            "h":49,
            "index":63
        },
        {
            "x":475,
            "y":261,
            "w":24,
            "h":22,
            "index":64
        },
        {
            "x":712,
            "y":268,
            "w":52,
            "h":36,
            "index":65
        },
        {
            "x":527,
            "y":269,
            "w":85,
            "h":35,
            "index":66
        },
        {
            "x":759,
            "y":272,
            "w":57,
            "h":61,
            "index":67
        },
        {
            "x":0,
            "y":275,
            "w":68,
            "h":45,
            "index":68
        },
        {
            "x":789,
            "y":279,
            "w":86,
            "h":56,
            "index":69
        },
        {
            "x":199,
            "y":282,
            "w":99,
            "h":51,
            "index":70
        },
        {
            "x":168,
            "y":296,
            "w":24,
            "h":49,
            "index":71
        },
        {
            "x":129,
            "y":307,
            "w":314,
            "h":407,
            "index":72
        },
        {
            "x":0,
            "y":310,
            "w":178,
            "h":265,
            "index":73
        },
        {
            "x":394,
            "y":321,
            "w":223,
            "h":76,
            "index":74
        },
        {
            "x":421,
            "y":347,
            "w":46,
            "h":118,
            "index":75
        },
        {
            "x":610,
            "y":367,
            "w":57,
            "h":47,
            "index":76
        },
        {
            "x":459,
            "y":369,
            "w":144,
            "h":66,
            "index":77
        },
        {
            "x":0,
            "y":371,
            "w":14,
            "h":71,
            "index":78
        },
        {
            "x":668,
            "y":378,
            "w":28,
            "h":8,
            "index":79
        },
        {
            "x":545,
            "y":393,
            "w":340,
            "h":247,
            "index":80
        },
        {
            "x":773,
            "y":404,
            "w":137,
            "h":53,
            "index":81
        },
        {
            "x":0,
            "y":415,
            "w":891,
            "h":598,
            "index":82
        },
        {
            "x":527,
            "y":426,
            "w":70,
            "h":147,
            "index":83
        },
        {
            "x":882,
            "y":437,
            "w":66,
            "h":87,
            "index":84
        },
        {
            "x":942,
            "y":445,
            "w":48,
            "h":23,
            "index":85
        },
        {
            "x":822,
            "y":447,
            "w":72,
            "h":48,
            "index":86
        },
        {
            "x":985,
            "y":460,
            "w":39,
            "h":81,
            "index":87
        },
        {
            "x":1012,
            "y":460,
            "w":12,
            "h":23,
            "index":88
        },
        {
            "x":924,
            "y":463,
            "w":80,
            "h":92,
            "index":89
        },
        {
            "x":392,
            "y":469,
            "w":111,
            "h":139,
            "index":90
        },
        {
            "x":258,
            "y":494,
            "w":91,
            "h":115,
            "index":91
        },
        {
            "x":273,
            "y":511,
            "w":61,
            "h":60,
            "index":92
        },
        {
            "x":891,
            "y":523,
            "w":31,
            "h":18,
            "index":93
        },
        {
            "x":882,
            "y":541,
            "w":142,
            "h":43,
            "index":94
        },
        {
            "x":1014,
            "y":543,
            "w":10,
            "h":11,
            "index":95
        },
        {
            "x":117,
            "y":544,
            "w":37,
            "h":74,
            "index":96
        },
        {
            "x":920,
            "y":549,
            "w":88,
            "h":22,
            "index":97
        },
        {
            "x":875,
            "y":560,
            "w":149,
            "h":129,
            "index":98
        },
        {
            "x":546,
            "y":567,
            "w":62,
            "h":36,
            "index":99
        },
        {
            "x":755,
            "y":579,
            "w":147,
            "h":153,
            "index":100
        },
        {
            "x":462,
            "y":597,
            "w":271,
            "h":184,
            "index":101
        },
        {
            "x":665,
            "y":606,
            "w":103,
            "h":121,
            "index":102
        },
        {
            "x":157,
            "y":635,
            "w":867,
            "h":389,
            "index":103
        },
        {
            "x":55,
            "y":646,
            "w":19,
            "h":20,
            "index":104
        },
        {
            "x":301,
            "y":646,
            "w":77,
            "h":47,
            "index":105
        },
        {
            "x":21,
            "y":651,
            "w":46,
            "h":86,
            "index":106
        },
        {
            "x":68,
            "y":651,
            "w":33,
            "h":86,
            "index":107
        },
        {
            "x":858,
            "y":656,
            "w":40,
            "h":11,
            "index":108
        },
        {
            "x":479,
            "y":663,
            "w":194,
            "h":140,
            "index":109
        },
        {
            "x":895,
            "y":667,
            "w":20,
            "h":56,
            "index":110
        },
        {
            "x":915,
            "y":689,
            "w":55,
            "h":35,
            "index":111
        },
        {
            "x":883,
            "y":695,
            "w":16,
            "h":25,
            "index":112
        },
        {
            "x":128,
            "y":718,
            "w":17,
            "h":20,
            "index":113
        },
        {
            "x":883,
            "y":720,
            "w":20,
            "h":32,
            "index":114
        },
        {
            "x":924,
            "y":720,
            "w":46,
            "h":34,
            "index":115
        },
        {
            "x":94,
            "y":724,
            "w":27,
            "h":81,
            "index":116
        },
        {
            "x":154,
            "y":724,
            "w":18,
            "h":27,
            "index":117
        },
        {
            "x":892,
            "y":729,
            "w":68,
            "h":43,
            "index":118
        },
        {
            "x":108,
            "y":736,
            "w":48,
            "h":78,
            "index":119
        },
        {
            "x":56,
            "y":743,
            "w":10,
            "h":92,
            "index":120
        },
        {
            "x":135,
            "y":746,
            "w":49,
            "h":72,
            "index":121
        },
        {
            "x":4,
            "y":752,
            "w":53,
            "h":186,
            "index":122
        },
        {
            "x":1007,
            "y":754,
            "w":17,
            "h":105,
            "index":123
        },
        {
            "x":888,
            "y":766,
            "w":76,
            "h":72,
            "index":124
        },
        {
            "x":265,
            "y":783,
            "w":22,
            "h":21,
            "index":125
        },
        {
            "x":766,
            "y":786,
            "w":90,
            "h":106,
            "index":126
        },
        {
            "x":92,
            "y":804,
            "w":132,
            "h":142,
            "index":127
        },
        {
            "x":269,
            "y":805,
            "w":28,
            "h":39,
            "index":128
        },
        {
            "x":62,
            "y":812,
            "w":45,
            "h":107,
            "index":129
        },
        {
            "x":65,
            "y":813,
            "w":19,
            "h":33,
            "index":130
        },
        {
            "x":0,
            "y":816,
            "w":42,
            "h":82,
            "index":131
        },
        {
            "x":681,
            "y":816,
            "w":95,
            "h":97,
            "index":132
        },
        {
            "x":76,
            "y":818,
            "w":43,
            "h":136,
            "index":133
        },
        {
            "x":982,
            "y":818,
            "w":33,
            "h":88,
            "index":134
        },
        {
            "x":179,
            "y":829,
            "w":298,
            "h":183,
            "index":135
        },
        {
            "x":107,
            "y":836,
            "w":26,
            "h":37,
            "index":136
        },
        {
            "x":759,
            "y":840,
            "w":8,
            "h":8,
            "index":137
        },
        {
            "x":279,
            "y":843,
            "w":22,
            "h":21,
            "index":138
        },
        {
            "x":645,
            "y":852,
            "w":254,
            "h":111,
            "index":139
        },
        {
            "x":0,
            "y":858,
            "w":39,
            "h":69,
            "index":140
        },
        {
            "x":956,
            "y":858,
            "w":68,
            "h":66,
            "index":141
        },
        {
            "x":159,
            "y":863,
            "w":44,
            "h":38,
            "index":142
        },
        {
            "x":1018,
            "y":864,
            "w":6,
            "h":46,
            "index":143
        },
        {
            "x":292,
            "y":866,
            "w":7,
            "h":10,
            "index":144
        },
        {
            "x":0,
            "y":880,
            "w":26,
            "h":43,
            "index":145
        },
        {
            "x":979,
            "y":880,
            "w":20,
            "h":25,
            "index":146
        },
        {
            "x":783,
            "y":883,
            "w":78,
            "h":27,
            "index":147
        },
        {
            "x":0,
            "y":887,
            "w":175,
            "h":91,
            "index":148
        },
        {
            "x":106,
            "y":896,
            "w":45,
            "h":28,
            "index":149
        },
        {
            "x":674,
            "y":899,
            "w":107,
            "h":34,
            "index":150
        },
        {
            "x":753,
            "y":899,
            "w":111,
            "h":43,
            "index":151
        },
        {
            "x":956,
            "y":903,
            "w":68,
            "h":104,
            "index":152
        },
        {
            "x":0,
            "y":913,
            "w":11,
            "h":11,
            "index":153
        },
        {
            "x":59,
            "y":915,
            "w":16,
            "h":39,
            "index":154
        },
        {
            "x":100,
            "y":921,
            "w":51,
            "h":30,
            "index":155
        },
        {
            "x":105,
            "y":924,
            "w":1,
            "h":1,
            "index":156
        },
        {
            "x":0,
            "y":928,
            "w":53,
            "h":26,
            "index":157
        },
        {
            "x":0,
            "y":948,
            "w":173,
            "h":76,
            "index":158
        }
    ]
}