{
    "image":"game.png",
    "width":1024,
    "height":1024,
    "selectTab":{
        "id":"01"
    },
    "selectColor":{
        "id":"FCCFCA",
        "color":"#FCCFCA"
    },
    "list":[
        {
            "x":0,
            "y":0,
            "w":1024,
            "h":1024,
            "index":0
        },
        {
            "x":524,
            "y":58,
            "w":144,
            "h":199,
            "index":1
        },
        {
            "x":354,
            "y":59,
            "w":136,
            "h":211,
            "index":2
        },
        {
            "x":558,
            "y":97,
            "w":80,
            "h":152,
            "index":3
        },
        {
            "x":388,
            "y":98,
            "w":77,
            "h":164,
            "index":4
        },
        {
            "x":410,
            "y":187,
            "w":34,
            "h":66,
            "index":5
        },
        {
            "x":582,
            "y":187,
            "w":38,
            "h":58,
            "index":6
        },
        {
            "x":256,
            "y":235,
            "w":519,
            "h":406,
            "index":7
        },
        {
            "x":656,
            "y":255,
            "w":5,
            "h":6,
            "index":8
        },
        {
            "x":313,
            "y":335,
            "w":404,
            "h":277,
            "index":9
        },
        {
            "x":550,
            "y":434,
            "w":90,
            "h":113,
            "index":10
        },
        {
            "x":394,
            "y":435,
            "w":90,
            "h":113,
            "index":11
        },
        {
            "x":440,
            "y":460,
            "w":14,
            "h":20,
            "index":12
        },
        {
            "x":579,
            "y":461,
            "w":13,
            "h":19,
            "index":13
        },
        {
            "x":687,
            "y":476,
            "w":24,
            "h":34,
            "index":14
        },
        {
            "x":498,
            "y":503,
            "w":40,
            "h":31,
            "index":15
        },
        {
            "x":663,
            "y":515,
            "w":23,
            "h":30,
            "index":16
        },
        {
            "x":340,
            "y":522,
            "w":29,
            "h":25,
            "index":17
        },
        {
            "x":631,
            "y":545,
            "w":27,
            "h":24,
            "index":18
        },
        {
            "x":374,
            "y":549,
            "w":27,
            "h":27,
            "index":19
        },
        {
            "x":407,
            "y":568,
            "w":36,
            "h":29,
            "index":20
        },
        {
            "x":592,
            "y":568,
            "w":31,
            "h":25,
            "index":21
        },
        {
            "x":546,
            "y":584,
            "w":37,
            "h":15,
            "index":22
        },
        {
            "x":452,
            "y":585,
            "w":41,
            "h":18,
            "index":23
        },
        {
            "x":482,
            "y":593,
            "w":71,
            "h":30,
            "index":24
        },
        {
            "x":502,
            "y":593,
            "w":36,
            "h":18,
            "index":25
        },
        {
            "x":423,
            "y":594,
            "w":76,
            "h":46,
            "index":26
        },
        {
            "x":530,
            "y":594,
            "w":77,
            "h":45,
            "index":27
        },
        {
            "x":439,
            "y":622,
            "w":57,
            "h":25,
            "index":28
        },
        {
            "x":537,
            "y":622,
            "w":53,
            "h":23,
            "index":29
        },
        {
            "x":428,
            "y":624,
            "w":52,
            "h":29,
            "index":30
        },
        {
            "x":499,
            "y":624,
            "w":32,
            "h":6,
            "index":31
        },
        {
            "x":549,
            "y":624,
            "w":53,
            "h":30,
            "index":32
        },
        {
            "x":499,
            "y":630,
            "w":32,
            "h":24,
            "index":33
        },
        {
            "x":340,
            "y":632,
            "w":87,
            "h":139,
            "index":34
        },
        {
            "x":595,
            "y":632,
            "w":96,
            "h":141,
            "index":35
        },
        {
            "x":534,
            "y":644,
            "w":8,
            "h":3,
            "index":36
        },
        {
            "x":580,
            "y":647,
            "w":31,
            "h":10,
            "index":37
        },
        {
            "x":420,
            "y":648,
            "w":32,
            "h":9,
            "index":38
        },
        {
            "x":444,
            "y":649,
            "w":59,
            "h":59,
            "index":39
        },
        {
            "x":527,
            "y":649,
            "w":58,
            "h":63,
            "index":40
        },
        {
            "x":506,
            "y":656,
            "w":18,
            "h":1,
            "index":41
        },
        {
            "x":415,
            "y":659,
            "w":47,
            "h":38,
            "index":42
        },
        {
            "x":567,
            "y":659,
            "w":49,
            "h":38,
            "index":43
        },
        {
            "x":492,
            "y":660,
            "w":47,
            "h":149,
            "index":44
        },
        {
            "x":477,
            "y":675,
            "w":13,
            "h":22,
            "index":45
        },
        {
            "x":541,
            "y":679,
            "w":10,
            "h":18,
            "index":46
        },
        {
            "x":382,
            "y":699,
            "w":54,
            "h":75,
            "index":47
        },
        {
            "x":541,
            "y":699,
            "w":39,
            "h":42,
            "index":48
        },
        {
            "x":421,
            "y":700,
            "w":22,
            "h":17,
            "index":49
        },
        {
            "x":432,
            "y":700,
            "w":52,
            "h":47,
            "index":50
        },
        {
            "x":541,
            "y":700,
            "w":6,
            "h":6,
            "index":51
        },
        {
            "x":541,
            "y":700,
            "w":69,
            "h":78,
            "index":52
        },
        {
            "x":420,
            "y":701,
            "w":70,
            "h":96,
            "index":53
        },
        {
            "x":541,
            "y":733,
            "w":58,
            "h":76,
            "index":54
        },
        {
            "x":421,
            "y":735,
            "w":69,
            "h":74,
            "index":55
        },
        {
            "x":550,
            "y":759,
            "w":60,
            "h":50,
            "index":56
        },
        {
            "x":374,
            "y":770,
            "w":279,
            "h":143,
            "index":57
        },
        {
            "x":452,
            "y":773,
            "w":38,
            "h":36,
            "index":58
        },
        {
            "x":587,
            "y":787,
            "w":23,
            "h":22,
            "index":59
        },
        {
            "x":421,
            "y":898,
            "w":78,
            "h":43,
            "index":60
        },
        {
            "x":520,
            "y":901,
            "w":82,
            "h":40,
            "index":61
        }
    ]
}