{
    "image":"game.png",
    "width":1024,
    "height":1024,
    "selectTab":{
        "id":"01"
    },
    "selectColor":{
        "id":"FCCFCA",
        "color":"#FCCFCA"
    },
    "list":[
        {
            "x":0,
            "y":0,
            "w":1024,
            "h":1024,
            "index":0
        },
        {
            "x":521,
            "y":43,
            "w":150,
            "h":208,
            "index":1
        },
        {
            "x":343,
            "y":45,
            "w":141,
            "h":218,
            "index":2
        },
        {
            "x":555,
            "y":84,
            "w":84,
            "h":158,
            "index":3
        },
        {
            "x":378,
            "y":86,
            "w":81,
            "h":169,
            "index":4
        },
        {
            "x":402,
            "y":177,
            "w":35,
            "h":69,
            "index":5
        },
        {
            "x":581,
            "y":178,
            "w":40,
            "h":59,
            "index":6
        },
        {
            "x":240,
            "y":226,
            "w":545,
            "h":432,
            "index":7
        },
        {
            "x":659,
            "y":248,
            "w":4,
            "h":6,
            "index":8
        },
        {
            "x":299,
            "y":330,
            "w":425,
            "h":300,
            "index":9
        },
        {
            "x":549,
            "y":434,
            "w":94,
            "h":118,
            "index":10
        },
        {
            "x":386,
            "y":435,
            "w":93,
            "h":117,
            "index":11
        },
        {
            "x":434,
            "y":461,
            "w":14,
            "h":21,
            "index":12
        },
        {
            "x":580,
            "y":462,
            "w":13,
            "h":20,
            "index":13
        },
        {
            "x":692,
            "y":478,
            "w":25,
            "h":36,
            "index":14
        },
        {
            "x":494,
            "y":506,
            "w":42,
            "h":32,
            "index":15
        },
        {
            "x":666,
            "y":518,
            "w":25,
            "h":31,
            "index":16
        },
        {
            "x":328,
            "y":525,
            "w":31,
            "h":26,
            "index":17
        },
        {
            "x":633,
            "y":549,
            "w":29,
            "h":25,
            "index":18
        },
        {
            "x":364,
            "y":553,
            "w":28,
            "h":28,
            "index":19
        },
        {
            "x":398,
            "y":574,
            "w":39,
            "h":29,
            "index":20
        },
        {
            "x":591,
            "y":574,
            "w":34,
            "h":26,
            "index":21
        },
        {
            "x":445,
            "y":590,
            "w":44,
            "h":26,
            "index":22
        },
        {
            "x":544,
            "y":590,
            "w":40,
            "h":23,
            "index":23
        },
        {
            "x":498,
            "y":599,
            "w":38,
            "h":20,
            "index":24
        },
        {
            "x":531,
            "y":642,
            "w":108,
            "h":30,
            "index":25
        },
        {
            "x":376,
            "y":643,
            "w":112,
            "h":29,
            "index":26
        },
        {
            "x":329,
            "y":646,
            "w":162,
            "h":186,
            "index":27
        },
        {
            "x":526,
            "y":647,
            "w":161,
            "h":185,
            "index":28
        },
        {
            "x":490,
            "y":651,
            "w":39,
            "h":11,
            "index":29
        },
        {
            "x":484,
            "y":661,
            "w":51,
            "h":10,
            "index":30
        },
        {
            "x":486,
            "y":669,
            "w":46,
            "h":25,
            "index":31
        },
        {
            "x":447,
            "y":671,
            "w":41,
            "h":16,
            "index":32
        },
        {
            "x":531,
            "y":673,
            "w":34,
            "h":14,
            "index":33
        },
        {
            "x":322,
            "y":686,
            "w":49,
            "h":53,
            "index":34
        },
        {
            "x":644,
            "y":690,
            "w":50,
            "h":52,
            "index":35
        },
        {
            "x":305,
            "y":695,
            "w":63,
            "h":65,
            "index":36
        },
        {
            "x":477,
            "y":695,
            "w":29,
            "h":37,
            "index":37
        },
        {
            "x":431,
            "y":696,
            "w":52,
            "h":113,
            "index":38
        },
        {
            "x":501,
            "y":696,
            "w":14,
            "h":10,
            "index":39
        },
        {
            "x":509,
            "y":696,
            "w":29,
            "h":36,
            "index":40
        },
        {
            "x":532,
            "y":696,
            "w":53,
            "h":113,
            "index":41
        },
        {
            "x":647,
            "y":699,
            "w":63,
            "h":66,
            "index":42
        },
        {
            "x":439,
            "y":719,
            "w":138,
            "h":94,
            "index":43
        },
        {
            "x":505,
            "y":720,
            "w":5,
            "h":7,
            "index":44
        },
        {
            "x":289,
            "y":721,
            "w":54,
            "h":61,
            "index":45
        },
        {
            "x":673,
            "y":727,
            "w":48,
            "h":53,
            "index":46
        },
        {
            "x":498,
            "y":729,
            "w":18,
            "h":16,
            "index":47
        },
        {
            "x":448,
            "y":811,
            "w":120,
            "h":11,
            "index":48
        },
        {
            "x":357,
            "y":815,
            "w":293,
            "h":119,
            "index":49
        },
        {
            "x":447,
            "y":820,
            "w":49,
            "h":16,
            "index":50
        },
        {
            "x":518,
            "y":821,
            "w":51,
            "h":15,
            "index":51
        },
        {
            "x":498,
            "y":823,
            "w":17,
            "h":3,
            "index":52
        },
        {
            "x":495,
            "y":828,
            "w":24,
            "h":3,
            "index":53
        },
        {
            "x":494,
            "y":833,
            "w":27,
            "h":4,
            "index":54
        },
        {
            "x":409,
            "y":917,
            "w":83,
            "h":45,
            "index":55
        },
        {
            "x":514,
            "y":920,
            "w":87,
            "h":43,
            "index":56
        }
    ]
}