{
    "image":"game.png",
    "width":1024,
    "height":1024,
    "selectTab":{
        "id":"01"
    },
    "selectColor":{
        "id":"FCCFCA",
        "color":"#FCCFCA"
    },
    "list":[
        {
            "x":1,
            "y":0,
            "w":588,
            "h":430,
            "index":0
        },
        {
            "x":11,
            "y":0,
            "w":222,
            "h":103,
            "index":1
        },
        {
            "x":609,
            "y":0,
            "w":291,
            "h":411,
            "index":2
        },
        {
            "x":659,
            "y":0,
            "w":245,
            "h":331,
            "index":3
        },
        {
            "x":891,
            "y":0,
            "w":40,
            "h":6,
            "index":4
        },
        {
            "x":789,
            "y":0,
            "w":234,
            "h":471,
            "index":5
        },
        {
            "x":498,
            "y":2,
            "w":158,
            "h":237,
            "index":6
        },
        {
            "x":786,
            "y":5,
            "w":103,
            "h":97,
            "index":7
        },
        {
            "x":299,
            "y":14,
            "w":147,
            "h":248,
            "index":8
        },
        {
            "x":778,
            "y":20,
            "w":13,
            "h":8,
            "index":9
        },
        {
            "x":782,
            "y":27,
            "w":10,
            "h":9,
            "index":10
        },
        {
            "x":927,
            "y":29,
            "w":91,
            "h":98,
            "index":11
        },
        {
            "x":922,
            "y":45,
            "w":12,
            "h":7,
            "index":12
        },
        {
            "x":824,
            "y":48,
            "w":47,
            "h":39,
            "index":13
        },
        {
            "x":926,
            "y":52,
            "w":9,
            "h":7,
            "index":14
        },
        {
            "x":534,
            "y":55,
            "w":93,
            "h":181,
            "index":15
        },
        {
            "x":336,
            "y":69,
            "w":87,
            "h":185,
            "index":16
        },
        {
            "x":963,
            "y":78,
            "w":39,
            "h":39,
            "index":17
        },
        {
            "x":769,
            "y":93,
            "w":17,
            "h":42,
            "index":18
        },
        {
            "x":824,
            "y":103,
            "w":26,
            "h":7,
            "index":19
        },
        {
            "x":937,
            "y":111,
            "w":20,
            "h":53,
            "index":20
        },
        {
            "x":818,
            "y":113,
            "w":3,
            "h":7,
            "index":21
        },
        {
            "x":959,
            "y":124,
            "w":17,
            "h":30,
            "index":22
        },
        {
            "x":977,
            "y":127,
            "w":20,
            "h":15,
            "index":23
        },
        {
            "x":949,
            "y":132,
            "w":74,
            "h":139,
            "index":24
        },
        {
            "x":747,
            "y":152,
            "w":49,
            "h":46,
            "index":25
        },
        {
            "x":560,
            "y":154,
            "w":44,
            "h":78,
            "index":26
        },
        {
            "x":357,
            "y":162,
            "w":46,
            "h":79,
            "index":27
        },
        {
            "x":128,
            "y":175,
            "w":47,
            "h":85,
            "index":28
        },
        {
            "x":79,
            "y":177,
            "w":44,
            "h":83,
            "index":29
        },
        {
            "x":848,
            "y":180,
            "w":29,
            "h":60,
            "index":30
        },
        {
            "x":736,
            "y":197,
            "w":51,
            "h":29,
            "index":31
        },
        {
            "x":121,
            "y":203,
            "w":11,
            "h":49,
            "index":32
        },
        {
            "x":977,
            "y":208,
            "w":24,
            "h":50,
            "index":33
        },
        {
            "x":198,
            "y":216,
            "w":587,
            "h":470,
            "index":34
        },
        {
            "x":955,
            "y":239,
            "w":68,
            "h":98,
            "index":35
        },
        {
            "x":798,
            "y":245,
            "w":49,
            "h":23,
            "index":36
        },
        {
            "x":957,
            "y":306,
            "w":66,
            "h":113,
            "index":37
        },
        {
            "x":1,
            "y":318,
            "w":200,
            "h":259,
            "index":38
        },
        {
            "x":582,
            "y":405,
            "w":441,
            "h":583,
            "index":39
        },
        {
            "x":536,
            "y":435,
            "w":99,
            "h":130,
            "index":40
        },
        {
            "x":351,
            "y":437,
            "w":102,
            "h":129,
            "index":41
        },
        {
            "x":402,
            "y":474,
            "w":15,
            "h":20,
            "index":42
        },
        {
            "x":570,
            "y":474,
            "w":15,
            "h":20,
            "index":43
        },
        {
            "x":26,
            "y":480,
            "w":93,
            "h":77,
            "index":44
        },
        {
            "x":1,
            "y":509,
            "w":340,
            "h":515,
            "index":45
        },
        {
            "x":470,
            "y":516,
            "w":47,
            "h":36,
            "index":46
        },
        {
            "x":642,
            "y":547,
            "w":27,
            "h":24,
            "index":47
        },
        {
            "x":319,
            "y":563,
            "w":28,
            "h":27,
            "index":48
        },
        {
            "x":601,
            "y":578,
            "w":33,
            "h":27,
            "index":49
        },
        {
            "x":818,
            "y":586,
            "w":51,
            "h":81,
            "index":50
        },
        {
            "x":356,
            "y":589,
            "w":30,
            "h":24,
            "index":51
        },
        {
            "x":782,
            "y":590,
            "w":35,
            "h":63,
            "index":52
        },
        {
            "x":554,
            "y":602,
            "w":38,
            "h":23,
            "index":53
        },
        {
            "x":397,
            "y":608,
            "w":42,
            "h":23,
            "index":54
        },
        {
            "x":499,
            "y":618,
            "w":41,
            "h":19,
            "index":55
        },
        {
            "x":446,
            "y":619,
            "w":42,
            "h":20,
            "index":56
        },
        {
            "x":193,
            "y":623,
            "w":126,
            "h":86,
            "index":57
        },
        {
            "x":193,
            "y":644,
            "w":85,
            "h":220,
            "index":58
        },
        {
            "x":800,
            "y":649,
            "w":37,
            "h":22,
            "index":59
        },
        {
            "x":294,
            "y":651,
            "w":90,
            "h":75,
            "index":60
        },
        {
            "x":318,
            "y":656,
            "w":397,
            "h":341,
            "index":61
        },
        {
            "x":287,
            "y":668,
            "w":19,
            "h":20,
            "index":62
        },
        {
            "x":256,
            "y":674,
            "w":137,
            "h":131,
            "index":63
        },
        {
            "x":753,
            "y":692,
            "w":27,
            "h":37,
            "index":64
        },
        {
            "x":870,
            "y":711,
            "w":38,
            "h":51,
            "index":65
        },
        {
            "x":731,
            "y":714,
            "w":38,
            "h":26,
            "index":66
        },
        {
            "x":791,
            "y":717,
            "w":26,
            "h":43,
            "index":67
        },
        {
            "x":910,
            "y":720,
            "w":32,
            "h":41,
            "index":68
        },
        {
            "x":771,
            "y":729,
            "w":11,
            "h":17,
            "index":69
        },
        {
            "x":41,
            "y":731,
            "w":386,
            "h":293,
            "index":70
        },
        {
            "x":187,
            "y":751,
            "w":67,
            "h":40,
            "index":71
        },
        {
            "x":923,
            "y":752,
            "w":48,
            "h":29,
            "index":72
        },
        {
            "x":848,
            "y":754,
            "w":44,
            "h":30,
            "index":73
        },
        {
            "x":894,
            "y":757,
            "w":29,
            "h":30,
            "index":74
        },
        {
            "x":918,
            "y":779,
            "w":43,
            "h":39,
            "index":75
        },
        {
            "x":865,
            "y":780,
            "w":37,
            "h":41,
            "index":76
        },
        {
            "x":184,
            "y":782,
            "w":70,
            "h":68,
            "index":77
        },
        {
            "x":812,
            "y":784,
            "w":33,
            "h":50,
            "index":78
        },
        {
            "x":271,
            "y":785,
            "w":40,
            "h":47,
            "index":79
        },
        {
            "x":263,
            "y":786,
            "w":112,
            "h":74,
            "index":80
        },
        {
            "x":903,
            "y":788,
            "w":26,
            "h":45,
            "index":81
        },
        {
            "x":143,
            "y":791,
            "w":9,
            "h":5,
            "index":82
        },
        {
            "x":769,
            "y":792,
            "w":42,
            "h":44,
            "index":83
        },
        {
            "x":666,
            "y":802,
            "w":56,
            "h":44,
            "index":84
        },
        {
            "x":310,
            "y":807,
            "w":19,
            "h":12,
            "index":85
        },
        {
            "x":958,
            "y":810,
            "w":41,
            "h":69,
            "index":86
        },
        {
            "x":797,
            "y":828,
            "w":32,
            "h":32,
            "index":87
        },
        {
            "x":831,
            "y":828,
            "w":39,
            "h":28,
            "index":88
        },
        {
            "x":82,
            "y":830,
            "w":20,
            "h":9,
            "index":89
        },
        {
            "x":753,
            "y":834,
            "w":45,
            "h":31,
            "index":90
        },
        {
            "x":288,
            "y":852,
            "w":32,
            "h":14,
            "index":91
        },
        {
            "x":817,
            "y":853,
            "w":38,
            "h":40,
            "index":92
        },
        {
            "x":894,
            "y":854,
            "w":61,
            "h":32,
            "index":93
        },
        {
            "x":788,
            "y":857,
            "w":28,
            "h":45,
            "index":94
        },
        {
            "x":718,
            "y":861,
            "w":56,
            "h":84,
            "index":95
        },
        {
            "x":130,
            "y":864,
            "w":17,
            "h":8,
            "index":96
        },
        {
            "x":635,
            "y":883,
            "w":56,
            "h":47,
            "index":97
        },
        {
            "x":274,
            "y":885,
            "w":16,
            "h":6,
            "index":98
        },
        {
            "x":962,
            "y":887,
            "w":37,
            "h":56,
            "index":99
        },
        {
            "x":827,
            "y":902,
            "w":39,
            "h":46,
            "index":100
        },
        {
            "x":204,
            "y":903,
            "w":24,
            "h":10,
            "index":101
        },
        {
            "x":622,
            "y":905,
            "w":17,
            "h":17,
            "index":102
        },
        {
            "x":906,
            "y":906,
            "w":52,
            "h":41,
            "index":103
        },
        {
            "x":499,
            "y":915,
            "w":371,
            "h":109,
            "index":104
        },
        {
            "x":800,
            "y":921,
            "w":24,
            "h":30,
            "index":105
        },
        {
            "x":346,
            "y":928,
            "w":55,
            "h":69,
            "index":106
        },
        {
            "x":867,
            "y":938,
            "w":36,
            "h":47,
            "index":107
        },
        {
            "x":977,
            "y":946,
            "w":22,
            "h":35,
            "index":108
        },
        {
            "x":901,
            "y":949,
            "w":40,
            "h":39,
            "index":109
        },
        {
            "x":254,
            "y":952,
            "w":22,
            "h":11,
            "index":110
        },
        {
            "x":422,
            "y":958,
            "w":106,
            "h":66,
            "index":111
        },
        {
            "x":618,
            "y":969,
            "w":29,
            "h":12,
            "index":112
        },
        {
            "x":923,
            "y":974,
            "w":100,
            "h":50,
            "index":113
        },
        {
            "x":842,
            "y":975,
            "w":39,
            "h":30,
            "index":114
        },
        {
            "x":725,
            "y":976,
            "w":21,
            "h":47,
            "index":115
        },
        {
            "x":742,
            "y":978,
            "w":28,
            "h":46,
            "index":116
        },
        {
            "x":880,
            "y":981,
            "w":33,
            "h":32,
            "index":117
        },
        {
            "x":913,
            "y":986,
            "w":39,
            "h":31,
            "index":118
        },
        {
            "x":184,
            "y":1000,
            "w":11,
            "h":24,
            "index":119
        },
        {
            "x":860,
            "y":1006,
            "w":33,
            "h":18,
            "index":120
        },
        {
            "x":895,
            "y":1009,
            "w":28,
            "h":15,
            "index":121
        },
        {
            "x":203,
            "y":1013,
            "w":13,
            "h":11,
            "index":122
        },
        {
            "x":972,
            "y":1019,
            "w":15,
            "h":5,
            "index":123
        },
        {
            "x":768,
            "y":1023,
            "w":10,
            "h":1,
            "index":124
        }
    ]
}